00:00:00.034 |I| Configuration LogValueChange: ResScale set to: 1
00:00:00.036 |I| Configuration LogValueChange: ResScaleCustom set to: 1
00:00:00.036 |I| Configuration LogValueChange: MaxAnisotropy set to: -1
00:00:00.038 |I| Configuration LogValueChange: AspectRatio set to: Fixed16x9
00:00:01.240 |I| Configuration LogValueChange: PreferredGpu set to: 
00:00:01.244 |I| Configuration LogValueChange: Language set to: AmericanEnglish
00:00:01.246 |I| Configuration LogValueChange: Region set to: USA
00:00:01.246 |I| Configuration LogValueChange: TimeZone set to: UTC
00:00:01.247 |I| Configuration LogValueChange: EnableDockedMode set to: True
00:00:01.414 |I| Configuration LogValueChange: CustomVSyncInterval set to: 120
00:00:01.414 |I| Configuration LogValueChange: EnableShaderCache set to: True
00:00:01.414 |I| Configuration LogValueChange: EnableMacroHLE set to: True
00:00:01.417 |I| Configuration LogValueChange: ScalingFilterLevel set to: 80
00:00:01.417 |I| Configuration LogValueChange: EnablePtc set to: True
00:00:01.417 |I| Configuration LogValueChange: EnableInternetAccess set to: True
00:00:01.417 |I| Configuration LogValueChange: EnableFsIntegrityChecks set to: True
00:00:01.420 |I| Configuration LogValueChange: AudioBackend set to: SDL3
00:00:01.420 |I| Configuration LogValueChange: AudioVolume set to: 1
00:00:01.422 |I| Configuration LogValueChange: MemoryManagerMode set to: HostMappedUnsafe
00:00:01.423 |I| Configuration LogValueChange: MatchSystemTime set to: True
00:00:01.423 |I| Configuration LogValueChange: IgnoreMissingServices set to: True
00:00:01.424 |I| Configuration LogValueChange: LdnPassphrase set to: 
00:00:01.424 |I| Configuration LogValueChange: LdnServer set to: 
00:00:01.424 |I| Configuration LogValueChange: LanPlayServer set to: 
00:00:01.424 |I| Configuration LogValueChange: LanPlayVirtualIp set to: 
00:00:01.437 |I| Configuration LogValueChange: GdbStubPort set to: 55555
00:00:02.307 |N| Application PrintSplash:    ___                 __    _              
00:00:02.307 |N| Application PrintSplash:   / _ \  __ __ __ __  / /   (_)  ___   ___ _
00:00:02.307 |N| Application PrintSplash:  / , _/ / // // // / / _ \ / /  / _ \ / _ `/
00:00:02.307 |N| Application PrintSplash: /_/|_|  \_, / \_,_/ /_.__//_/  /_//_/ \_, / 
00:00:02.307 |N| Application PrintSplash:        /___/                         /___/  
00:00:02.307 |N| Application PrintSplash: 
00:00:02.307 |N| Application PrintSplash:     _   __          __                 __    
00:00:02.307 |N| Application PrintSplash:    / | / /__  _  __/ /____  ____  ____/ /___ 
00:00:02.307 |N| Application PrintSplash:   /  |/ / _ \| |/_/ __/ _ \/ __ \/ __  / __ \
00:00:02.307 |N| Application PrintSplash:  / /|  /  __/>  </ /_/  __/ / / / /_/ / /_/ /
00:00:02.307 |N| Application PrintSplash: /_/ |_/\___/_/|_|\__/\___/_/ /_/\__,_/\____/ 
00:00:02.307 |N| Application PrintSplash: 
00:00:02.307 |N| Application PrintSplash: bing bing wahoo.
00:00:02.307 |N| Application PrintSplash: 
00:00:02.307 |N| Application PrintSystemInfo: Nextendo Network: play MK8 Deluxe, Splatoon 2 and Smash Ultimate online.
00:00:02.307 |N| Application PrintSystemInfo: Ryujinx Nextendo Version: 1.0.0-dirty
00:00:02.307 |N| Application PrintSystemInfo: .NET Runtime: .NET 10.0.11
00:00:02.315 |N| Application PrintSystemInfo: Operating System: Microsoft Windows 10.0.19045 (X64)
00:00:02.315 |N| Application PrintSystemInfo: CPU: AMD Ryzen 3 3200G with Radeon Vega Graphics ; 4 logical
00:00:02.317 |N| Application PrintSystemInfo: RAM: Total 6.9 GiB ; Available 0.7 GiB
00:00:02.324 |N| Application PrintSystemInfo: Logs Enabled: Info, Warning, Error, Guest, Stub
00:00:02.324 |N| Application PrintSystemInfo: Launch Mode: Custom Path C:\Users\[redacted]\Downloads\MHRise-NPLN-Lab-v0.3-ready\MHRise-NPLN-Lab-v0.3-ready\lab-runtime
00:00:10.666 |I| Application DemarrerPousseePeriodique: [Nextendo] history: poussee periodique toutes les 5 min
00:00:20.743 |W| GUI.ApplicationLibraryThread Application GetApplicationFromNsp: Encountered an error while trying to load applications from file 'C:\Users\[redacted]\Downloads\Monster Hunter Rise [NSP]\MONSTER HUNTER RISE SUNBREAK v16.0.1 [0100B04011742800][USA][v2162688].nsp': System.IO.InvalidDataException: Unable to decrypt NCA header. The file is not an NCA file or the header key is incorrect.
   at LibHac.Tools.FsSystem.NcaUtils.NcaHeader.DecryptHeader(KeySet keySet, IStorage storage)
   at LibHac.Tools.FsSystem.NcaUtils.Nca..ctor(KeySet keySet, IStorage storage)
   at Ryujinx.Ava.Systems.AppLibrary.ApplicationLibrary.GetApplicationFromNsp(PartitionFileSystem pfs, String filePath) in C:\Users\[redacted]\Downloads\MHRise-NPLN-Lab-v0.2\Ryujinx-Nextendo-1.7.9\Ryujinx-Nextendo-1.7.9\src\Ryujinx\Systems\AppLibrary\ApplicationLibrary.cs:line 219
00:00:20.900 |W| GUI.ApplicationLibraryThread Application GetApplicationFromNsp: Encountered an error while trying to load applications from file 'C:\Users\[redacted]\Downloads\Monster Hunter Rise [NSP]\Monster Hunter Rise [0100B04011742000][v0].nsp': System.IO.InvalidDataException: Unable to decrypt NCA header. The file is not an NCA file or the header key is incorrect.
   at LibHac.Tools.FsSystem.NcaUtils.NcaHeader.DecryptHeader(KeySet keySet, IStorage storage)
   at LibHac.Tools.FsSystem.NcaUtils.Nca..ctor(KeySet keySet, IStorage storage)
   at Ryujinx.Ava.Systems.AppLibrary.ApplicationLibrary.GetApplicationFromNsp(PartitionFileSystem pfs, String filePath) in C:\Users\[redacted]\Downloads\MHRise-NPLN-Lab-v0.2\Ryujinx-Nextendo-1.7.9\Ryujinx-Nextendo-1.7.9\src\Ryujinx\Systems\AppLibrary\ApplicationLibrary.cs:line 219
00:00:20.915 |W| GUI.ApplicationLibraryThread Application GetApplicationFromNsp: Encountered an error while trying to load applications from file 'C:\Users\[redacted]\Downloads\Monster Hunter Rise [NSP]\Monster Hunter Rise [0100B04011742800][v2228224].nsp': System.IO.InvalidDataException: Unable to decrypt NCA header. The file is not an NCA file or the header key is incorrect.
   at LibHac.Tools.FsSystem.NcaUtils.NcaHeader.DecryptHeader(KeySet keySet, IStorage storage)
   at LibHac.Tools.FsSystem.NcaUtils.Nca..ctor(KeySet keySet, IStorage storage)
   at Ryujinx.Ava.Systems.AppLibrary.ApplicationLibrary.GetApplicationFromNsp(PartitionFileSystem pfs, String filePath) in C:\Users\[redacted]\Downloads\MHRise-NPLN-Lab-v0.2\Ryujinx-Nextendo-1.7.9\Ryujinx-Nextendo-1.7.9\src\Ryujinx\Systems\AppLibrary\ApplicationLibrary.cs:line 219
00:00:20.930 |W| GUI.ApplicationLibraryThread Application GetApplicationFromNsp: Encountered an error while trying to load applications from file 'C:\Users\[redacted]\Downloads\Monster Hunter Rise [NSP]\264 DLC\Monster Hunter Rise [DLC 15 hairstyle] [0100B0401174306F][v0].nsp': System.IO.InvalidDataException: Unable to decrypt NCA header. The file is not an NCA file or the header key is incorrect.
   at LibHac.Tools.FsSystem.NcaUtils.NcaHeader.DecryptHeader(KeySet keySet, IStorage storage)
   at LibHac.Tools.FsSystem.NcaUtils.Nca..ctor(KeySet keySet, IStorage storage)
   at Ryujinx.Ava.Systems.AppLibrary.ApplicationLibrary.GetApplicationFromNsp(PartitionFileSystem pfs, String filePath) in C:\Users\[redacted]\Downloads\MHRise-NPLN-Lab-v0.2\Ryujinx-Nextendo-1.7.9\Ryujinx-Nextendo-1.7.9\src\Ryujinx\Systems\AppLibrary\ApplicationLibrary.cs:line 219
00:00:20.949 |W| GUI.ApplicationLibraryThread Application GetApplicationFromNsp: Encountered an error while trying to load applications from file 'C:\Users\[redacted]\Downloads\Monster Hunter Rise [NSP]\264 DLC\Monster Hunter Rise [DLC 16 hairstyle] [0100B04011743070][v0].nsp': System.IO.InvalidDataException: Unable to decrypt NCA header. The file is not an NCA file or the header key is incorrect.
   at LibHac.Tools.FsSystem.NcaUtils.NcaHeader.DecryptHeader(KeySet keySet, IStorage storage)
   at LibHac.Tools.FsSystem.NcaUtils.Nca..ctor(KeySet keySet, IStorage storage)
   at Ryujinx.Ava.Systems.AppLibrary.ApplicationLibrary.GetApplicationFromNsp(PartitionFileSystem pfs, String filePath) in C:\Users\[redacted]\Downloads\MHRise-NPLN-Lab-v0.2\Ryujinx-Nextendo-1.7.9\Ryujinx-Nextendo-1.7.9\src\Ryujinx\Systems\AppLibrary\ApplicationLibrary.cs:line 219
00:00:20.962 |W| GUI.ApplicationLibraryThread Application GetApplicationFromNsp: Encountered an error while trying to load applications from file 'C:\Users\[redacted]\Downloads\Monster Hunter Rise [NSP]\264 DLC\Monster Hunter Rise [DLC 17 hairstyle] [0100B04011743071][v0].nsp': System.IO.InvalidDataException: Unable to decrypt NCA header. The file is not an NCA file or the header key is incorrect.
   at LibHac.Tools.FsSystem.NcaUtils.NcaHeader.DecryptHeader(KeySet keySet, IStorage storage)
   at LibHac.Tools.FsSystem.NcaUtils.Nca..ctor(KeySet keySet, IStorage storage)
   at Ryujinx.Ava.Systems.AppLibrary.ApplicationLibrary.GetApplicationFromNsp(PartitionFileSystem pfs, String filePath) in C:\Users\[redacted]\Downloads\MHRise-NPLN-Lab-v0.2\Ryujinx-Nextendo-1.7.9\Ryujinx-Nextendo-1.7.9\src\Ryujinx\Systems\AppLibrary\ApplicationLibrary.cs:line 219
00:00:20.975 |W| GUI.ApplicationLibraryThread Application GetApplicationFromNsp: Encountered an error while trying to load applications from file 'C:\Users\[redacted]\Downloads\Monster Hunter Rise [NSP]\264 DLC\Monster Hunter Rise [DLC Ace Pilot Cohoot Outfit] [0100B04011743035][v0].nsp': System.IO.InvalidDataException: Unable to decrypt NCA header. The file is not an NCA file or the header key is incorrect.
   at LibHac.Tools.FsSystem.NcaUtils.NcaHeader.DecryptHeader(KeySet keySet, IStorage storage)
   at LibHac.Tools.FsSystem.NcaUtils.Nca..ctor(KeySet keySet, IStorage storage)
   at Ryujinx.Ava.Systems.AppLibrary.ApplicationLibrary.GetApplicationFromNsp(PartitionFileSystem pfs, String filePath) in C:\Users\[redacted]\Downloads\MHRise-NPLN-Lab-v0.2\Ryujinx-Nextendo-1.7.9\Ryujinx-Nextendo-1.7.9\src\Ryujinx\Systems\AppLibrary\ApplicationLibrary.cs:line 219
00:00:20.990 |W| GUI.ApplicationLibraryThread Application GetApplicationFromNsp: Encountered an error while trying to load applications from file 'C:\Users\[redacted]\Downloads\Monster Hunter Rise [NSP]\264 DLC\Monster Hunter Rise [DLC Acrobat Gesture Set] [0100B040117430CF][v0].nsp': System.IO.InvalidDataException: Unable to decrypt NCA header. The file is not an NCA file or the header key is incorrect.
   at LibHac.Tools.FsSystem.NcaUtils.NcaHeader.DecryptHeader(KeySet keySet, IStorage storage)
   at LibHac.Tools.FsSystem.NcaUtils.Nca..ctor(KeySet keySet, IStorage storage)
   at Ryujinx.Ava.Systems.AppLibrary.ApplicationLibrary.GetApplicationFromNsp(PartitionFileSystem pfs, String filePath) in C:\Users\[redacted]\Downloads\MHRise-NPLN-Lab-v0.2\Ryujinx-Nextendo-1.7.9\Ryujinx-Nextendo-1.7.9\src\Ryujinx\Systems\AppLibrary\ApplicationLibrary.cs:line 219
00:00:21.003 |W| GUI.ApplicationLibraryThread Application GetApplicationFromNsp: Encountered an error while trying to load applications from file 'C:\Users\[redacted]\Downloads\Monster Hunter Rise [NSP]\264 DLC\Monster Hunter Rise [DLC Airy Short Bob hairstyle] [0100B0401174300E][v0].nsp': System.IO.InvalidDataException: Unable to decrypt NCA header. The file is not an NCA file or the header key is incorrect.
   at LibHac.Tools.FsSystem.NcaUtils.NcaHeader.DecryptHeader(KeySet keySet, IStorage storage)
   at LibHac.Tools.FsSystem.NcaUtils.Nca..ctor(KeySet keySet, IStorage storage)
   at Ryujinx.Ava.Systems.AppLibrary.ApplicationLibrary.GetApplicationFromNsp(PartitionFileSystem pfs, String filePath) in C:\Users\[redacted]\Downloads\MHRise-NPLN-Lab-v0.2\Ryujinx-Nextendo-1.7.9\Ryujinx-Nextendo-1.7.9\src\Ryujinx\Systems\AppLibrary\ApplicationLibrary.cs:line 219
00:00:21.018 |W| GUI.ApplicationLibraryThread Application GetApplicationFromNsp: Encountered an error while trying to load applications from file 'C:\Users\[redacted]\Downloads\Monster Hunter Rise [NSP]\264 DLC\Monster Hunter Rise [DLC Arlow Dreads Hairstyle] [0100B040117430D1][v0].nsp': System.IO.InvalidDataException: Unable to decrypt NCA header. The file is not an NCA file or the header key is incorrect.
   at LibHac.Tools.FsSystem.NcaUtils.NcaHeader.DecryptHeader(KeySet keySet, IStorage storage)
   at LibHac.Tools.FsSystem.NcaUtils.Nca..ctor(KeySet keySet, IStorage storage)
   at Ryujinx.Ava.Systems.AppLibrary.ApplicationLibrary.GetApplicationFromNsp(PartitionFileSystem pfs, String filePath) in C:\Users\[redacted]\Downloads\MHRise-NPLN-Lab-v0.2\Ryujinx-Nextendo-1.7.9\Ryujinx-Nextendo-1.7.9\src\Ryujinx\Systems\AppLibrary\ApplicationLibrary.cs:line 219
00:00:21.030 |W| GUI.ApplicationLibraryThread Application GetApplicationFromNsp: Encountered an error while trying to load applications from file 'C:\Users\[redacted]\Downloads\Monster Hunter Rise [NSP]\264 DLC\Monster Hunter Rise [DLC Arlow Hunter Layered Armor Set] [0100B040117430DF][v0].nsp': System.IO.InvalidDataException: Unable to decrypt NCA header. The file is not an NCA file or the header key is incorrect.
   at LibHac.Tools.FsSystem.NcaUtils.NcaHeader.DecryptHeader(KeySet keySet, IStorage storage)
   at LibHac.Tools.FsSystem.NcaUtils.Nca..ctor(KeySet keySet, IStorage storage)
   at Ryujinx.Ava.Systems.AppLibrary.ApplicationLibrary.GetApplicationFromNsp(PartitionFileSystem pfs, String filePath) in C:\Users\[redacted]\Downloads\MHRise-NPLN-Lab-v0.2\Ryujinx-Nextendo-1.7.9\Ryujinx-Nextendo-1.7.9\src\Ryujinx\Systems\AppLibrary\ApplicationLibrary.cs:line 219
00:00:21.043 |W| GUI.ApplicationLibraryThread Application GetApplicationFromNsp: Encountered an error while trying to load applications from file 'C:\Users\[redacted]\Downloads\Monster Hunter Rise [NSP]\264 DLC\Monster Hunter Rise [DLC Asymmetric Cut hairstyle] [0100B04011743121][v0].nsp': System.IO.InvalidDataException: Unable to decrypt NCA header. The file is not an NCA file or the header key is incorrect.
   at LibHac.Tools.FsSystem.NcaUtils.NcaHeader.DecryptHeader(KeySet keySet, IStorage storage)
   at LibHac.Tools.FsSystem.NcaUtils.Nca..ctor(KeySet keySet, IStorage storage)
   at Ryujinx.Ava.Systems.AppLibrary.ApplicationLibrary.GetApplicationFromNsp(PartitionFileSystem pfs, String filePath) in C:\Users\[redacted]\Downloads\MHRise-NPLN-Lab-v0.2\Ryujinx-Nextendo-1.7.9\Ryujinx-Nextendo-1.7.9\src\Ryujinx\Systems\AppLibrary\ApplicationLibrary.cs:line 219
00:00:21.057 |W| GUI.ApplicationLibraryThread Application GetApplicationFromNsp: Encountered an error while trying to load applications from file 'C:\Users\[redacted]\Downloads\Monster Hunter Rise [NSP]\264 DLC\Monster Hunter Rise [DLC Attack Pose Set 2] [0100B040117430F0][v0].nsp': System.IO.InvalidDataException: Unable to decrypt NCA header. The file is not an NCA file or the header key is incorrect.
   at LibHac.Tools.FsSystem.NcaUtils.NcaHeader.DecryptHeader(KeySet keySet, IStorage storage)
   at LibHac.Tools.FsSystem.NcaUtils.Nca..ctor(KeySet keySet, IStorage storage)
   at Ryujinx.Ava.Systems.AppLibrary.ApplicationLibrary.GetApplicationFromNsp(PartitionFileSystem pfs, String filePath) in C:\Users\[redacted]\Downloads\MHRise-NPLN-Lab-v0.2\Ryujinx-Nextendo-1.7.9\Ryujinx-Nextendo-1.7.9\src\Ryujinx\Systems\AppLibrary\ApplicationLibrary.cs:line 219
00:00:21.068 |W| GUI.ApplicationLibraryThread Application GetApplicationFromNsp: Encountered an error while trying to load applications from file 'C:\Users\[redacted]\Downloads\Monster Hunter Rise [NSP]\264 DLC\Monster Hunter Rise [DLC Attack pose set] [0100B04011743018][v0].nsp': System.IO.InvalidDataException: Unable to decrypt NCA header. The file is not an NCA file or the header key is incorrect.
   at LibHac.Tools.FsSystem.NcaUtils.NcaHeader.DecryptHeader(KeySet keySet, IStorage storage)
   at LibHac.Tools.FsSystem.NcaUtils.Nca..ctor(KeySet keySet, IStorage storage)
   at Ryujinx.Ava.Systems.AppLibrary.ApplicationLibrary.GetApplicationFromNsp(PartitionFileSystem pfs, String filePath) in C:\Users\[redacted]\Downloads\MHRise-NPLN-Lab-v0.2\Ryujinx-Nextendo-1.7.9\Ryujinx-Nextendo-1.7.9\src\Ryujinx\Systems\AppLibrary\ApplicationLibrary.cs:line 219
00:00:21.081 |W| GUI.ApplicationLibraryThread Application GetApplicationFromNsp: Encountered an error while trying to load applications from file 'C:\Users\[redacted]\Downloads\Monster Hunter Rise [NSP]\264 DLC\Monster Hunter Rise [DLC Bahari Locks hairstyle] [0100B04011743120][v0].nsp': System.IO.InvalidDataException: Unable to decrypt NCA header. The file is not an NCA file or the header key is incorrect.
   at LibHac.Tools.FsSystem.NcaUtils.NcaHeader.DecryptHeader(KeySet keySet, IStorage storage)
   at LibHac.Tools.FsSystem.NcaUtils.Nca..ctor(KeySet keySet, IStorage storage)
   at Ryujinx.Ava.Systems.AppLibrary.ApplicationLibrary.GetApplicationFromNsp(PartitionFileSystem pfs, String filePath) in C:\Users\[redacted]\Downloads\MHRise-NPLN-Lab-v0.2\Ryujinx-Nextendo-1.7.9\Ryujinx-Nextendo-1.7.9\src\Ryujinx\Systems\AppLibrary\ApplicationLibrary.cs:line 219
00:00:21.093 |W| GUI.ApplicationLibraryThread Application GetApplicationFromNsp: Encountered an error while trying to load applications from file 'C:\Users\[redacted]\Downloads\Monster Hunter Rise [NSP]\264 DLC\Monster Hunter Rise [DLC Beachy Waves hairstyle] [0100B0401174300F][v0].nsp': System.IO.InvalidDataException: Unable to decrypt NCA header. The file is not an NCA file or the header key is incorrect.
   at LibHac.Tools.FsSystem.NcaUtils.NcaHeader.DecryptHeader(KeySet keySet, IStorage storage)
   at LibHac.Tools.FsSystem.NcaUtils.Nca..ctor(KeySet keySet, IStorage storage)
   at Ryujinx.Ava.Systems.AppLibrary.ApplicationLibrary.GetApplicationFromNsp(PartitionFileSystem pfs, String filePath) in C:\Users\[redacted]\Downloads\MHRise-NPLN-Lab-v0.2\Ryujinx-Nextendo-1.7.9\Ryujinx-Nextendo-1.7.9\src\Ryujinx\Systems\AppLibrary\ApplicationLibrary.cs:line 219
00:00:21.108 |W| GUI.ApplicationLibraryThread Application GetApplicationFromNsp: Encountered an error while trying to load applications from file 'C:\Users\[redacted]\Downloads\Monster Hunter Rise [NSP]\264 DLC\Monster Hunter Rise [DLC Bell Collar Palico Layered Armor] [0100B04011743038][v0].nsp': System.IO.InvalidDataException: Unable to decrypt NCA header. The file is not an NCA file or the header key is incorrect.
   at LibHac.Tools.FsSystem.NcaUtils.NcaHeader.DecryptHeader(KeySet keySet, IStorage storage)
   at LibHac.Tools.FsSystem.NcaUtils.Nca..ctor(KeySet keySet, IStorage storage)
   at Ryujinx.Ava.Systems.AppLibrary.ApplicationLibrary.GetApplicationFromNsp(PartitionFileSystem pfs, String filePath) in C:\Users\[redacted]\Downloads\MHRise-NPLN-Lab-v0.2\Ryujinx-Nextendo-1.7.9\Ryujinx-Nextendo-1.7.9\src\Ryujinx\Systems\AppLibrary\ApplicationLibrary.cs:line 219
00:00:21.123 |W| GUI.ApplicationLibraryThread Application GetApplicationFromNsp: Encountered an error while trying to load applications from file 'C:\Users\[redacted]\Downloads\Monster Hunter Rise [NSP]\264 DLC\Monster Hunter Rise [DLC Benevolent Bandage Hunter Layered Armor Piece] [0100B0401174307E][v0].nsp': System.IO.InvalidDataException: Unable to decrypt NCA header. The file is not an NCA file or the header key is incorrect.
   at LibHac.Tools.FsSystem.NcaUtils.NcaHeader.DecryptHeader(KeySet keySet, IStorage storage)
   at LibHac.Tools.FsSystem.NcaUtils.Nca..ctor(KeySet keySet, IStorage storage)
   at Ryujinx.Ava.Systems.AppLibrary.ApplicationLibrary.GetApplicationFromNsp(PartitionFileSystem pfs, String filePath) in C:\Users\[redacted]\Downloads\MHRise-NPLN-Lab-v0.2\Ryujinx-Nextendo-1.7.9\Ryujinx-Nextendo-1.7.9\src\Ryujinx\Systems\AppLibrary\ApplicationLibrary.cs:line 219
00:00:21.138 |W| GUI.ApplicationLibraryThread Application GetApplicationFromNsp: Encountered an error while trying to load applications from file 'C:\Users\[redacted]\Downloads\Monster Hunter Rise [NSP]\264 DLC\Monster Hunter Rise [DLC BGM Kamura Village Piano Version] [0100B0401174302D][v0].nsp': System.IO.InvalidDataException: Unable to decrypt NCA header. The file is not an NCA file or the header key is incorrect.
   at LibHac.Tools.FsSystem.NcaUtils.NcaHeader.DecryptHeader(KeySet keySet, IStorage storage)
   at LibHac.Tools.FsSystem.NcaUtils.Nca..ctor(KeySet keySet, IStorage storage)
   at Ryujinx.Ava.Systems.AppLibrary.ApplicationLibrary.GetApplicationFromNsp(PartitionFileSystem pfs, String filePath) in C:\Users\[redacted]\Downloads\MHRise-NPLN-Lab-v0.2\Ryujinx-Nextendo-1.7.9\Ryujinx-Nextendo-1.7.9\src\Ryujinx\Systems\AppLibrary\ApplicationLibrary.cs:line 219
00:00:21.154 |W| GUI.ApplicationLibraryThread Application GetApplicationFromNsp: Encountered an error while trying to load applications from file 'C:\Users\[redacted]\Downloads\Monster Hunter Rise [NSP]\264 DLC\Monster Hunter Rise [DLC BGM Yukumo Village] [0100B0401174302C][v0].nsp': System.IO.InvalidDataException: Unable to decrypt NCA header. The file is not an NCA file or the header key is incorrect.
   at LibHac.Tools.FsSystem.NcaUtils.NcaHeader.DecryptHeader(KeySet keySet, IStorage storage)
   at LibHac.Tools.FsSystem.NcaUtils.Nca..ctor(KeySet keySet, IStorage storage)
   at Ryujinx.Ava.Systems.AppLibrary.ApplicationLibrary.GetApplicationFromNsp(PartitionFileSystem pfs, String filePath) in C:\Users\[redacted]\Downloads\MHRise-NPLN-Lab-v0.2\Ryujinx-Nextendo-1.7.9\Ryujinx-Nextendo-1.7.9\src\Ryujinx\Systems\AppLibrary\ApplicationLibrary.cs:line 219
00:00:21.167 |W| GUI.ApplicationLibraryThread Application GetApplicationFromNsp: Encountered an error while trying to load applications from file 'C:\Users\[redacted]\Downloads\Monster Hunter Rise [NSP]\264 DLC\Monster Hunter Rise [DLC Bob With Hairband Hairstyle] [0100B04011743059][v0].nsp': System.IO.InvalidDataException: Unable to decrypt NCA header. The file is not an NCA file or the header key is incorrect.
   at LibHac.Tools.FsSystem.NcaUtils.NcaHeader.DecryptHeader(KeySet keySet, IStorage storage)
   at LibHac.Tools.FsSystem.NcaUtils.Nca..ctor(KeySet keySet, IStorage storage)
   at Ryujinx.Ava.Systems.AppLibrary.ApplicationLibrary.GetApplicationFromNsp(PartitionFileSystem pfs, String filePath) in C:\Users\[redacted]\Downloads\MHRise-NPLN-Lab-v0.2\Ryujinx-Nextendo-1.7.9\Ryujinx-Nextendo-1.7.9\src\Ryujinx\Systems\AppLibrary\ApplicationLibrary.cs:line 219
00:00:21.185 |W| GUI.ApplicationLibraryThread Application GetApplicationFromNsp: Encountered an error while trying to load applications from file 'C:\Users\[redacted]\Downloads\Monster Hunter Rise [NSP]\264 DLC\Monster Hunter Rise [DLC Bombadgy Mask Hunter layered armor piece] [0100B0401174306B][v0].nsp': System.IO.InvalidDataException: Unable to decrypt NCA header. The file is not an NCA file or the header key is incorrect.
   at LibHac.Tools.FsSystem.NcaUtils.NcaHeader.DecryptHeader(KeySet keySet, IStorage storage)
   at LibHac.Tools.FsSystem.NcaUtils.Nca..ctor(KeySet keySet, IStorage storage)
   at Ryujinx.Ava.Systems.AppLibrary.ApplicationLibrary.GetApplicationFromNsp(PartitionFileSystem pfs, String filePath) in C:\Users\[redacted]\Downloads\MHRise-NPLN-Lab-v0.2\Ryujinx-Nextendo-1.7.9\Ryujinx-Nextendo-1.7.9\src\Ryujinx\Systems\AppLibrary\ApplicationLibrary.cs:line 219
00:00:21.199 |W| GUI.ApplicationLibraryThread Application GetApplicationFromNsp: Encountered an error while trying to load applications from file 'C:\Users\[redacted]\Downloads\Monster Hunter Rise [NSP]\264 DLC\Monster Hunter Rise [DLC Bone Collar Palamute Layered Armor] [0100B0401174303C][v0].nsp': System.IO.InvalidDataException: Unable to decrypt NCA header. The file is not an NCA file or the header key is incorrect.
   at LibHac.Tools.FsSystem.NcaUtils.NcaHeader.DecryptHeader(KeySet keySet, IStorage storage)
   at LibHac.Tools.FsSystem.NcaUtils.Nca..ctor(KeySet keySet, IStorage storage)
   at Ryujinx.Ava.Systems.AppLibrary.ApplicationLibrary.GetApplicationFromNsp(PartitionFileSystem pfs, String filePath) in C:\Users\[redacted]\Downloads\MHRise-NPLN-Lab-v0.2\Ryujinx-Nextendo-1.7.9\Ryujinx-Nextendo-1.7.9\src\Ryujinx\Systems\AppLibrary\ApplicationLibrary.cs:line 219
00:00:21.215 |W| GUI.ApplicationLibraryThread Application GetApplicationFromNsp: Encountered an error while trying to load applications from file 'C:\Users\[redacted]\Downloads\Monster Hunter Rise [NSP]\264 DLC\Monster Hunter Rise [DLC Bow Collar Palamute Layered Armor] [0100B0401174303F][v0].nsp': System.IO.InvalidDataException: Unable to decrypt NCA header. The file is not an NCA file or the header key is incorrect.
   at LibHac.Tools.FsSystem.NcaUtils.NcaHeader.DecryptHeader(KeySet keySet, IStorage storage)
   at LibHac.Tools.FsSystem.NcaUtils.Nca..ctor(KeySet keySet, IStorage storage)
   at Ryujinx.Ava.Systems.AppLibrary.ApplicationLibrary.GetApplicationFromNsp(PartitionFileSystem pfs, String filePath) in C:\Users\[redacted]\Downloads\MHRise-NPLN-Lab-v0.2\Ryujinx-Nextendo-1.7.9\Ryujinx-Nextendo-1.7.9\src\Ryujinx\Systems\AppLibrary\ApplicationLibrary.cs:line 219
00:00:21.230 |W| GUI.ApplicationLibraryThread Application GetApplicationFromNsp: Encountered an error while trying to load applications from file 'C:\Users\[redacted]\Downloads\Monster Hunter Rise [NSP]\264 DLC\Monster Hunter Rise [DLC Bow Collar Palico Layered Armor] [0100B0401174303B][v0].nsp': System.IO.InvalidDataException: Unable to decrypt NCA header. The file is not an NCA file or the header key is incorrect.
   at LibHac.Tools.FsSystem.NcaUtils.NcaHeader.DecryptHeader(KeySet keySet, IStorage storage)
   at LibHac.Tools.FsSystem.NcaUtils.Nca..ctor(KeySet keySet, IStorage storage)
   at Ryujinx.Ava.Systems.AppLibrary.ApplicationLibrary.GetApplicationFromNsp(PartitionFileSystem pfs, String filePath) in C:\Users\[redacted]\Downloads\MHRise-NPLN-Lab-v0.2\Ryujinx-Nextendo-1.7.9\Ryujinx-Nextendo-1.7.9\src\Ryujinx\Systems\AppLibrary\ApplicationLibrary.cs:line 219
00:00:21.245 |W| GUI.ApplicationLibraryThread Application GetApplicationFromNsp: Encountered an error while trying to load applications from file 'C:\Users\[redacted]\Downloads\Monster Hunter Rise [NSP]\264 DLC\Monster Hunter Rise [DLC Bow Necklace Hunter Layered Armor Piece] [0100B0401174307C][v0].nsp': System.IO.InvalidDataException: Unable to decrypt NCA header. The file is not an NCA file or the header key is incorrect.
   at LibHac.Tools.FsSystem.NcaUtils.NcaHeader.DecryptHeader(KeySet keySet, IStorage storage)
   at LibHac.Tools.FsSystem.NcaUtils.Nca..ctor(KeySet keySet, IStorage storage)
   at Ryujinx.Ava.Systems.AppLibrary.ApplicationLibrary.GetApplicationFromNsp(PartitionFileSystem pfs, String filePath) in C:\Users\[redacted]\Downloads\MHRise-NPLN-Lab-v0.2\Ryujinx-Nextendo-1.7.9\Ryujinx-Nextendo-1.7.9\src\Ryujinx\Systems\AppLibrary\ApplicationLibrary.cs:line 219
00:00:21.259 |W| GUI.ApplicationLibraryThread Application GetApplicationFromNsp: Encountered an error while trying to load applications from file 'C:\Users\[redacted]\Downloads\Monster Hunter Rise [NSP]\264 DLC\Monster Hunter Rise [DLC Braided Hairstyle] [0100B0401174309B][v0].nsp': System.IO.InvalidDataException: Unable to decrypt NCA header. The file is not an NCA file or the header key is incorrect.
   at LibHac.Tools.FsSystem.NcaUtils.NcaHeader.DecryptHeader(KeySet keySet, IStorage storage)
   at LibHac.Tools.FsSystem.NcaUtils.Nca..ctor(KeySet keySet, IStorage storage)
   at Ryujinx.Ava.Systems.AppLibrary.ApplicationLibrary.GetApplicationFromNsp(PartitionFileSystem pfs, String filePath) in C:\Users\[redacted]\Downloads\MHRise-NPLN-Lab-v0.2\Ryujinx-Nextendo-1.7.9\Ryujinx-Nextendo-1.7.9\src\Ryujinx\Systems\AppLibrary\ApplicationLibrary.cs:line 219
00:00:21.273 |W| GUI.ApplicationLibraryThread Application GetApplicationFromNsp: Encountered an error while trying to load applications from file 'C:\Users\[redacted]\Downloads\Monster Hunter Rise [NSP]\264 DLC\Monster Hunter Rise [DLC Bunny Dango Earrings Hunter Layered Armor Piece [0100B04011743075][v0].nsp': System.IO.InvalidDataException: Unable to decrypt NCA header. The file is not an NCA file or the header key is incorrect.
   at LibHac.Tools.FsSystem.NcaUtils.NcaHeader.DecryptHeader(KeySet keySet, IStorage storage)
   at LibHac.Tools.FsSystem.NcaUtils.Nca..ctor(KeySet keySet, IStorage storage)
   at Ryujinx.Ava.Systems.AppLibrary.ApplicationLibrary.GetApplicationFromNsp(PartitionFileSystem pfs, String filePath) in C:\Users\[redacted]\Downloads\MHRise-NPLN-Lab-v0.2\Ryujinx-Nextendo-1.7.9\Ryujinx-Nextendo-1.7.9\src\Ryujinx\Systems\AppLibrary\ApplicationLibrary.cs:line 219
00:00:21.288 |W| GUI.ApplicationLibraryThread Application GetApplicationFromNsp: Encountered an error while trying to load applications from file 'C:\Users\[redacted]\Downloads\Monster Hunter Rise [NSP]\264 DLC\Monster Hunter Rise [DLC C Academic Palamute Layered Armor Set] [0100B04011743097][v0].nsp': System.IO.InvalidDataException: Unable to decrypt NCA header. The file is not an NCA file or the header key is incorrect.
   at LibHac.Tools.FsSystem.NcaUtils.NcaHeader.DecryptHeader(KeySet keySet, IStorage storage)
   at LibHac.Tools.FsSystem.NcaUtils.Nca..ctor(KeySet keySet, IStorage storage)
   at Ryujinx.Ava.Systems.AppLibrary.ApplicationLibrary.GetApplicationFromNsp(PartitionFileSystem pfs, String filePath) in C:\Users\[redacted]\Downloads\MHRise-NPLN-Lab-v0.2\Ryujinx-Nextendo-1.7.9\Ryujinx-Nextendo-1.7.9\src\Ryujinx\Systems\AppLibrary\ApplicationLibrary.cs:line 219
00:00:21.303 |W| GUI.ApplicationLibraryThread Application GetApplicationFromNsp: Encountered an error while trying to load applications from file 'C:\Users\[redacted]\Downloads\Monster Hunter Rise [NSP]\264 DLC\Monster Hunter Rise [DLC C Floral Yukata Palamute Layered Armor Piece] [0100B04011743062][v0].nsp': System.IO.InvalidDataException: Unable to decrypt NCA header. The file is not an NCA file or the header key is incorrect.
   at LibHac.Tools.FsSystem.NcaUtils.NcaHeader.DecryptHeader(KeySet keySet, IStorage storage)
   at LibHac.Tools.FsSystem.NcaUtils.Nca..ctor(KeySet keySet, IStorage storage)
   at Ryujinx.Ava.Systems.AppLibrary.ApplicationLibrary.GetApplicationFromNsp(PartitionFileSystem pfs, String filePath) in C:\Users\[redacted]\Downloads\MHRise-NPLN-Lab-v0.2\Ryujinx-Nextendo-1.7.9\Ryujinx-Nextendo-1.7.9\src\Ryujinx\Systems\AppLibrary\ApplicationLibrary.cs:line 219
00:00:21.319 |W| GUI.ApplicationLibraryThread Application GetApplicationFromNsp: Encountered an error while trying to load applications from file 'C:\Users\[redacted]\Downloads\Monster Hunter Rise [NSP]\264 DLC\Monster Hunter Rise [DLC C Summer Palamute Layered Armor Set] [0100B040117430C7][v0].nsp': System.IO.InvalidDataException: Unable to decrypt NCA header. The file is not an NCA file or the header key is incorrect.
   at LibHac.Tools.FsSystem.NcaUtils.NcaHeader.DecryptHeader(KeySet keySet, IStorage storage)
   at LibHac.Tools.FsSystem.NcaUtils.Nca..ctor(KeySet keySet, IStorage storage)
   at Ryujinx.Ava.Systems.AppLibrary.ApplicationLibrary.GetApplicationFromNsp(PartitionFileSystem pfs, String filePath) in C:\Users\[redacted]\Downloads\MHRise-NPLN-Lab-v0.2\Ryujinx-Nextendo-1.7.9\Ryujinx-Nextendo-1.7.9\src\Ryujinx\Systems\AppLibrary\ApplicationLibrary.cs:line 219
00:00:21.337 |W| GUI.ApplicationLibraryThread Application GetApplicationFromNsp: Encountered an error while trying to load applications from file 'C:\Users\[redacted]\Downloads\Monster Hunter Rise [NSP]\264 DLC\Monster Hunter Rise [DLC Canyne Fall Palamute Layered Armor Set] [0100B040117430DB][v0].nsp': System.IO.InvalidDataException: Unable to decrypt NCA header. The file is not an NCA file or the header key is incorrect.
   at LibHac.Tools.FsSystem.NcaUtils.NcaHeader.DecryptHeader(KeySet keySet, IStorage storage)
   at LibHac.Tools.FsSystem.NcaUtils.Nca..ctor(KeySet keySet, IStorage storage)
   at Ryujinx.Ava.Systems.AppLibrary.ApplicationLibrary.GetApplicationFromNsp(PartitionFileSystem pfs, String filePath) in C:\Users\[redacted]\Downloads\MHRise-NPLN-Lab-v0.2\Ryujinx-Nextendo-1.7.9\Ryujinx-Nextendo-1.7.9\src\Ryujinx\Systems\AppLibrary\ApplicationLibrary.cs:line 219
00:00:21.350 |W| GUI.ApplicationLibraryThread Application GetApplicationFromNsp: Encountered an error while trying to load applications from file 'C:\Users\[redacted]\Downloads\Monster Hunter Rise [NSP]\264 DLC\Monster Hunter Rise [DLC Canyne Fluffy Fur Palamute layered armor set] [0100B040117430FB][v0].nsp': System.IO.InvalidDataException: Unable to decrypt NCA header. The file is not an NCA file or the header key is incorrect.
   at LibHac.Tools.FsSystem.NcaUtils.NcaHeader.DecryptHeader(KeySet keySet, IStorage storage)
   at LibHac.Tools.FsSystem.NcaUtils.Nca..ctor(KeySet keySet, IStorage storage)
   at Ryujinx.Ava.Systems.AppLibrary.ApplicationLibrary.GetApplicationFromNsp(PartitionFileSystem pfs, String filePath) in C:\Users\[redacted]\Downloads\MHRise-NPLN-Lab-v0.2\Ryujinx-Nextendo-1.7.9\Ryujinx-Nextendo-1.7.9\src\Ryujinx\Systems\AppLibrary\ApplicationLibrary.cs:line 219
00:00:21.364 |W| GUI.ApplicationLibraryThread Application GetApplicationFromNsp: Encountered an error while trying to load applications from file 'C:\Users\[redacted]\Downloads\Monster Hunter Rise [NSP]\264 DLC\Monster Hunter Rise [DLC Canyne Mask Hunter Layered Armor Piece] [0100B04011743054][v0].nsp': System.IO.InvalidDataException: Unable to decrypt NCA header. The file is not an NCA file or the header key is incorrect.
   at LibHac.Tools.FsSystem.NcaUtils.NcaHeader.DecryptHeader(KeySet keySet, IStorage storage)
   at LibHac.Tools.FsSystem.NcaUtils.Nca..ctor(KeySet keySet, IStorage storage)
   at Ryujinx.Ava.Systems.AppLibrary.ApplicationLibrary.GetApplicationFromNsp(PartitionFileSystem pfs, String filePath) in C:\Users\[redacted]\Downloads\MHRise-NPLN-Lab-v0.2\Ryujinx-Nextendo-1.7.9\Ryujinx-Nextendo-1.7.9\src\Ryujinx\Systems\AppLibrary\ApplicationLibrary.cs:line 219
00:00:21.380 |W| GUI.ApplicationLibraryThread Application GetApplicationFromNsp: Encountered an error while trying to load applications from file 'C:\Users\[redacted]\Downloads\Monster Hunter Rise [NSP]\264 DLC\Monster Hunter Rise [DLC Canyne Mask Palico Layered Armor Piece] [0100B04011743051][v0].nsp': System.IO.InvalidDataException: Unable to decrypt NCA header. The file is not an NCA file or the header key is incorrect.
   at LibHac.Tools.FsSystem.NcaUtils.NcaHeader.DecryptHeader(KeySet keySet, IStorage storage)
   at LibHac.Tools.FsSystem.NcaUtils.Nca..ctor(KeySet keySet, IStorage storage)
   at Ryujinx.Ava.Systems.AppLibrary.ApplicationLibrary.GetApplicationFromNsp(PartitionFileSystem pfs, String filePath) in C:\Users\[redacted]\Downloads\MHRise-NPLN-Lab-v0.2\Ryujinx-Nextendo-1.7.9\Ryujinx-Nextendo-1.7.9\src\Ryujinx\Systems\AppLibrary\ApplicationLibrary.cs:line 219
00:00:21.394 |W| GUI.ApplicationLibraryThread Application GetApplicationFromNsp: Encountered an error while trying to load applications from file 'C:\Users\[redacted]\Downloads\Monster Hunter Rise [NSP]\264 DLC\Monster Hunter Rise [DLC Canyne Tail Hunter Layered Armor Piece] [0100B04011743056][v0].nsp': System.IO.InvalidDataException: Unable to decrypt NCA header. The file is not an NCA file or the header key is incorrect.
   at LibHac.Tools.FsSystem.NcaUtils.NcaHeader.DecryptHeader(KeySet keySet, IStorage storage)
   at LibHac.Tools.FsSystem.NcaUtils.Nca..ctor(KeySet keySet, IStorage storage)
   at Ryujinx.Ava.Systems.AppLibrary.ApplicationLibrary.GetApplicationFromNsp(PartitionFileSystem pfs, String filePath) in C:\Users\[redacted]\Downloads\MHRise-NPLN-Lab-v0.2\Ryujinx-Nextendo-1.7.9\Ryujinx-Nextendo-1.7.9\src\Ryujinx\Systems\AppLibrary\ApplicationLibrary.cs:line 219
00:00:21.407 |W| GUI.ApplicationLibraryThread Application GetApplicationFromNsp: Encountered an error while trying to load applications from file 'C:\Users\[redacted]\Downloads\Monster Hunter Rise [NSP]\264 DLC\Monster Hunter Rise [DLC Chase Pose Set] [0100B04011743099][v0].nsp': System.IO.InvalidDataException: Unable to decrypt NCA header. The file is not an NCA file or the header key is incorrect.
   at LibHac.Tools.FsSystem.NcaUtils.NcaHeader.DecryptHeader(KeySet keySet, IStorage storage)
   at LibHac.Tools.FsSystem.NcaUtils.Nca..ctor(KeySet keySet, IStorage storage)
   at Ryujinx.Ava.Systems.AppLibrary.ApplicationLibrary.GetApplicationFromNsp(PartitionFileSystem pfs, String filePath) in C:\Users\[redacted]\Downloads\MHRise-NPLN-Lab-v0.2\Ryujinx-Nextendo-1.7.9\Ryujinx-Nextendo-1.7.9\src\Ryujinx\Systems\AppLibrary\ApplicationLibrary.cs:line 219
00:00:21.422 |W| GUI.ApplicationLibraryThread Application GetApplicationFromNsp: Encountered an error while trying to load applications from file 'C:\Users\[redacted]\Downloads\Monster Hunter Rise [NSP]\264 DLC\Monster Hunter Rise [DLC Cheek Tusk Face Paint] [0100B0401174304B][v0].nsp': System.IO.InvalidDataException: Unable to decrypt NCA header. The file is not an NCA file or the header key is incorrect.
   at LibHac.Tools.FsSystem.NcaUtils.NcaHeader.DecryptHeader(KeySet keySet, IStorage storage)
   at LibHac.Tools.FsSystem.NcaUtils.Nca..ctor(KeySet keySet, IStorage storage)
   at Ryujinx.Ava.Systems.AppLibrary.ApplicationLibrary.GetApplicationFromNsp(PartitionFileSystem pfs, String filePath) in C:\Users\[redacted]\Downloads\MHRise-NPLN-Lab-v0.2\Ryujinx-Nextendo-1.7.9\Ryujinx-Nextendo-1.7.9\src\Ryujinx\Systems\AppLibrary\ApplicationLibrary.cs:line 219
00:00:21.434 |W| GUI.ApplicationLibraryThread Application GetApplicationFromNsp: Encountered an error while trying to load applications from file 'C:\Users\[redacted]\Downloads\Monster Hunter Rise [NSP]\264 DLC\Monster Hunter Rise [DLC Cohoot Face Paint] [0100B04011743115][v0].nsp': System.IO.InvalidDataException: Unable to decrypt NCA header. The file is not an NCA file or the header key is incorrect.
   at LibHac.Tools.FsSystem.NcaUtils.NcaHeader.DecryptHeader(KeySet keySet, IStorage storage)
   at LibHac.Tools.FsSystem.NcaUtils.Nca..ctor(KeySet keySet, IStorage storage)
   at Ryujinx.Ava.Systems.AppLibrary.ApplicationLibrary.GetApplicationFromNsp(PartitionFileSystem pfs, String filePath) in C:\Users\[redacted]\Downloads\MHRise-NPLN-Lab-v0.2\Ryujinx-Nextendo-1.7.9\Ryujinx-Nextendo-1.7.9\src\Ryujinx\Systems\AppLibrary\ApplicationLibrary.cs:line 219
00:00:21.451 |W| GUI.ApplicationLibraryThread Application GetApplicationFromNsp: Encountered an error while trying to load applications from file 'C:\Users\[redacted]\Downloads\Monster Hunter Rise [NSP]\264 DLC\Monster Hunter Rise [DLC Cursed Flame Face Paint] [0100B0401174305E][v0].nsp': System.IO.InvalidDataException: Unable to decrypt NCA header. The file is not an NCA file or the header key is incorrect.
   at LibHac.Tools.FsSystem.NcaUtils.NcaHeader.DecryptHeader(KeySet keySet, IStorage storage)
   at LibHac.Tools.FsSystem.NcaUtils.Nca..ctor(KeySet keySet, IStorage storage)
   at Ryujinx.Ava.Systems.AppLibrary.ApplicationLibrary.GetApplicationFromNsp(PartitionFileSystem pfs, String filePath) in C:\Users\[redacted]\Downloads\MHRise-NPLN-Lab-v0.2\Ryujinx-Nextendo-1.7.9\Ryujinx-Nextendo-1.7.9\src\Ryujinx\Systems\AppLibrary\ApplicationLibrary.cs:line 219
00:00:21.466 |W| GUI.ApplicationLibraryThread Application GetApplicationFromNsp: Encountered an error while trying to load applications from file 'C:\Users\[redacted]\Downloads\Monster Hunter Rise [NSP]\264 DLC\Monster Hunter Rise [DLC Delicate Beauty Hairstyle] [0100B04011743048][v0].nsp': System.IO.InvalidDataException: Unable to decrypt NCA header. The file is not an NCA file or the header key is incorrect.
   at LibHac.Tools.FsSystem.NcaUtils.NcaHeader.DecryptHeader(KeySet keySet, IStorage storage)
   at LibHac.Tools.FsSystem.NcaUtils.Nca..ctor(KeySet keySet, IStorage storage)
   at Ryujinx.Ava.Systems.AppLibrary.ApplicationLibrary.GetApplicationFromNsp(PartitionFileSystem pfs, String filePath) in C:\Users\[redacted]\Downloads\MHRise-NPLN-Lab-v0.2\Ryujinx-Nextendo-1.7.9\Ryujinx-Nextendo-1.7.9\src\Ryujinx\Systems\AppLibrary\ApplicationLibrary.cs:line 219
00:00:21.479 |W| GUI.ApplicationLibraryThread Application GetApplicationFromNsp: Encountered an error while trying to load applications from file 'C:\Users\[redacted]\Downloads\Monster Hunter Rise [NSP]\264 DLC\Monster Hunter Rise [DLC Delightful Dance Gesture Set] [0100B04011743040][v0].nsp': System.IO.InvalidDataException: Unable to decrypt NCA header. The file is not an NCA file or the header key is incorrect.
   at LibHac.Tools.FsSystem.NcaUtils.NcaHeader.DecryptHeader(KeySet keySet, IStorage storage)
   at LibHac.Tools.FsSystem.NcaUtils.Nca..ctor(KeySet keySet, IStorage storage)
   at Ryujinx.Ava.Systems.AppLibrary.ApplicationLibrary.GetApplicationFromNsp(PartitionFileSystem pfs, String filePath) in C:\Users\[redacted]\Downloads\MHRise-NPLN-Lab-v0.2\Ryujinx-Nextendo-1.7.9\Ryujinx-Nextendo-1.7.9\src\Ryujinx\Systems\AppLibrary\ApplicationLibrary.cs:line 219
00:00:21.495 |W| GUI.ApplicationLibraryThread Application GetApplicationFromNsp: Encountered an error while trying to load applications from file 'C:\Users\[redacted]\Downloads\Monster Hunter Rise [NSP]\264 DLC\Monster Hunter Rise [DLC Deluxe Kit] [0100B0401174300C][v0].nsp': System.IO.InvalidDataException: Unable to decrypt NCA header. The file is not an NCA file or the header key is incorrect.
   at LibHac.Tools.FsSystem.NcaUtils.NcaHeader.DecryptHeader(KeySet keySet, IStorage storage)
   at LibHac.Tools.FsSystem.NcaUtils.Nca..ctor(KeySet keySet, IStorage storage)
   at Ryujinx.Ava.Systems.AppLibrary.ApplicationLibrary.GetApplicationFromNsp(PartitionFileSystem pfs, String filePath) in C:\Users\[redacted]\Downloads\MHRise-NPLN-Lab-v0.2\Ryujinx-Nextendo-1.7.9\Ryujinx-Nextendo-1.7.9\src\Ryujinx\Systems\AppLibrary\ApplicationLibrary.cs:line 219
00:00:21.509 |W| GUI.ApplicationLibraryThread Application GetApplicationFromNsp: Encountered an error while trying to load applications from file 'C:\Users\[redacted]\Downloads\Monster Hunter Rise [NSP]\264 DLC\Monster Hunter Rise [DLC Deluxe Kit] [0100B04011743014][v0].nsp': System.IO.InvalidDataException: Unable to decrypt NCA header. The file is not an NCA file or the header key is incorrect.
   at LibHac.Tools.FsSystem.NcaUtils.NcaHeader.DecryptHeader(KeySet keySet, IStorage storage)
   at LibHac.Tools.FsSystem.NcaUtils.Nca..ctor(KeySet keySet, IStorage storage)
   at Ryujinx.Ava.Systems.AppLibrary.ApplicationLibrary.GetApplicationFromNsp(PartitionFileSystem pfs, String filePath) in C:\Users\[redacted]\Downloads\MHRise-NPLN-Lab-v0.2\Ryujinx-Nextendo-1.7.9\Ryujinx-Nextendo-1.7.9\src\Ryujinx\Systems\AppLibrary\ApplicationLibrary.cs:line 219
00:00:21.523 |W| GUI.ApplicationLibraryThread Application GetApplicationFromNsp: Encountered an error while trying to load applications from file 'C:\Users\[redacted]\Downloads\Monster Hunter Rise [NSP]\264 DLC\Monster Hunter Rise [DLC Deluxe Kit] [0100B04011743017][v0].nsp': System.IO.InvalidDataException: Unable to decrypt NCA header. The file is not an NCA file or the header key is incorrect.
   at LibHac.Tools.FsSystem.NcaUtils.NcaHeader.DecryptHeader(KeySet keySet, IStorage storage)
   at LibHac.Tools.FsSystem.NcaUtils.Nca..ctor(KeySet keySet, IStorage storage)
   at Ryujinx.Ava.Systems.AppLibrary.ApplicationLibrary.GetApplicationFromNsp(PartitionFileSystem pfs, String filePath) in C:\Users\[redacted]\Downloads\MHRise-NPLN-Lab-v0.2\Ryujinx-Nextendo-1.7.9\Ryujinx-Nextendo-1.7.9\src\Ryujinx\Systems\AppLibrary\ApplicationLibrary.cs:line 219
00:00:21.536 |W| GUI.ApplicationLibraryThread Application GetApplicationFromNsp: Encountered an error while trying to load applications from file 'C:\Users\[redacted]\Downloads\Monster Hunter Rise [NSP]\264 DLC\Monster Hunter Rise [DLC Deluxe Kit] [0100B0401174301E][v0].nsp': System.IO.InvalidDataException: Unable to decrypt NCA header. The file is not an NCA file or the header key is incorrect.
   at LibHac.Tools.FsSystem.NcaUtils.NcaHeader.DecryptHeader(KeySet keySet, IStorage storage)
   at LibHac.Tools.FsSystem.NcaUtils.Nca..ctor(KeySet keySet, IStorage storage)
   at Ryujinx.Ava.Systems.AppLibrary.ApplicationLibrary.GetApplicationFromNsp(PartitionFileSystem pfs, String filePath) in C:\Users\[redacted]\Downloads\MHRise-NPLN-Lab-v0.2\Ryujinx-Nextendo-1.7.9\Ryujinx-Nextendo-1.7.9\src\Ryujinx\Systems\AppLibrary\ApplicationLibrary.cs:line 219
00:00:21.552 |W| GUI.ApplicationLibraryThread Application GetApplicationFromNsp: Encountered an error while trying to load applications from file 'C:\Users\[redacted]\Downloads\Monster Hunter Rise [NSP]\264 DLC\Monster Hunter Rise [DLC Deluxe Kit] [0100B0401174301F][v0].nsp': System.IO.InvalidDataException: Unable to decrypt NCA header. The file is not an NCA file or the header key is incorrect.
   at LibHac.Tools.FsSystem.NcaUtils.NcaHeader.DecryptHeader(KeySet keySet, IStorage storage)
   at LibHac.Tools.FsSystem.NcaUtils.Nca..ctor(KeySet keySet, IStorage storage)
   at Ryujinx.Ava.Systems.AppLibrary.ApplicationLibrary.GetApplicationFromNsp(PartitionFileSystem pfs, String filePath) in C:\Users\[redacted]\Downloads\MHRise-NPLN-Lab-v0.2\Ryujinx-Nextendo-1.7.9\Ryujinx-Nextendo-1.7.9\src\Ryujinx\Systems\AppLibrary\ApplicationLibrary.cs:line 219
00:00:21.565 |W| GUI.ApplicationLibraryThread Application GetApplicationFromNsp: Encountered an error while trying to load applications from file 'C:\Users\[redacted]\Downloads\Monster Hunter Rise [NSP]\264 DLC\Monster Hunter Rise [DLC Deluxe Kit] [0100B04011743022][v0].nsp': System.IO.InvalidDataException: Unable to decrypt NCA header. The file is not an NCA file or the header key is incorrect.
   at LibHac.Tools.FsSystem.NcaUtils.NcaHeader.DecryptHeader(KeySet keySet, IStorage storage)
   at LibHac.Tools.FsSystem.NcaUtils.Nca..ctor(KeySet keySet, IStorage storage)
   at Ryujinx.Ava.Systems.AppLibrary.ApplicationLibrary.GetApplicationFromNsp(PartitionFileSystem pfs, String filePath) in C:\Users\[redacted]\Downloads\MHRise-NPLN-Lab-v0.2\Ryujinx-Nextendo-1.7.9\Ryujinx-Nextendo-1.7.9\src\Ryujinx\Systems\AppLibrary\ApplicationLibrary.cs:line 219
00:00:21.581 |W| GUI.ApplicationLibraryThread Application GetApplicationFromNsp: Encountered an error while trying to load applications from file 'C:\Users\[redacted]\Downloads\Monster Hunter Rise [NSP]\264 DLC\Monster Hunter Rise [DLC Deluxe Kit] [0100B04011743024][v0].nsp': System.IO.InvalidDataException: Unable to decrypt NCA header. The file is not an NCA file or the header key is incorrect.
   at LibHac.Tools.FsSystem.NcaUtils.NcaHeader.DecryptHeader(KeySet keySet, IStorage storage)
   at LibHac.Tools.FsSystem.NcaUtils.Nca..ctor(KeySet keySet, IStorage storage)
   at Ryujinx.Ava.Systems.AppLibrary.ApplicationLibrary.GetApplicationFromNsp(PartitionFileSystem pfs, String filePath) in C:\Users\[redacted]\Downloads\MHRise-NPLN-Lab-v0.2\Ryujinx-Nextendo-1.7.9\Ryujinx-Nextendo-1.7.9\src\Ryujinx\Systems\AppLibrary\ApplicationLibrary.cs:line 219
00:00:21.594 |W| GUI.ApplicationLibraryThread Application GetApplicationFromNsp: Encountered an error while trying to load applications from file 'C:\Users\[redacted]\Downloads\Monster Hunter Rise [NSP]\264 DLC\Monster Hunter Rise [DLC Elegant Hairstyle] [0100B04011743113][v0].nsp': System.IO.InvalidDataException: Unable to decrypt NCA header. The file is not an NCA file or the header key is incorrect.
   at LibHac.Tools.FsSystem.NcaUtils.NcaHeader.DecryptHeader(KeySet keySet, IStorage storage)
   at LibHac.Tools.FsSystem.NcaUtils.Nca..ctor(KeySet keySet, IStorage storage)
   at Ryujinx.Ava.Systems.AppLibrary.ApplicationLibrary.GetApplicationFromNsp(PartitionFileSystem pfs, String filePath) in C:\Users\[redacted]\Downloads\MHRise-NPLN-Lab-v0.2\Ryujinx-Nextendo-1.7.9\Ryujinx-Nextendo-1.7.9\src\Ryujinx\Systems\AppLibrary\ApplicationLibrary.cs:line 219
00:00:21.612 |W| GUI.ApplicationLibraryThread Application GetApplicationFromNsp: Encountered an error while trying to load applications from file 'C:\Users\[redacted]\Downloads\Monster Hunter Rise [NSP]\264 DLC\Monster Hunter Rise [DLC Eye Shadow makeup] [0100B04011743016][v0].nsp': System.IO.InvalidDataException: Unable to decrypt NCA header. The file is not an NCA file or the header key is incorrect.
   at LibHac.Tools.FsSystem.NcaUtils.NcaHeader.DecryptHeader(KeySet keySet, IStorage storage)
   at LibHac.Tools.FsSystem.NcaUtils.Nca..ctor(KeySet keySet, IStorage storage)
   at Ryujinx.Ava.Systems.AppLibrary.ApplicationLibrary.GetApplicationFromNsp(PartitionFileSystem pfs, String filePath) in C:\Users\[redacted]\Downloads\MHRise-NPLN-Lab-v0.2\Ryujinx-Nextendo-1.7.9\Ryujinx-Nextendo-1.7.9\src\Ryujinx\Systems\AppLibrary\ApplicationLibrary.cs:line 219
00:00:21.625 |W| GUI.ApplicationLibraryThread Application GetApplicationFromNsp: Encountered an error while trying to load applications from file 'C:\Users\[redacted]\Downloads\Monster Hunter Rise [NSP]\264 DLC\Monster Hunter Rise [DLC F Academic Palico Layered Armor Set] [0100B04011743096][v0].nsp': System.IO.InvalidDataException: Unable to decrypt NCA header. The file is not an NCA file or the header key is incorrect.
   at LibHac.Tools.FsSystem.NcaUtils.NcaHeader.DecryptHeader(KeySet keySet, IStorage storage)
   at LibHac.Tools.FsSystem.NcaUtils.Nca..ctor(KeySet keySet, IStorage storage)
   at Ryujinx.Ava.Systems.AppLibrary.ApplicationLibrary.GetApplicationFromNsp(PartitionFileSystem pfs, String filePath) in C:\Users\[redacted]\Downloads\MHRise-NPLN-Lab-v0.2\Ryujinx-Nextendo-1.7.9\Ryujinx-Nextendo-1.7.9\src\Ryujinx\Systems\AppLibrary\ApplicationLibrary.cs:line 219
00:00:21.641 |W| GUI.ApplicationLibraryThread Application GetApplicationFromNsp: Encountered an error while trying to load applications from file 'C:\Users\[redacted]\Downloads\Monster Hunter Rise [NSP]\264 DLC\Monster Hunter Rise [DLC F Floral Yukata Palico Layered Armor Piece] [0100B04011743061][v0].nsp': System.IO.InvalidDataException: Unable to decrypt NCA header. The file is not an NCA file or the header key is incorrect.
   at LibHac.Tools.FsSystem.NcaUtils.NcaHeader.DecryptHeader(KeySet keySet, IStorage storage)
   at LibHac.Tools.FsSystem.NcaUtils.Nca..ctor(KeySet keySet, IStorage storage)
   at Ryujinx.Ava.Systems.AppLibrary.ApplicationLibrary.GetApplicationFromNsp(PartitionFileSystem pfs, String filePath) in C:\Users\[redacted]\Downloads\MHRise-NPLN-Lab-v0.2\Ryujinx-Nextendo-1.7.9\Ryujinx-Nextendo-1.7.9\src\Ryujinx\Systems\AppLibrary\ApplicationLibrary.cs:line 219
00:00:21.655 |W| GUI.ApplicationLibraryThread Application GetApplicationFromNsp: Encountered an error while trying to load applications from file 'C:\Users\[redacted]\Downloads\Monster Hunter Rise [NSP]\264 DLC\Monster Hunter Rise [DLC F Summer Palico Layered Armor Set] [0100B040117430C6][v0].nsp': System.IO.InvalidDataException: Unable to decrypt NCA header. The file is not an NCA file or the header key is incorrect.
   at LibHac.Tools.FsSystem.NcaUtils.NcaHeader.DecryptHeader(KeySet keySet, IStorage storage)
   at LibHac.Tools.FsSystem.NcaUtils.Nca..ctor(KeySet keySet, IStorage storage)
   at Ryujinx.Ava.Systems.AppLibrary.ApplicationLibrary.GetApplicationFromNsp(PartitionFileSystem pfs, String filePath) in C:\Users\[redacted]\Downloads\MHRise-NPLN-Lab-v0.2\Ryujinx-Nextendo-1.7.9\Ryujinx-Nextendo-1.7.9\src\Ryujinx\Systems\AppLibrary\ApplicationLibrary.cs:line 219
00:00:21.670 |W| GUI.ApplicationLibraryThread Application GetApplicationFromNsp: Encountered an error while trying to load applications from file 'C:\Users\[redacted]\Downloads\Monster Hunter Rise [NSP]\264 DLC\Monster Hunter Rise [DLC Fall Jacket Hunter Layered Armor Piece] [0100B040117430D6][v0].nsp': System.IO.InvalidDataException: Unable to decrypt NCA header. The file is not an NCA file or the header key is incorrect.
   at LibHac.Tools.FsSystem.NcaUtils.NcaHeader.DecryptHeader(KeySet keySet, IStorage storage)
   at LibHac.Tools.FsSystem.NcaUtils.Nca..ctor(KeySet keySet, IStorage storage)
   at Ryujinx.Ava.Systems.AppLibrary.ApplicationLibrary.GetApplicationFromNsp(PartitionFileSystem pfs, String filePath) in C:\Users\[redacted]\Downloads\MHRise-NPLN-Lab-v0.2\Ryujinx-Nextendo-1.7.9\Ryujinx-Nextendo-1.7.9\src\Ryujinx\Systems\AppLibrary\ApplicationLibrary.cs:line 219
00:00:21.685 |W| GUI.ApplicationLibraryThread Application GetApplicationFromNsp: Encountered an error while trying to load applications from file 'C:\Users\[redacted]\Downloads\Monster Hunter Rise [NSP]\264 DLC\Monster Hunter Rise [DLC Fall Pants Hunter Layered Armor Piece] [0100B040117430D9][v0].nsp': System.IO.InvalidDataException: Unable to decrypt NCA header. The file is not an NCA file or the header key is incorrect.
   at LibHac.Tools.FsSystem.NcaUtils.NcaHeader.DecryptHeader(KeySet keySet, IStorage storage)
   at LibHac.Tools.FsSystem.NcaUtils.Nca..ctor(KeySet keySet, IStorage storage)
   at Ryujinx.Ava.Systems.AppLibrary.ApplicationLibrary.GetApplicationFromNsp(PartitionFileSystem pfs, String filePath) in C:\Users\[redacted]\Downloads\MHRise-NPLN-Lab-v0.2\Ryujinx-Nextendo-1.7.9\Ryujinx-Nextendo-1.7.9\src\Ryujinx\Systems\AppLibrary\ApplicationLibrary.cs:line 219
00:00:21.700 |W| GUI.ApplicationLibraryThread Application GetApplicationFromNsp: Encountered an error while trying to load applications from file 'C:\Users\[redacted]\Downloads\Monster Hunter Rise [NSP]\264 DLC\Monster Hunter Rise [DLC Fall Scarf Hunter Layered Armor Piece] [0100B040117430D5][v0].nsp': System.IO.InvalidDataException: Unable to decrypt NCA header. The file is not an NCA file or the header key is incorrect.
   at LibHac.Tools.FsSystem.NcaUtils.NcaHeader.DecryptHeader(KeySet keySet, IStorage storage)
   at LibHac.Tools.FsSystem.NcaUtils.Nca..ctor(KeySet keySet, IStorage storage)
   at Ryujinx.Ava.Systems.AppLibrary.ApplicationLibrary.GetApplicationFromNsp(PartitionFileSystem pfs, String filePath) in C:\Users\[redacted]\Downloads\MHRise-NPLN-Lab-v0.2\Ryujinx-Nextendo-1.7.9\Ryujinx-Nextendo-1.7.9\src\Ryujinx\Systems\AppLibrary\ApplicationLibrary.cs:line 219
00:00:21.715 |W| GUI.ApplicationLibraryThread Application GetApplicationFromNsp: Encountered an error while trying to load applications from file 'C:\Users\[redacted]\Downloads\Monster Hunter Rise [NSP]\264 DLC\Monster Hunter Rise [DLC Fall Sleeves Hunter Layered Armor Piece] [0100B040117430D7][v0].nsp': System.IO.InvalidDataException: Unable to decrypt NCA header. The file is not an NCA file or the header key is incorrect.
   at LibHac.Tools.FsSystem.NcaUtils.NcaHeader.DecryptHeader(KeySet keySet, IStorage storage)
   at LibHac.Tools.FsSystem.NcaUtils.Nca..ctor(KeySet keySet, IStorage storage)
   at Ryujinx.Ava.Systems.AppLibrary.ApplicationLibrary.GetApplicationFromNsp(PartitionFileSystem pfs, String filePath) in C:\Users\[redacted]\Downloads\MHRise-NPLN-Lab-v0.2\Ryujinx-Nextendo-1.7.9\Ryujinx-Nextendo-1.7.9\src\Ryujinx\Systems\AppLibrary\ApplicationLibrary.cs:line 219
00:00:21.729 |W| GUI.ApplicationLibraryThread Application GetApplicationFromNsp: Encountered an error while trying to load applications from file 'C:\Users\[redacted]\Downloads\Monster Hunter Rise [NSP]\264 DLC\Monster Hunter Rise [DLC Fall Waist Hunter Layered Armor Piece] [0100B040117430D8][v0].nsp': System.IO.InvalidDataException: Unable to decrypt NCA header. The file is not an NCA file or the header key is incorrect.
   at LibHac.Tools.FsSystem.NcaUtils.NcaHeader.DecryptHeader(KeySet keySet, IStorage storage)
   at LibHac.Tools.FsSystem.NcaUtils.Nca..ctor(KeySet keySet, IStorage storage)
   at Ryujinx.Ava.Systems.AppLibrary.ApplicationLibrary.GetApplicationFromNsp(PartitionFileSystem pfs, String filePath) in C:\Users\[redacted]\Downloads\MHRise-NPLN-Lab-v0.2\Ryujinx-Nextendo-1.7.9\Ryujinx-Nextendo-1.7.9\src\Ryujinx\Systems\AppLibrary\ApplicationLibrary.cs:line 219
00:00:21.745 |W| GUI.ApplicationLibraryThread Application GetApplicationFromNsp: Encountered an error while trying to load applications from file 'C:\Users\[redacted]\Downloads\Monster Hunter Rise [NSP]\264 DLC\Monster Hunter Rise [DLC Felyne Ears Hunter Layered Armor Piece] [0100B04011743055][v0].nsp': System.IO.InvalidDataException: Unable to decrypt NCA header. The file is not an NCA file or the header key is incorrect.
   at LibHac.Tools.FsSystem.NcaUtils.NcaHeader.DecryptHeader(KeySet keySet, IStorage storage)
   at LibHac.Tools.FsSystem.NcaUtils.Nca..ctor(KeySet keySet, IStorage storage)
   at Ryujinx.Ava.Systems.AppLibrary.ApplicationLibrary.GetApplicationFromNsp(PartitionFileSystem pfs, String filePath) in C:\Users\[redacted]\Downloads\MHRise-NPLN-Lab-v0.2\Ryujinx-Nextendo-1.7.9\Ryujinx-Nextendo-1.7.9\src\Ryujinx\Systems\AppLibrary\ApplicationLibrary.cs:line 219
00:00:21.758 |W| GUI.ApplicationLibraryThread Application GetApplicationFromNsp: Encountered an error while trying to load applications from file 'C:\Users\[redacted]\Downloads\Monster Hunter Rise [NSP]\264 DLC\Monster Hunter Rise [DLC Felyne Fall Palico Layered Armor Set] [0100B040117430DA][v0].nsp': System.IO.InvalidDataException: Unable to decrypt NCA header. The file is not an NCA file or the header key is incorrect.
   at LibHac.Tools.FsSystem.NcaUtils.NcaHeader.DecryptHeader(KeySet keySet, IStorage storage)
   at LibHac.Tools.FsSystem.NcaUtils.Nca..ctor(KeySet keySet, IStorage storage)
   at Ryujinx.Ava.Systems.AppLibrary.ApplicationLibrary.GetApplicationFromNsp(PartitionFileSystem pfs, String filePath) in C:\Users\[redacted]\Downloads\MHRise-NPLN-Lab-v0.2\Ryujinx-Nextendo-1.7.9\Ryujinx-Nextendo-1.7.9\src\Ryujinx\Systems\AppLibrary\ApplicationLibrary.cs:line 219
00:00:21.774 |W| GUI.ApplicationLibraryThread Application GetApplicationFromNsp: Encountered an error while trying to load applications from file 'C:\Users\[redacted]\Downloads\Monster Hunter Rise [NSP]\264 DLC\Monster Hunter Rise [DLC Felyne Fluffy Fur Palico layered armor set] [0100B040117430FA][v0].nsp': System.IO.InvalidDataException: Unable to decrypt NCA header. The file is not an NCA file or the header key is incorrect.
   at LibHac.Tools.FsSystem.NcaUtils.NcaHeader.DecryptHeader(KeySet keySet, IStorage storage)
   at LibHac.Tools.FsSystem.NcaUtils.Nca..ctor(KeySet keySet, IStorage storage)
   at Ryujinx.Ava.Systems.AppLibrary.ApplicationLibrary.GetApplicationFromNsp(PartitionFileSystem pfs, String filePath) in C:\Users\[redacted]\Downloads\MHRise-NPLN-Lab-v0.2\Ryujinx-Nextendo-1.7.9\Ryujinx-Nextendo-1.7.9\src\Ryujinx\Systems\AppLibrary\ApplicationLibrary.cs:line 219
00:00:21.787 |W| GUI.ApplicationLibraryThread Application GetApplicationFromNsp: Encountered an error while trying to load applications from file 'C:\Users\[redacted]\Downloads\Monster Hunter Rise [NSP]\264 DLC\Monster Hunter Rise [DLC Felyne Mask Palamute Layered Armor Piece] [0100B04011743052][v0].nsp': System.IO.InvalidDataException: Unable to decrypt NCA header. The file is not an NCA file or the header key is incorrect.
   at LibHac.Tools.FsSystem.NcaUtils.NcaHeader.DecryptHeader(KeySet keySet, IStorage storage)
   at LibHac.Tools.FsSystem.NcaUtils.Nca..ctor(KeySet keySet, IStorage storage)
   at Ryujinx.Ava.Systems.AppLibrary.ApplicationLibrary.GetApplicationFromNsp(PartitionFileSystem pfs, String filePath) in C:\Users\[redacted]\Downloads\MHRise-NPLN-Lab-v0.2\Ryujinx-Nextendo-1.7.9\Ryujinx-Nextendo-1.7.9\src\Ryujinx\Systems\AppLibrary\ApplicationLibrary.cs:line 219
00:00:21.802 |W| GUI.ApplicationLibraryThread Application GetApplicationFromNsp: Encountered an error while trying to load applications from file 'C:\Users\[redacted]\Downloads\Monster Hunter Rise [NSP]\264 DLC\Monster Hunter Rise [DLC Felyne Stealth Hood Hunter Layered Armor Piece] [0100B04011743081][v0].nsp': System.IO.InvalidDataException: Unable to decrypt NCA header. The file is not an NCA file or the header key is incorrect.
   at LibHac.Tools.FsSystem.NcaUtils.NcaHeader.DecryptHeader(KeySet keySet, IStorage storage)
   at LibHac.Tools.FsSystem.NcaUtils.Nca..ctor(KeySet keySet, IStorage storage)
   at Ryujinx.Ava.Systems.AppLibrary.ApplicationLibrary.GetApplicationFromNsp(PartitionFileSystem pfs, String filePath) in C:\Users\[redacted]\Downloads\MHRise-NPLN-Lab-v0.2\Ryujinx-Nextendo-1.7.9\Ryujinx-Nextendo-1.7.9\src\Ryujinx\Systems\AppLibrary\ApplicationLibrary.cs:line 219
00:00:21.814 |W| GUI.ApplicationLibraryThread Application GetApplicationFromNsp: Encountered an error while trying to load applications from file 'C:\Users\[redacted]\Downloads\Monster Hunter Rise [NSP]\264 DLC\Monster Hunter Rise [DLC Felyne Tail Hunter Layered Armor Piece] [0100B04011743053][v0].nsp': System.IO.InvalidDataException: Unable to decrypt NCA header. The file is not an NCA file or the header key is incorrect.
   at LibHac.Tools.FsSystem.NcaUtils.NcaHeader.DecryptHeader(KeySet keySet, IStorage storage)
   at LibHac.Tools.FsSystem.NcaUtils.Nca..ctor(KeySet keySet, IStorage storage)
   at Ryujinx.Ava.Systems.AppLibrary.ApplicationLibrary.GetApplicationFromNsp(PartitionFileSystem pfs, String filePath) in C:\Users\[redacted]\Downloads\MHRise-NPLN-Lab-v0.2\Ryujinx-Nextendo-1.7.9\Ryujinx-Nextendo-1.7.9\src\Ryujinx\Systems\AppLibrary\ApplicationLibrary.cs:line 219
00:00:21.827 |W| GUI.ApplicationLibraryThread Application GetApplicationFromNsp: Encountered an error while trying to load applications from file 'C:\Users\[redacted]\Downloads\Monster Hunter Rise [NSP]\264 DLC\Monster Hunter Rise [DLC Fierce Eyes Face Paint] [0100B0401174309C][v0].nsp': System.IO.InvalidDataException: Unable to decrypt NCA header. The file is not an NCA file or the header key is incorrect.
   at LibHac.Tools.FsSystem.NcaUtils.NcaHeader.DecryptHeader(KeySet keySet, IStorage storage)
   at LibHac.Tools.FsSystem.NcaUtils.Nca..ctor(KeySet keySet, IStorage storage)
   at Ryujinx.Ava.Systems.AppLibrary.ApplicationLibrary.GetApplicationFromNsp(PartitionFileSystem pfs, String filePath) in C:\Users\[redacted]\Downloads\MHRise-NPLN-Lab-v0.2\Ryujinx-Nextendo-1.7.9\Ryujinx-Nextendo-1.7.9\src\Ryujinx\Systems\AppLibrary\ApplicationLibrary.cs:line 219
00:00:21.842 |W| GUI.ApplicationLibraryThread Application GetApplicationFromNsp: Encountered an error while trying to load applications from file 'C:\Users\[redacted]\Downloads\Monster Hunter Rise [NSP]\264 DLC\Monster Hunter Rise [DLC Fiorayne Hunter Layered Armor Set] [0100B040117430CC][v0].nsp': System.IO.InvalidDataException: Unable to decrypt NCA header. The file is not an NCA file or the header key is incorrect.
   at LibHac.Tools.FsSystem.NcaUtils.NcaHeader.DecryptHeader(KeySet keySet, IStorage storage)
   at LibHac.Tools.FsSystem.NcaUtils.Nca..ctor(KeySet keySet, IStorage storage)
   at Ryujinx.Ava.Systems.AppLibrary.ApplicationLibrary.GetApplicationFromNsp(PartitionFileSystem pfs, String filePath) in C:\Users\[redacted]\Downloads\MHRise-NPLN-Lab-v0.2\Ryujinx-Nextendo-1.7.9\Ryujinx-Nextendo-1.7.9\src\Ryujinx\Systems\AppLibrary\ApplicationLibrary.cs:line 219
00:00:21.855 |W| GUI.ApplicationLibraryThread Application GetApplicationFromNsp: Encountered an error while trying to load applications from file 'C:\Users\[redacted]\Downloads\Monster Hunter Rise [NSP]\264 DLC\Monster Hunter Rise [DLC Fiorayne Short Hairstyle] [0100B040117430BE][v0].nsp': System.IO.InvalidDataException: Unable to decrypt NCA header. The file is not an NCA file or the header key is incorrect.
   at LibHac.Tools.FsSystem.NcaUtils.NcaHeader.DecryptHeader(KeySet keySet, IStorage storage)
   at LibHac.Tools.FsSystem.NcaUtils.Nca..ctor(KeySet keySet, IStorage storage)
   at Ryujinx.Ava.Systems.AppLibrary.ApplicationLibrary.GetApplicationFromNsp(PartitionFileSystem pfs, String filePath) in C:\Users\[redacted]\Downloads\MHRise-NPLN-Lab-v0.2\Ryujinx-Nextendo-1.7.9\Ryujinx-Nextendo-1.7.9\src\Ryujinx\Systems\AppLibrary\ApplicationLibrary.cs:line 219
00:00:21.867 |W| GUI.ApplicationLibraryThread Application GetApplicationFromNsp: Encountered an error while trying to load applications from file 'C:\Users\[redacted]\Downloads\Monster Hunter Rise [NSP]\264 DLC\Monster Hunter Rise [DLC Floral Mask Hunter Layered Armor Piece] [0100B04011743067][v0].nsp': System.IO.InvalidDataException: Unable to decrypt NCA header. The file is not an NCA file or the header key is incorrect.
   at LibHac.Tools.FsSystem.NcaUtils.NcaHeader.DecryptHeader(KeySet keySet, IStorage storage)
   at LibHac.Tools.FsSystem.NcaUtils.Nca..ctor(KeySet keySet, IStorage storage)
   at Ryujinx.Ava.Systems.AppLibrary.ApplicationLibrary.GetApplicationFromNsp(PartitionFileSystem pfs, String filePath) in C:\Users\[redacted]\Downloads\MHRise-NPLN-Lab-v0.2\Ryujinx-Nextendo-1.7.9\Ryujinx-Nextendo-1.7.9\src\Ryujinx\Systems\AppLibrary\ApplicationLibrary.cs:line 219
00:00:21.883 |W| GUI.ApplicationLibraryThread Application GetApplicationFromNsp: Encountered an error while trying to load applications from file 'C:\Users\[redacted]\Downloads\Monster Hunter Rise [NSP]\264 DLC\Monster Hunter Rise [DLC Floral Sleeves Hunter Layered Armor Piece] [0100B04011743065][v0].nsp': System.IO.InvalidDataException: Unable to decrypt NCA header. The file is not an NCA file or the header key is incorrect.
   at LibHac.Tools.FsSystem.NcaUtils.NcaHeader.DecryptHeader(KeySet keySet, IStorage storage)
   at LibHac.Tools.FsSystem.NcaUtils.Nca..ctor(KeySet keySet, IStorage storage)
   at Ryujinx.Ava.Systems.AppLibrary.ApplicationLibrary.GetApplicationFromNsp(PartitionFileSystem pfs, String filePath) in C:\Users\[redacted]\Downloads\MHRise-NPLN-Lab-v0.2\Ryujinx-Nextendo-1.7.9\Ryujinx-Nextendo-1.7.9\src\Ryujinx\Systems\AppLibrary\ApplicationLibrary.cs:line 219
00:00:21.896 |W| GUI.ApplicationLibraryThread Application GetApplicationFromNsp: Encountered an error while trying to load applications from file 'C:\Users\[redacted]\Downloads\Monster Hunter Rise [NSP]\264 DLC\Monster Hunter Rise [DLC Floral Yukata Hunter Layered Armor Piece] [0100B04011743064][v0].nsp': System.IO.InvalidDataException: Unable to decrypt NCA header. The file is not an NCA file or the header key is incorrect.
   at LibHac.Tools.FsSystem.NcaUtils.NcaHeader.DecryptHeader(KeySet keySet, IStorage storage)
   at LibHac.Tools.FsSystem.NcaUtils.Nca..ctor(KeySet keySet, IStorage storage)
   at Ryujinx.Ava.Systems.AppLibrary.ApplicationLibrary.GetApplicationFromNsp(PartitionFileSystem pfs, String filePath) in C:\Users\[redacted]\Downloads\MHRise-NPLN-Lab-v0.2\Ryujinx-Nextendo-1.7.9\Ryujinx-Nextendo-1.7.9\src\Ryujinx\Systems\AppLibrary\ApplicationLibrary.cs:line 219
00:00:21.910 |W| GUI.ApplicationLibraryThread Application GetApplicationFromNsp: Encountered an error while trying to load applications from file 'C:\Users\[redacted]\Downloads\Monster Hunter Rise [NSP]\264 DLC\Monster Hunter Rise [DLC Floral Zori Hunter Layered Armor Piece] [0100B04011743066][v0].nsp': System.IO.InvalidDataException: Unable to decrypt NCA header. The file is not an NCA file or the header key is incorrect.
   at LibHac.Tools.FsSystem.NcaUtils.NcaHeader.DecryptHeader(KeySet keySet, IStorage storage)
   at LibHac.Tools.FsSystem.NcaUtils.Nca..ctor(KeySet keySet, IStorage storage)
   at Ryujinx.Ava.Systems.AppLibrary.ApplicationLibrary.GetApplicationFromNsp(PartitionFileSystem pfs, String filePath) in C:\Users\[redacted]\Downloads\MHRise-NPLN-Lab-v0.2\Ryujinx-Nextendo-1.7.9\Ryujinx-Nextendo-1.7.9\src\Ryujinx\Systems\AppLibrary\ApplicationLibrary.cs:line 219
00:00:21.924 |W| GUI.ApplicationLibraryThread Application GetApplicationFromNsp: Encountered an error while trying to load applications from file 'C:\Users\[redacted]\Downloads\Monster Hunter Rise [NSP]\264 DLC\Monster Hunter Rise [DLC Fluffy Fur Belt Hunter layered armor piece] [0100B040117430F8][v0].nsp': System.IO.InvalidDataException: Unable to decrypt NCA header. The file is not an NCA file or the header key is incorrect.
   at LibHac.Tools.FsSystem.NcaUtils.NcaHeader.DecryptHeader(KeySet keySet, IStorage storage)
   at LibHac.Tools.FsSystem.NcaUtils.Nca..ctor(KeySet keySet, IStorage storage)
   at Ryujinx.Ava.Systems.AppLibrary.ApplicationLibrary.GetApplicationFromNsp(PartitionFileSystem pfs, String filePath) in C:\Users\[redacted]\Downloads\MHRise-NPLN-Lab-v0.2\Ryujinx-Nextendo-1.7.9\Ryujinx-Nextendo-1.7.9\src\Ryujinx\Systems\AppLibrary\ApplicationLibrary.cs:line 219
00:00:21.936 |W| GUI.ApplicationLibraryThread Application GetApplicationFromNsp: Encountered an error while trying to load applications from file 'C:\Users\[redacted]\Downloads\Monster Hunter Rise [NSP]\264 DLC\Monster Hunter Rise [DLC Fluffy Fur Boots Hunter layered armor piece] [0100B040117430F9][v0].nsp': System.IO.InvalidDataException: Unable to decrypt NCA header. The file is not an NCA file or the header key is incorrect.
   at LibHac.Tools.FsSystem.NcaUtils.NcaHeader.DecryptHeader(KeySet keySet, IStorage storage)
   at LibHac.Tools.FsSystem.NcaUtils.Nca..ctor(KeySet keySet, IStorage storage)
   at Ryujinx.Ava.Systems.AppLibrary.ApplicationLibrary.GetApplicationFromNsp(PartitionFileSystem pfs, String filePath) in C:\Users\[redacted]\Downloads\MHRise-NPLN-Lab-v0.2\Ryujinx-Nextendo-1.7.9\Ryujinx-Nextendo-1.7.9\src\Ryujinx\Systems\AppLibrary\ApplicationLibrary.cs:line 219
00:00:21.950 |W| GUI.ApplicationLibraryThread Application GetApplicationFromNsp: Encountered an error while trying to load applications from file 'C:\Users\[redacted]\Downloads\Monster Hunter Rise [NSP]\264 DLC\Monster Hunter Rise [DLC Fluffy Fur Gloves Hunter layered armor piece] [0100B040117430F7][v0].nsp': System.IO.InvalidDataException: Unable to decrypt NCA header. The file is not an NCA file or the header key is incorrect.
   at LibHac.Tools.FsSystem.NcaUtils.NcaHeader.DecryptHeader(KeySet keySet, IStorage storage)
   at LibHac.Tools.FsSystem.NcaUtils.Nca..ctor(KeySet keySet, IStorage storage)
   at Ryujinx.Ava.Systems.AppLibrary.ApplicationLibrary.GetApplicationFromNsp(PartitionFileSystem pfs, String filePath) in C:\Users\[redacted]\Downloads\MHRise-NPLN-Lab-v0.2\Ryujinx-Nextendo-1.7.9\Ryujinx-Nextendo-1.7.9\src\Ryujinx\Systems\AppLibrary\ApplicationLibrary.cs:line 219
00:00:21.963 |W| GUI.ApplicationLibraryThread Application GetApplicationFromNsp: Encountered an error while trying to load applications from file 'C:\Users\[redacted]\Downloads\Monster Hunter Rise [NSP]\264 DLC\Monster Hunter Rise [DLC Fluffy Fur Hat Hunter layered armor piece] [0100B040117430F5][v0].nsp': System.IO.InvalidDataException: Unable to decrypt NCA header. The file is not an NCA file or the header key is incorrect.
   at LibHac.Tools.FsSystem.NcaUtils.NcaHeader.DecryptHeader(KeySet keySet, IStorage storage)
   at LibHac.Tools.FsSystem.NcaUtils.Nca..ctor(KeySet keySet, IStorage storage)
   at Ryujinx.Ava.Systems.AppLibrary.ApplicationLibrary.GetApplicationFromNsp(PartitionFileSystem pfs, String filePath) in C:\Users\[redacted]\Downloads\MHRise-NPLN-Lab-v0.2\Ryujinx-Nextendo-1.7.9\Ryujinx-Nextendo-1.7.9\src\Ryujinx\Systems\AppLibrary\ApplicationLibrary.cs:line 219
00:00:21.976 |W| GUI.ApplicationLibraryThread Application GetApplicationFromNsp: Encountered an error while trying to load applications from file 'C:\Users\[redacted]\Downloads\Monster Hunter Rise [NSP]\264 DLC\Monster Hunter Rise [DLC Fluffy Fur Robe Hunter layered armor piece] [0100B040117430F6][v0].nsp': System.IO.InvalidDataException: Unable to decrypt NCA header. The file is not an NCA file or the header key is incorrect.
   at LibHac.Tools.FsSystem.NcaUtils.NcaHeader.DecryptHeader(KeySet keySet, IStorage storage)
   at LibHac.Tools.FsSystem.NcaUtils.Nca..ctor(KeySet keySet, IStorage storage)
   at Ryujinx.Ava.Systems.AppLibrary.ApplicationLibrary.GetApplicationFromNsp(PartitionFileSystem pfs, String filePath) in C:\Users\[redacted]\Downloads\MHRise-NPLN-Lab-v0.2\Ryujinx-Nextendo-1.7.9\Ryujinx-Nextendo-1.7.9\src\Ryujinx\Systems\AppLibrary\ApplicationLibrary.cs:line 219
00:00:21.991 |W| GUI.ApplicationLibraryThread Application GetApplicationFromNsp: Encountered an error while trying to load applications from file 'C:\Users\[redacted]\Downloads\Monster Hunter Rise [NSP]\264 DLC\Monster Hunter Rise [DLC Fluffy Hood Cohoot outfit] [0100B0401174301A][v0].nsp': System.IO.InvalidDataException: Unable to decrypt NCA header. The file is not an NCA file or the header key is incorrect.
   at LibHac.Tools.FsSystem.NcaUtils.NcaHeader.DecryptHeader(KeySet keySet, IStorage storage)
   at LibHac.Tools.FsSystem.NcaUtils.Nca..ctor(KeySet keySet, IStorage storage)
   at Ryujinx.Ava.Systems.AppLibrary.ApplicationLibrary.GetApplicationFromNsp(PartitionFileSystem pfs, String filePath) in C:\Users\[redacted]\Downloads\MHRise-NPLN-Lab-v0.2\Ryujinx-Nextendo-1.7.9\Ryujinx-Nextendo-1.7.9\src\Ryujinx\Systems\AppLibrary\ApplicationLibrary.cs:line 219
00:00:22.003 |W| GUI.ApplicationLibraryThread Application GetApplicationFromNsp: Encountered an error while trying to load applications from file 'C:\Users\[redacted]\Downloads\Monster Hunter Rise [NSP]\264 DLC\Monster Hunter Rise [DLC Fluffy Long Hairstyle] [0100B040117430D2][v0].nsp': System.IO.InvalidDataException: Unable to decrypt NCA header. The file is not an NCA file or the header key is incorrect.
   at LibHac.Tools.FsSystem.NcaUtils.NcaHeader.DecryptHeader(KeySet keySet, IStorage storage)
   at LibHac.Tools.FsSystem.NcaUtils.Nca..ctor(KeySet keySet, IStorage storage)
   at Ryujinx.Ava.Systems.AppLibrary.ApplicationLibrary.GetApplicationFromNsp(PartitionFileSystem pfs, String filePath) in C:\Users\[redacted]\Downloads\MHRise-NPLN-Lab-v0.2\Ryujinx-Nextendo-1.7.9\Ryujinx-Nextendo-1.7.9\src\Ryujinx\Systems\AppLibrary\ApplicationLibrary.cs:line 219
00:00:22.017 |W| GUI.ApplicationLibraryThread Application GetApplicationFromNsp: Encountered an error while trying to load applications from file 'C:\Users\[redacted]\Downloads\Monster Hunter Rise [NSP]\264 DLC\Monster Hunter Rise [DLC For The Fans Gesture Set] [0100B040117430BB][v0].nsp': System.IO.InvalidDataException: Unable to decrypt NCA header. The file is not an NCA file or the header key is incorrect.
   at LibHac.Tools.FsSystem.NcaUtils.NcaHeader.DecryptHeader(KeySet keySet, IStorage storage)
   at LibHac.Tools.FsSystem.NcaUtils.Nca..ctor(KeySet keySet, IStorage storage)
   at Ryujinx.Ava.Systems.AppLibrary.ApplicationLibrary.GetApplicationFromNsp(PartitionFileSystem pfs, String filePath) in C:\Users\[redacted]\Downloads\MHRise-NPLN-Lab-v0.2\Ryujinx-Nextendo-1.7.9\Ryujinx-Nextendo-1.7.9\src\Ryujinx\Systems\AppLibrary\ApplicationLibrary.cs:line 219
00:00:22.031 |W| GUI.ApplicationLibraryThread Application GetApplicationFromNsp: Encountered an error while trying to load applications from file 'C:\Users\[redacted]\Downloads\Monster Hunter Rise [NSP]\264 DLC\Monster Hunter Rise [DLC Fox Mask Hunter layered armor piece] [0100B04011743026][v0].nsp': System.IO.InvalidDataException: Unable to decrypt NCA header. The file is not an NCA file or the header key is incorrect.
   at LibHac.Tools.FsSystem.NcaUtils.NcaHeader.DecryptHeader(KeySet keySet, IStorage storage)
   at LibHac.Tools.FsSystem.NcaUtils.Nca..ctor(KeySet keySet, IStorage storage)
   at Ryujinx.Ava.Systems.AppLibrary.ApplicationLibrary.GetApplicationFromNsp(PartitionFileSystem pfs, String filePath) in C:\Users\[redacted]\Downloads\MHRise-NPLN-Lab-v0.2\Ryujinx-Nextendo-1.7.9\Ryujinx-Nextendo-1.7.9\src\Ryujinx\Systems\AppLibrary\ApplicationLibrary.cs:line 219
00:00:22.045 |W| GUI.ApplicationLibraryThread Application GetApplicationFromNsp: Encountered an error while trying to load applications from file 'C:\Users\[redacted]\Downloads\Monster Hunter Rise [NSP]\264 DLC\Monster Hunter Rise [DLC Frilled Choker Hunter Layered Armor Piece] [0100B0401174307F][v0].nsp': System.IO.InvalidDataException: Unable to decrypt NCA header. The file is not an NCA file or the header key is incorrect.
   at LibHac.Tools.FsSystem.NcaUtils.NcaHeader.DecryptHeader(KeySet keySet, IStorage storage)
   at LibHac.Tools.FsSystem.NcaUtils.Nca..ctor(KeySet keySet, IStorage storage)
   at Ryujinx.Ava.Systems.AppLibrary.ApplicationLibrary.GetApplicationFromNsp(PartitionFileSystem pfs, String filePath) in C:\Users\[redacted]\Downloads\MHRise-NPLN-Lab-v0.2\Ryujinx-Nextendo-1.7.9\Ryujinx-Nextendo-1.7.9\src\Ryujinx\Systems\AppLibrary\ApplicationLibrary.cs:line 219
00:00:22.058 |W| GUI.ApplicationLibraryThread Application GetApplicationFromNsp: Encountered an error while trying to load applications from file 'C:\Users\[redacted]\Downloads\Monster Hunter Rise [NSP]\264 DLC\Monster Hunter Rise [DLC Ghost Face Paint] [0100B040117430D3][v0].nsp': System.IO.InvalidDataException: Unable to decrypt NCA header. The file is not an NCA file or the header key is incorrect.
   at LibHac.Tools.FsSystem.NcaUtils.NcaHeader.DecryptHeader(KeySet keySet, IStorage storage)
   at LibHac.Tools.FsSystem.NcaUtils.Nca..ctor(KeySet keySet, IStorage storage)
   at Ryujinx.Ava.Systems.AppLibrary.ApplicationLibrary.GetApplicationFromNsp(PartitionFileSystem pfs, String filePath) in C:\Users\[redacted]\Downloads\MHRise-NPLN-Lab-v0.2\Ryujinx-Nextendo-1.7.9\Ryujinx-Nextendo-1.7.9\src\Ryujinx\Systems\AppLibrary\ApplicationLibrary.cs:line 219
00:00:22.071 |W| GUI.ApplicationLibraryThread Application GetApplicationFromNsp: Encountered an error while trying to load applications from file 'C:\Users\[redacted]\Downloads\Monster Hunter Rise [NSP]\264 DLC\Monster Hunter Rise [DLC Gorgeous Earrings Hunter Layered Armor Piece] [0100B04011743072][v0].nsp': System.IO.InvalidDataException: Unable to decrypt NCA header. The file is not an NCA file or the header key is incorrect.
   at LibHac.Tools.FsSystem.NcaUtils.NcaHeader.DecryptHeader(KeySet keySet, IStorage storage)
   at LibHac.Tools.FsSystem.NcaUtils.Nca..ctor(KeySet keySet, IStorage storage)
   at Ryujinx.Ava.Systems.AppLibrary.ApplicationLibrary.GetApplicationFromNsp(PartitionFileSystem pfs, String filePath) in C:\Users\[redacted]\Downloads\MHRise-NPLN-Lab-v0.2\Ryujinx-Nextendo-1.7.9\Ryujinx-Nextendo-1.7.9\src\Ryujinx\Systems\AppLibrary\ApplicationLibrary.cs:line 219
00:00:22.085 |W| GUI.ApplicationLibraryThread Application GetApplicationFromNsp: Encountered an error while trying to load applications from file 'C:\Users\[redacted]\Downloads\Monster Hunter Rise [NSP]\264 DLC\Monster Hunter Rise [DLC Graceful Dance Gesture Set] [0100B04011743098][v0].nsp': System.IO.InvalidDataException: Unable to decrypt NCA header. The file is not an NCA file or the header key is incorrect.
   at LibHac.Tools.FsSystem.NcaUtils.NcaHeader.DecryptHeader(KeySet keySet, IStorage storage)
   at LibHac.Tools.FsSystem.NcaUtils.Nca..ctor(KeySet keySet, IStorage storage)
   at Ryujinx.Ava.Systems.AppLibrary.ApplicationLibrary.GetApplicationFromNsp(PartitionFileSystem pfs, String filePath) in C:\Users\[redacted]\Downloads\MHRise-NPLN-Lab-v0.2\Ryujinx-Nextendo-1.7.9\Ryujinx-Nextendo-1.7.9\src\Ryujinx\Systems\AppLibrary\ApplicationLibrary.cs:line 219
00:00:22.098 |W| GUI.ApplicationLibraryThread Application GetApplicationFromNsp: Encountered an error while trying to load applications from file 'C:\Users\[redacted]\Downloads\Monster Hunter Rise [NSP]\264 DLC\Monster Hunter Rise [DLC Great Baggi Crest hairstyle] [0100B0401174300D][v0].nsp': System.IO.InvalidDataException: Unable to decrypt NCA header. The file is not an NCA file or the header key is incorrect.
   at LibHac.Tools.FsSystem.NcaUtils.NcaHeader.DecryptHeader(KeySet keySet, IStorage storage)
   at LibHac.Tools.FsSystem.NcaUtils.Nca..ctor(KeySet keySet, IStorage storage)
   at Ryujinx.Ava.Systems.AppLibrary.ApplicationLibrary.GetApplicationFromNsp(PartitionFileSystem pfs, String filePath) in C:\Users\[redacted]\Downloads\MHRise-NPLN-Lab-v0.2\Ryujinx-Nextendo-1.7.9\Ryujinx-Nextendo-1.7.9\src\Ryujinx\Systems\AppLibrary\ApplicationLibrary.cs:line 219
00:00:22.117 |W| GUI.ApplicationLibraryThread Application GetApplicationFromNsp: Encountered an error while trying to load applications from file 'C:\Users\[redacted]\Downloads\Monster Hunter Rise [NSP]\264 DLC\Monster Hunter Rise [DLC Heart Collar Palamute Layered Armor] [0100B0401174303D][v0].nsp': System.IO.InvalidDataException: Unable to decrypt NCA header. The file is not an NCA file or the header key is incorrect.
   at LibHac.Tools.FsSystem.NcaUtils.NcaHeader.DecryptHeader(KeySet keySet, IStorage storage)
   at LibHac.Tools.FsSystem.NcaUtils.Nca..ctor(KeySet keySet, IStorage storage)
   at Ryujinx.Ava.Systems.AppLibrary.ApplicationLibrary.GetApplicationFromNsp(PartitionFileSystem pfs, String filePath) in C:\Users\[redacted]\Downloads\MHRise-NPLN-Lab-v0.2\Ryujinx-Nextendo-1.7.9\Ryujinx-Nextendo-1.7.9\src\Ryujinx\Systems\AppLibrary\ApplicationLibrary.cs:line 219
00:00:22.130 |W| GUI.ApplicationLibraryThread Application GetApplicationFromNsp: Encountered an error while trying to load applications from file 'C:\Users\[redacted]\Downloads\Monster Hunter Rise [NSP]\264 DLC\Monster Hunter Rise [DLC Heart Collar Palico Layered Armor] [0100B04011743039][v0].nsp': System.IO.InvalidDataException: Unable to decrypt NCA header. The file is not an NCA file or the header key is incorrect.
   at LibHac.Tools.FsSystem.NcaUtils.NcaHeader.DecryptHeader(KeySet keySet, IStorage storage)
   at LibHac.Tools.FsSystem.NcaUtils.Nca..ctor(KeySet keySet, IStorage storage)
   at Ryujinx.Ava.Systems.AppLibrary.ApplicationLibrary.GetApplicationFromNsp(PartitionFileSystem pfs, String filePath) in C:\Users\[redacted]\Downloads\MHRise-NPLN-Lab-v0.2\Ryujinx-Nextendo-1.7.9\Ryujinx-Nextendo-1.7.9\src\Ryujinx\Systems\AppLibrary\ApplicationLibrary.cs:line 219
00:00:22.145 |W| GUI.ApplicationLibraryThread Application GetApplicationFromNsp: Encountered an error while trying to load applications from file 'C:\Users\[redacted]\Downloads\Monster Hunter Rise [NSP]\264 DLC\Monster Hunter Rise [DLC Hero face paint] [0100B04011743015][v0].nsp': System.IO.InvalidDataException: Unable to decrypt NCA header. The file is not an NCA file or the header key is incorrect.
   at LibHac.Tools.FsSystem.NcaUtils.NcaHeader.DecryptHeader(KeySet keySet, IStorage storage)
   at LibHac.Tools.FsSystem.NcaUtils.Nca..ctor(KeySet keySet, IStorage storage)
   at Ryujinx.Ava.Systems.AppLibrary.ApplicationLibrary.GetApplicationFromNsp(PartitionFileSystem pfs, String filePath) in C:\Users\[redacted]\Downloads\MHRise-NPLN-Lab-v0.2\Ryujinx-Nextendo-1.7.9\Ryujinx-Nextendo-1.7.9\src\Ryujinx\Systems\AppLibrary\ApplicationLibrary.cs:line 219
00:00:22.158 |W| GUI.ApplicationLibraryThread Application GetApplicationFromNsp: Encountered an error while trying to load applications from file 'C:\Users\[redacted]\Downloads\Monster Hunter Rise [NSP]\264 DLC\Monster Hunter Rise [DLC Hide Pose Set] [0100B0401174304D][v0].nsp': System.IO.InvalidDataException: Unable to decrypt NCA header. The file is not an NCA file or the header key is incorrect.
   at LibHac.Tools.FsSystem.NcaUtils.NcaHeader.DecryptHeader(KeySet keySet, IStorage storage)
   at LibHac.Tools.FsSystem.NcaUtils.Nca..ctor(KeySet keySet, IStorage storage)
   at Ryujinx.Ava.Systems.AppLibrary.ApplicationLibrary.GetApplicationFromNsp(PartitionFileSystem pfs, String filePath) in C:\Users\[redacted]\Downloads\MHRise-NPLN-Lab-v0.2\Ryujinx-Nextendo-1.7.9\Ryujinx-Nextendo-1.7.9\src\Ryujinx\Systems\AppLibrary\ApplicationLibrary.cs:line 219
00:00:22.173 |W| GUI.ApplicationLibraryThread Application GetApplicationFromNsp: Encountered an error while trying to load applications from file 'C:\Users\[redacted]\Downloads\Monster Hunter Rise [NSP]\264 DLC\Monster Hunter Rise [DLC High Five gesture] [0100B04011743023][v0].nsp': System.IO.InvalidDataException: Unable to decrypt NCA header. The file is not an NCA file or the header key is incorrect.
   at LibHac.Tools.FsSystem.NcaUtils.NcaHeader.DecryptHeader(KeySet keySet, IStorage storage)
   at LibHac.Tools.FsSystem.NcaUtils.Nca..ctor(KeySet keySet, IStorage storage)
   at Ryujinx.Ava.Systems.AppLibrary.ApplicationLibrary.GetApplicationFromNsp(PartitionFileSystem pfs, String filePath) in C:\Users\[redacted]\Downloads\MHRise-NPLN-Lab-v0.2\Ryujinx-Nextendo-1.7.9\Ryujinx-Nextendo-1.7.9\src\Ryujinx\Systems\AppLibrary\ApplicationLibrary.cs:line 219
00:00:22.186 |W| GUI.ApplicationLibraryThread Application GetApplicationFromNsp: Encountered an error while trying to load applications from file 'C:\Users\[redacted]\Downloads\Monster Hunter Rise [NSP]\264 DLC\Monster Hunter Rise [DLC High-brows makeup] [0100B040117430F3][v0].nsp': System.IO.InvalidDataException: Unable to decrypt NCA header. The file is not an NCA file or the header key is incorrect.
   at LibHac.Tools.FsSystem.NcaUtils.NcaHeader.DecryptHeader(KeySet keySet, IStorage storage)
   at LibHac.Tools.FsSystem.NcaUtils.Nca..ctor(KeySet keySet, IStorage storage)
   at Ryujinx.Ava.Systems.AppLibrary.ApplicationLibrary.GetApplicationFromNsp(PartitionFileSystem pfs, String filePath) in C:\Users\[redacted]\Downloads\MHRise-NPLN-Lab-v0.2\Ryujinx-Nextendo-1.7.9\Ryujinx-Nextendo-1.7.9\src\Ryujinx\Systems\AppLibrary\ApplicationLibrary.cs:line 219
00:00:22.198 |W| GUI.ApplicationLibraryThread Application GetApplicationFromNsp: Encountered an error while trying to load applications from file 'C:\Users\[redacted]\Downloads\Monster Hunter Rise [NSP]\264 DLC\Monster Hunter Rise [DLC Hinoa Hunter layered armor set] [0100B04011743100][v0].nsp': System.IO.InvalidDataException: Unable to decrypt NCA header. The file is not an NCA file or the header key is incorrect.
   at LibHac.Tools.FsSystem.NcaUtils.NcaHeader.DecryptHeader(KeySet keySet, IStorage storage)
   at LibHac.Tools.FsSystem.NcaUtils.Nca..ctor(KeySet keySet, IStorage storage)
   at Ryujinx.Ava.Systems.AppLibrary.ApplicationLibrary.GetApplicationFromNsp(PartitionFileSystem pfs, String filePath) in C:\Users\[redacted]\Downloads\MHRise-NPLN-Lab-v0.2\Ryujinx-Nextendo-1.7.9\Ryujinx-Nextendo-1.7.9\src\Ryujinx\Systems\AppLibrary\ApplicationLibrary.cs:line 219
00:00:22.214 |W| GUI.ApplicationLibraryThread Application GetApplicationFromNsp: Encountered an error while trying to load applications from file 'C:\Users\[redacted]\Downloads\Monster Hunter Rise [NSP]\264 DLC\Monster Hunter Rise [DLC Hinoa Long Hairstyle] [0100B04011743079][v0].nsp': System.IO.InvalidDataException: Unable to decrypt NCA header. The file is not an NCA file or the header key is incorrect.
   at LibHac.Tools.FsSystem.NcaUtils.NcaHeader.DecryptHeader(KeySet keySet, IStorage storage)
   at LibHac.Tools.FsSystem.NcaUtils.Nca..ctor(KeySet keySet, IStorage storage)
   at Ryujinx.Ava.Systems.AppLibrary.ApplicationLibrary.GetApplicationFromNsp(PartitionFileSystem pfs, String filePath) in C:\Users\[redacted]\Downloads\MHRise-NPLN-Lab-v0.2\Ryujinx-Nextendo-1.7.9\Ryujinx-Nextendo-1.7.9\src\Ryujinx\Systems\AppLibrary\ApplicationLibrary.cs:line 219
00:00:22.226 |W| GUI.ApplicationLibraryThread Application GetApplicationFromNsp: Encountered an error while trying to load applications from file 'C:\Users\[redacted]\Downloads\Monster Hunter Rise [NSP]\264 DLC\Monster Hunter Rise [DLC Hunter Voice Arlow] [0100B040117430DD][v0].nsp': System.IO.InvalidDataException: Unable to decrypt NCA header. The file is not an NCA file or the header key is incorrect.
   at LibHac.Tools.FsSystem.NcaUtils.NcaHeader.DecryptHeader(KeySet keySet, IStorage storage)
   at LibHac.Tools.FsSystem.NcaUtils.Nca..ctor(KeySet keySet, IStorage storage)
   at Ryujinx.Ava.Systems.AppLibrary.ApplicationLibrary.GetApplicationFromNsp(PartitionFileSystem pfs, String filePath) in C:\Users\[redacted]\Downloads\MHRise-NPLN-Lab-v0.2\Ryujinx-Nextendo-1.7.9\Ryujinx-Nextendo-1.7.9\src\Ryujinx\Systems\AppLibrary\ApplicationLibrary.cs:line 219
00:00:22.240 |W| GUI.ApplicationLibraryThread Application GetApplicationFromNsp: Encountered an error while trying to load applications from file 'C:\Users\[redacted]\Downloads\Monster Hunter Rise [NSP]\264 DLC\Monster Hunter Rise [DLC Hunter Voice Bahari] [0100B040117430FD][v0].nsp': System.IO.InvalidDataException: Unable to decrypt NCA header. The file is not an NCA file or the header key is incorrect.
   at LibHac.Tools.FsSystem.NcaUtils.NcaHeader.DecryptHeader(KeySet keySet, IStorage storage)
   at LibHac.Tools.FsSystem.NcaUtils.Nca..ctor(KeySet keySet, IStorage storage)
   at Ryujinx.Ava.Systems.AppLibrary.ApplicationLibrary.GetApplicationFromNsp(PartitionFileSystem pfs, String filePath) in C:\Users\[redacted]\Downloads\MHRise-NPLN-Lab-v0.2\Ryujinx-Nextendo-1.7.9\Ryujinx-Nextendo-1.7.9\src\Ryujinx\Systems\AppLibrary\ApplicationLibrary.cs:line 219
00:00:22.252 |W| GUI.ApplicationLibraryThread Application GetApplicationFromNsp: Encountered an error while trying to load applications from file 'C:\Users\[redacted]\Downloads\Monster Hunter Rise [NSP]\264 DLC\Monster Hunter Rise [DLC Hunter Voice Big Bro] [0100B0401174306D][v0].nsp': System.IO.InvalidDataException: Unable to decrypt NCA header. The file is not an NCA file or the header key is incorrect.
   at LibHac.Tools.FsSystem.NcaUtils.NcaHeader.DecryptHeader(KeySet keySet, IStorage storage)
   at LibHac.Tools.FsSystem.NcaUtils.Nca..ctor(KeySet keySet, IStorage storage)
   at Ryujinx.Ava.Systems.AppLibrary.ApplicationLibrary.GetApplicationFromNsp(PartitionFileSystem pfs, String filePath) in C:\Users\[redacted]\Downloads\MHRise-NPLN-Lab-v0.2\Ryujinx-Nextendo-1.7.9\Ryujinx-Nextendo-1.7.9\src\Ryujinx\Systems\AppLibrary\ApplicationLibrary.cs:line 219
00:00:22.265 |W| GUI.ApplicationLibraryThread Application GetApplicationFromNsp: Encountered an error while trying to load applications from file 'C:\Users\[redacted]\Downloads\Monster Hunter Rise [NSP]\264 DLC\Monster Hunter Rise [DLC Hunter Voice Buddy Handler Iori] [0100B04011743049][v0].nsp': System.IO.InvalidDataException: Unable to decrypt NCA header. The file is not an NCA file or the header key is incorrect.
   at LibHac.Tools.FsSystem.NcaUtils.NcaHeader.DecryptHeader(KeySet keySet, IStorage storage)
   at LibHac.Tools.FsSystem.NcaUtils.Nca..ctor(KeySet keySet, IStorage storage)
   at Ryujinx.Ava.Systems.AppLibrary.ApplicationLibrary.GetApplicationFromNsp(PartitionFileSystem pfs, String filePath) in C:\Users\[redacted]\Downloads\MHRise-NPLN-Lab-v0.2\Ryujinx-Nextendo-1.7.9\Ryujinx-Nextendo-1.7.9\src\Ryujinx\Systems\AppLibrary\ApplicationLibrary.cs:line 219
00:00:22.279 |W| GUI.ApplicationLibraryThread Application GetApplicationFromNsp: Encountered an error while trying to load applications from file 'C:\Users\[redacted]\Downloads\Monster Hunter Rise [NSP]\264 DLC\Monster Hunter Rise [DLC Hunter Voice Chichae] [0100B040117430FC][v0].nsp': System.IO.InvalidDataException: Unable to decrypt NCA header. The file is not an NCA file or the header key is incorrect.
   at LibHac.Tools.FsSystem.NcaUtils.NcaHeader.DecryptHeader(KeySet keySet, IStorage storage)
   at LibHac.Tools.FsSystem.NcaUtils.Nca..ctor(KeySet keySet, IStorage storage)
   at Ryujinx.Ava.Systems.AppLibrary.ApplicationLibrary.GetApplicationFromNsp(PartitionFileSystem pfs, String filePath) in C:\Users\[redacted]\Downloads\MHRise-NPLN-Lab-v0.2\Ryujinx-Nextendo-1.7.9\Ryujinx-Nextendo-1.7.9\src\Ryujinx\Systems\AppLibrary\ApplicationLibrary.cs:line 219
00:00:22.293 |W| GUI.ApplicationLibraryThread Application GetApplicationFromNsp: Encountered an error while trying to load applications from file 'C:\Users\[redacted]\Downloads\Monster Hunter Rise [NSP]\264 DLC\Monster Hunter Rise [DLC Hunter Voice Cool Girl] [0100B0401174306E][v0].nsp': System.IO.InvalidDataException: Unable to decrypt NCA header. The file is not an NCA file or the header key is incorrect.
   at LibHac.Tools.FsSystem.NcaUtils.NcaHeader.DecryptHeader(KeySet keySet, IStorage storage)
   at LibHac.Tools.FsSystem.NcaUtils.Nca..ctor(KeySet keySet, IStorage storage)
   at Ryujinx.Ava.Systems.AppLibrary.ApplicationLibrary.GetApplicationFromNsp(PartitionFileSystem pfs, String filePath) in C:\Users\[redacted]\Downloads\MHRise-NPLN-Lab-v0.2\Ryujinx-Nextendo-1.7.9\Ryujinx-Nextendo-1.7.9\src\Ryujinx\Systems\AppLibrary\ApplicationLibrary.cs:line 219
00:00:22.306 |W| GUI.ApplicationLibraryThread Application GetApplicationFromNsp: Encountered an error while trying to load applications from file 'C:\Users\[redacted]\Downloads\Monster Hunter Rise [NSP]\264 DLC\Monster Hunter Rise [DLC Hunter Voice Fiorayne] [0100B040117430C8][v0].nsp': System.IO.InvalidDataException: Unable to decrypt NCA header. The file is not an NCA file or the header key is incorrect.
   at LibHac.Tools.FsSystem.NcaUtils.NcaHeader.DecryptHeader(KeySet keySet, IStorage storage)
   at LibHac.Tools.FsSystem.NcaUtils.Nca..ctor(KeySet keySet, IStorage storage)
   at Ryujinx.Ava.Systems.AppLibrary.ApplicationLibrary.GetApplicationFromNsp(PartitionFileSystem pfs, String filePath) in C:\Users\[redacted]\Downloads\MHRise-NPLN-Lab-v0.2\Ryujinx-Nextendo-1.7.9\Ryujinx-Nextendo-1.7.9\src\Ryujinx\Systems\AppLibrary\ApplicationLibrary.cs:line 219
00:00:22.320 |W| GUI.ApplicationLibraryThread Application GetApplicationFromNsp: Encountered an error while trying to load applications from file 'C:\Users\[redacted]\Downloads\Monster Hunter Rise [NSP]\264 DLC\Monster Hunter Rise [DLC Hunter Voice Fugen] [0100B04011743030][v0].nsp': System.IO.InvalidDataException: Unable to decrypt NCA header. The file is not an NCA file or the header key is incorrect.
   at LibHac.Tools.FsSystem.NcaUtils.NcaHeader.DecryptHeader(KeySet keySet, IStorage storage)
   at LibHac.Tools.FsSystem.NcaUtils.Nca..ctor(KeySet keySet, IStorage storage)
   at Ryujinx.Ava.Systems.AppLibrary.ApplicationLibrary.GetApplicationFromNsp(PartitionFileSystem pfs, String filePath) in C:\Users\[redacted]\Downloads\MHRise-NPLN-Lab-v0.2\Ryujinx-Nextendo-1.7.9\Ryujinx-Nextendo-1.7.9\src\Ryujinx\Systems\AppLibrary\ApplicationLibrary.cs:line 219
00:00:22.333 |W| GUI.ApplicationLibraryThread Application GetApplicationFromNsp: Encountered an error while trying to load applications from file 'C:\Users\[redacted]\Downloads\Monster Hunter Rise [NSP]\264 DLC\Monster Hunter Rise [DLC Hunter Voice Galleus] [0100B040117430C9][v0].nsp': System.IO.InvalidDataException: Unable to decrypt NCA header. The file is not an NCA file or the header key is incorrect.
   at LibHac.Tools.FsSystem.NcaUtils.NcaHeader.DecryptHeader(KeySet keySet, IStorage storage)
   at LibHac.Tools.FsSystem.NcaUtils.Nca..ctor(KeySet keySet, IStorage storage)
   at Ryujinx.Ava.Systems.AppLibrary.ApplicationLibrary.GetApplicationFromNsp(PartitionFileSystem pfs, String filePath) in C:\Users\[redacted]\Downloads\MHRise-NPLN-Lab-v0.2\Ryujinx-Nextendo-1.7.9\Ryujinx-Nextendo-1.7.9\src\Ryujinx\Systems\AppLibrary\ApplicationLibrary.cs:line 219
00:00:22.349 |W| GUI.ApplicationLibraryThread Application GetApplicationFromNsp: Encountered an error while trying to load applications from file 'C:\Users\[redacted]\Downloads\Monster Hunter Rise [NSP]\264 DLC\Monster Hunter Rise [DLC Hunter Voice Hinoa the Quest Maiden] [0100B04011743011][v0].nsp': System.IO.InvalidDataException: Unable to decrypt NCA header. The file is not an NCA file or the header key is incorrect.
   at LibHac.Tools.FsSystem.NcaUtils.NcaHeader.DecryptHeader(KeySet keySet, IStorage storage)
   at LibHac.Tools.FsSystem.NcaUtils.Nca..ctor(KeySet keySet, IStorage storage)
   at Ryujinx.Ava.Systems.AppLibrary.ApplicationLibrary.GetApplicationFromNsp(PartitionFileSystem pfs, String filePath) in C:\Users\[redacted]\Downloads\MHRise-NPLN-Lab-v0.2\Ryujinx-Nextendo-1.7.9\Ryujinx-Nextendo-1.7.9\src\Ryujinx\Systems\AppLibrary\ApplicationLibrary.cs:line 219
00:00:22.363 |W| GUI.ApplicationLibraryThread Application GetApplicationFromNsp: Encountered an error while trying to load applications from file 'C:\Users\[redacted]\Downloads\Monster Hunter Rise [NSP]\264 DLC\Monster Hunter Rise [DLC Hunter Voice Jae] [0100B0401174312A][v0].nsp': System.IO.InvalidDataException: Unable to decrypt NCA header. The file is not an NCA file or the header key is incorrect.
   at LibHac.Tools.FsSystem.NcaUtils.NcaHeader.DecryptHeader(KeySet keySet, IStorage storage)
   at LibHac.Tools.FsSystem.NcaUtils.Nca..ctor(KeySet keySet, IStorage storage)
   at Ryujinx.Ava.Systems.AppLibrary.ApplicationLibrary.GetApplicationFromNsp(PartitionFileSystem pfs, String filePath) in C:\Users\[redacted]\Downloads\MHRise-NPLN-Lab-v0.2\Ryujinx-Nextendo-1.7.9\Ryujinx-Nextendo-1.7.9\src\Ryujinx\Systems\AppLibrary\ApplicationLibrary.cs:line 219
00:00:22.376 |W| GUI.ApplicationLibraryThread Application GetApplicationFromNsp: Encountered an error while trying to load applications from file 'C:\Users\[redacted]\Downloads\Monster Hunter Rise [NSP]\264 DLC\Monster Hunter Rise [DLC Hunter Voice Kagami] [0100B040117430FE][v0].nsp': System.IO.InvalidDataException: Unable to decrypt NCA header. The file is not an NCA file or the header key is incorrect.
   at LibHac.Tools.FsSystem.NcaUtils.NcaHeader.DecryptHeader(KeySet keySet, IStorage storage)
   at LibHac.Tools.FsSystem.NcaUtils.Nca..ctor(KeySet keySet, IStorage storage)
   at Ryujinx.Ava.Systems.AppLibrary.ApplicationLibrary.GetApplicationFromNsp(PartitionFileSystem pfs, String filePath) in C:\Users\[redacted]\Downloads\MHRise-NPLN-Lab-v0.2\Ryujinx-Nextendo-1.7.9\Ryujinx-Nextendo-1.7.9\src\Ryujinx\Systems\AppLibrary\ApplicationLibrary.cs:line 219
00:00:22.391 |W| GUI.ApplicationLibraryThread Application GetApplicationFromNsp: Encountered an error while trying to load applications from file 'C:\Users\[redacted]\Downloads\Monster Hunter Rise [NSP]\264 DLC\Monster Hunter Rise [DLC Hunter Voice Kagero The Merchant] [0100B0401174305B][v0].nsp': System.IO.InvalidDataException: Unable to decrypt NCA header. The file is not an NCA file or the header key is incorrect.
   at LibHac.Tools.FsSystem.NcaUtils.NcaHeader.DecryptHeader(KeySet keySet, IStorage storage)
   at LibHac.Tools.FsSystem.NcaUtils.Nca..ctor(KeySet keySet, IStorage storage)
   at Ryujinx.Ava.Systems.AppLibrary.ApplicationLibrary.GetApplicationFromNsp(PartitionFileSystem pfs, String filePath) in C:\Users\[redacted]\Downloads\MHRise-NPLN-Lab-v0.2\Ryujinx-Nextendo-1.7.9\Ryujinx-Nextendo-1.7.9\src\Ryujinx\Systems\AppLibrary\ApplicationLibrary.cs:line 219
00:00:22.405 |W| GUI.ApplicationLibraryThread Application GetApplicationFromNsp: Encountered an error while trying to load applications from file 'C:\Users\[redacted]\Downloads\Monster Hunter Rise [NSP]\264 DLC\Monster Hunter Rise [DLC Hunter Voice Luchika] [0100B040117430DC][v0].nsp': System.IO.InvalidDataException: Unable to decrypt NCA header. The file is not an NCA file or the header key is incorrect.
   at LibHac.Tools.FsSystem.NcaUtils.NcaHeader.DecryptHeader(KeySet keySet, IStorage storage)
   at LibHac.Tools.FsSystem.NcaUtils.Nca..ctor(KeySet keySet, IStorage storage)
   at Ryujinx.Ava.Systems.AppLibrary.ApplicationLibrary.GetApplicationFromNsp(PartitionFileSystem pfs, String filePath) in C:\Users\[redacted]\Downloads\MHRise-NPLN-Lab-v0.2\Ryujinx-Nextendo-1.7.9\Ryujinx-Nextendo-1.7.9\src\Ryujinx\Systems\AppLibrary\ApplicationLibrary.cs:line 219
00:00:22.418 |W| GUI.ApplicationLibraryThread Application GetApplicationFromNsp: Encountered an error while trying to load applications from file 'C:\Users\[redacted]\Downloads\Monster Hunter Rise [NSP]\264 DLC\Monster Hunter Rise [DLC Hunter Voice Master Utsushi] [0100B04011743010][v0].nsp': System.IO.InvalidDataException: Unable to decrypt NCA header. The file is not an NCA file or the header key is incorrect.
   at LibHac.Tools.FsSystem.NcaUtils.NcaHeader.DecryptHeader(KeySet keySet, IStorage storage)
   at LibHac.Tools.FsSystem.NcaUtils.Nca..ctor(KeySet keySet, IStorage storage)
   at Ryujinx.Ava.Systems.AppLibrary.ApplicationLibrary.GetApplicationFromNsp(PartitionFileSystem pfs, String filePath) in C:\Users\[redacted]\Downloads\MHRise-NPLN-Lab-v0.2\Ryujinx-Nextendo-1.7.9\Ryujinx-Nextendo-1.7.9\src\Ryujinx\Systems\AppLibrary\ApplicationLibrary.cs:line 219
00:00:22.431 |W| GUI.ApplicationLibraryThread Application GetApplicationFromNsp: Encountered an error while trying to load applications from file 'C:\Users\[redacted]\Downloads\Monster Hunter Rise [NSP]\264 DLC\Monster Hunter Rise [DLC Hunter Voice Minayle] [0100B0401174311B][v0].nsp': System.IO.InvalidDataException: Unable to decrypt NCA header. The file is not an NCA file or the header key is incorrect.
   at LibHac.Tools.FsSystem.NcaUtils.NcaHeader.DecryptHeader(KeySet keySet, IStorage storage)
   at LibHac.Tools.FsSystem.NcaUtils.Nca..ctor(KeySet keySet, IStorage storage)
   at Ryujinx.Ava.Systems.AppLibrary.ApplicationLibrary.GetApplicationFromNsp(PartitionFileSystem pfs, String filePath) in C:\Users\[redacted]\Downloads\MHRise-NPLN-Lab-v0.2\Ryujinx-Nextendo-1.7.9\Ryujinx-Nextendo-1.7.9\src\Ryujinx\Systems\AppLibrary\ApplicationLibrary.cs:line 219
00:00:22.445 |W| GUI.ApplicationLibraryThread Application GetApplicationFromNsp: Encountered an error while trying to load applications from file 'C:\Users\[redacted]\Downloads\Monster Hunter Rise [NSP]\264 DLC\Monster Hunter Rise [DLC Hunter Voice Minoto] [0100B04011743031][v0].nsp': System.IO.InvalidDataException: Unable to decrypt NCA header. The file is not an NCA file or the header key is incorrect.
   at LibHac.Tools.FsSystem.NcaUtils.NcaHeader.DecryptHeader(KeySet keySet, IStorage storage)
   at LibHac.Tools.FsSystem.NcaUtils.Nca..ctor(KeySet keySet, IStorage storage)
   at Ryujinx.Ava.Systems.AppLibrary.ApplicationLibrary.GetApplicationFromNsp(PartitionFileSystem pfs, String filePath) in C:\Users\[redacted]\Downloads\MHRise-NPLN-Lab-v0.2\Ryujinx-Nextendo-1.7.9\Ryujinx-Nextendo-1.7.9\src\Ryujinx\Systems\AppLibrary\ApplicationLibrary.cs:line 219
00:00:22.459 |W| GUI.ApplicationLibraryThread Application GetApplicationFromNsp: Encountered an error while trying to load applications from file 'C:\Users\[redacted]\Downloads\Monster Hunter Rise [NSP]\264 DLC\Monster Hunter Rise [DLC Hunter Voice Mood Swings] [0100B04011743088][v0].nsp': System.IO.InvalidDataException: Unable to decrypt NCA header. The file is not an NCA file or the header key is incorrect.
   at LibHac.Tools.FsSystem.NcaUtils.NcaHeader.DecryptHeader(KeySet keySet, IStorage storage)
   at LibHac.Tools.FsSystem.NcaUtils.Nca..ctor(KeySet keySet, IStorage storage)
   at Ryujinx.Ava.Systems.AppLibrary.ApplicationLibrary.GetApplicationFromNsp(PartitionFileSystem pfs, String filePath) in C:\Users\[redacted]\Downloads\MHRise-NPLN-Lab-v0.2\Ryujinx-Nextendo-1.7.9\Ryujinx-Nextendo-1.7.9\src\Ryujinx\Systems\AppLibrary\ApplicationLibrary.cs:line 219
00:00:22.475 |W| GUI.ApplicationLibraryThread Application GetApplicationFromNsp: Encountered an error while trying to load applications from file 'C:\Users\[redacted]\Downloads\Monster Hunter Rise [NSP]\264 DLC\Monster Hunter Rise [DLC Hunter Voice Oboro] [0100B04011743129][v0].nsp': System.IO.InvalidDataException: Unable to decrypt NCA header. The file is not an NCA file or the header key is incorrect.
   at LibHac.Tools.FsSystem.NcaUtils.NcaHeader.DecryptHeader(KeySet keySet, IStorage storage)
   at LibHac.Tools.FsSystem.NcaUtils.Nca..ctor(KeySet keySet, IStorage storage)
   at Ryujinx.Ava.Systems.AppLibrary.ApplicationLibrary.GetApplicationFromNsp(PartitionFileSystem pfs, String filePath) in C:\Users\[redacted]\Downloads\MHRise-NPLN-Lab-v0.2\Ryujinx-Nextendo-1.7.9\Ryujinx-Nextendo-1.7.9\src\Ryujinx\Systems\AppLibrary\ApplicationLibrary.cs:line 219
00:00:22.487 |W| GUI.ApplicationLibraryThread Application GetApplicationFromNsp: Encountered an error while trying to load applications from file 'C:\Users\[redacted]\Downloads\Monster Hunter Rise [NSP]\264 DLC\Monster Hunter Rise [DLC Hunter Voice Rondine The Trader] [0100B0401174305C][v0].nsp': System.IO.InvalidDataException: Unable to decrypt NCA header. The file is not an NCA file or the header key is incorrect.
   at LibHac.Tools.FsSystem.NcaUtils.NcaHeader.DecryptHeader(KeySet keySet, IStorage storage)
   at LibHac.Tools.FsSystem.NcaUtils.Nca..ctor(KeySet keySet, IStorage storage)
   at Ryujinx.Ava.Systems.AppLibrary.ApplicationLibrary.GetApplicationFromNsp(PartitionFileSystem pfs, String filePath) in C:\Users\[redacted]\Downloads\MHRise-NPLN-Lab-v0.2\Ryujinx-Nextendo-1.7.9\Ryujinx-Nextendo-1.7.9\src\Ryujinx\Systems\AppLibrary\ApplicationLibrary.cs:line 219
00:00:22.502 |W| GUI.ApplicationLibraryThread Application GetApplicationFromNsp: Encountered an error while trying to load applications from file 'C:\Users\[redacted]\Downloads\Monster Hunter Rise [NSP]\264 DLC\Monster Hunter Rise [DLC Hunter Voice Royal Pain] [0100B04011743087][v0].nsp': System.IO.InvalidDataException: Unable to decrypt NCA header. The file is not an NCA file or the header key is incorrect.
   at LibHac.Tools.FsSystem.NcaUtils.NcaHeader.DecryptHeader(KeySet keySet, IStorage storage)
   at LibHac.Tools.FsSystem.NcaUtils.Nca..ctor(KeySet keySet, IStorage storage)
   at Ryujinx.Ava.Systems.AppLibrary.ApplicationLibrary.GetApplicationFromNsp(PartitionFileSystem pfs, String filePath) in C:\Users\[redacted]\Downloads\MHRise-NPLN-Lab-v0.2\Ryujinx-Nextendo-1.7.9\Ryujinx-Nextendo-1.7.9\src\Ryujinx\Systems\AppLibrary\ApplicationLibrary.cs:line 219
00:00:22.515 |W| GUI.ApplicationLibraryThread Application GetApplicationFromNsp: Encountered an error while trying to load applications from file 'C:\Users\[redacted]\Downloads\Monster Hunter Rise [NSP]\264 DLC\Monster Hunter Rise [DLC Hunter Voice Tador]i [0100B0401174311C][v0].nsp': System.IO.InvalidDataException: Unable to decrypt NCA header. The file is not an NCA file or the header key is incorrect.
   at LibHac.Tools.FsSystem.NcaUtils.NcaHeader.DecryptHeader(KeySet keySet, IStorage storage)
   at LibHac.Tools.FsSystem.NcaUtils.Nca..ctor(KeySet keySet, IStorage storage)
   at Ryujinx.Ava.Systems.AppLibrary.ApplicationLibrary.GetApplicationFromNsp(PartitionFileSystem pfs, String filePath) in C:\Users\[redacted]\Downloads\MHRise-NPLN-Lab-v0.2\Ryujinx-Nextendo-1.7.9\Ryujinx-Nextendo-1.7.9\src\Ryujinx\Systems\AppLibrary\ApplicationLibrary.cs:line 219
00:00:22.527 |W| GUI.ApplicationLibraryThread Application GetApplicationFromNsp: Encountered an error while trying to load applications from file 'C:\Users\[redacted]\Downloads\Monster Hunter Rise [NSP]\264 DLC\Monster Hunter Rise [DLC Hunter Voice Yomogi The Chef] [0100B0401174304A][v0].nsp': System.IO.InvalidDataException: Unable to decrypt NCA header. The file is not an NCA file or the header key is incorrect.
   at LibHac.Tools.FsSystem.NcaUtils.NcaHeader.DecryptHeader(KeySet keySet, IStorage storage)
   at LibHac.Tools.FsSystem.NcaUtils.Nca..ctor(KeySet keySet, IStorage storage)
   at Ryujinx.Ava.Systems.AppLibrary.ApplicationLibrary.GetApplicationFromNsp(PartitionFileSystem pfs, String filePath) in C:\Users\[redacted]\Downloads\MHRise-NPLN-Lab-v0.2\Ryujinx-Nextendo-1.7.9\Ryujinx-Nextendo-1.7.9\src\Ryujinx\Systems\AppLibrary\ApplicationLibrary.cs:line 219
00:00:22.543 |W| GUI.ApplicationLibraryThread Application GetApplicationFromNsp: Encountered an error while trying to load applications from file 'C:\Users\[redacted]\Downloads\Monster Hunter Rise [NSP]\264 DLC\Monster Hunter Rise [DLC Hurt pose set] [0100B04011743019][v0].nsp': System.IO.InvalidDataException: Unable to decrypt NCA header. The file is not an NCA file or the header key is incorrect.
   at LibHac.Tools.FsSystem.NcaUtils.NcaHeader.DecryptHeader(KeySet keySet, IStorage storage)
   at LibHac.Tools.FsSystem.NcaUtils.Nca..ctor(KeySet keySet, IStorage storage)
   at Ryujinx.Ava.Systems.AppLibrary.ApplicationLibrary.GetApplicationFromNsp(PartitionFileSystem pfs, String filePath) in C:\Users\[redacted]\Downloads\MHRise-NPLN-Lab-v0.2\Ryujinx-Nextendo-1.7.9\Ryujinx-Nextendo-1.7.9\src\Ryujinx\Systems\AppLibrary\ApplicationLibrary.cs:line 219
00:00:22.559 |W| GUI.ApplicationLibraryThread Application GetApplicationFromNsp: Encountered an error while trying to load applications from file 'C:\Users\[redacted]\Downloads\Monster Hunter Rise [NSP]\264 DLC\Monster Hunter Rise [DLC Idol Pose Set] [0100B04011743034][v0].nsp': System.IO.InvalidDataException: Unable to decrypt NCA header. The file is not an NCA file or the header key is incorrect.
   at LibHac.Tools.FsSystem.NcaUtils.NcaHeader.DecryptHeader(KeySet keySet, IStorage storage)
   at LibHac.Tools.FsSystem.NcaUtils.Nca..ctor(KeySet keySet, IStorage storage)
   at Ryujinx.Ava.Systems.AppLibrary.ApplicationLibrary.GetApplicationFromNsp(PartitionFileSystem pfs, String filePath) in C:\Users\[redacted]\Downloads\MHRise-NPLN-Lab-v0.2\Ryujinx-Nextendo-1.7.9\Ryujinx-Nextendo-1.7.9\src\Ryujinx\Systems\AppLibrary\ApplicationLibrary.cs:line 219
00:00:22.571 |W| GUI.ApplicationLibraryThread Application GetApplicationFromNsp: Encountered an error while trying to load applications from file 'C:\Users\[redacted]\Downloads\Monster Hunter Rise [NSP]\264 DLC\Monster Hunter Rise [DLC Jae Cut Hairstyle] [0100B04011743112][v0].nsp': System.IO.InvalidDataException: Unable to decrypt NCA header. The file is not an NCA file or the header key is incorrect.
   at LibHac.Tools.FsSystem.NcaUtils.NcaHeader.DecryptHeader(KeySet keySet, IStorage storage)
   at LibHac.Tools.FsSystem.NcaUtils.Nca..ctor(KeySet keySet, IStorage storage)
   at Ryujinx.Ava.Systems.AppLibrary.ApplicationLibrary.GetApplicationFromNsp(PartitionFileSystem pfs, String filePath) in C:\Users\[redacted]\Downloads\MHRise-NPLN-Lab-v0.2\Ryujinx-Nextendo-1.7.9\Ryujinx-Nextendo-1.7.9\src\Ryujinx\Systems\AppLibrary\ApplicationLibrary.cs:line 219
00:00:22.584 |W| GUI.ApplicationLibraryThread Application GetApplicationFromNsp: Encountered an error while trying to load applications from file 'C:\Users\[redacted]\Downloads\Monster Hunter Rise [NSP]\264 DLC\Monster Hunter Rise [DLC Kamura Cloak Braces Hunter Layered Armor Piece] [0100B04011743085][v0].nsp': System.IO.InvalidDataException: Unable to decrypt NCA header. The file is not an NCA file or the header key is incorrect.
   at LibHac.Tools.FsSystem.NcaUtils.NcaHeader.DecryptHeader(KeySet keySet, IStorage storage)
   at LibHac.Tools.FsSystem.NcaUtils.Nca..ctor(KeySet keySet, IStorage storage)
   at Ryujinx.Ava.Systems.AppLibrary.ApplicationLibrary.GetApplicationFromNsp(PartitionFileSystem pfs, String filePath) in C:\Users\[redacted]\Downloads\MHRise-NPLN-Lab-v0.2\Ryujinx-Nextendo-1.7.9\Ryujinx-Nextendo-1.7.9\src\Ryujinx\Systems\AppLibrary\ApplicationLibrary.cs:line 219
00:00:22.598 |W| GUI.ApplicationLibraryThread Application GetApplicationFromNsp: Encountered an error while trying to load applications from file 'C:\Users\[redacted]\Downloads\Monster Hunter Rise [NSP]\264 DLC\Monster Hunter Rise [DLC Kamura Cloak Garb Hunter Layered Armor Piece] [0100B04011743084][v0].nsp': System.IO.InvalidDataException: Unable to decrypt NCA header. The file is not an NCA file or the header key is incorrect.
   at LibHac.Tools.FsSystem.NcaUtils.NcaHeader.DecryptHeader(KeySet keySet, IStorage storage)
   at LibHac.Tools.FsSystem.NcaUtils.Nca..ctor(KeySet keySet, IStorage storage)
   at Ryujinx.Ava.Systems.AppLibrary.ApplicationLibrary.GetApplicationFromNsp(PartitionFileSystem pfs, String filePath) in C:\Users\[redacted]\Downloads\MHRise-NPLN-Lab-v0.2\Ryujinx-Nextendo-1.7.9\Ryujinx-Nextendo-1.7.9\src\Ryujinx\Systems\AppLibrary\ApplicationLibrary.cs:line 219
00:00:22.612 |W| GUI.ApplicationLibraryThread Application GetApplicationFromNsp: Encountered an error while trying to load applications from file 'C:\Users\[redacted]\Downloads\Monster Hunter Rise [NSP]\264 DLC\Monster Hunter Rise [DLC Kamura Village Summer Remix BGM] [0100B04011743058][v0].nsp': System.IO.InvalidDataException: Unable to decrypt NCA header. The file is not an NCA file or the header key is incorrect.
   at LibHac.Tools.FsSystem.NcaUtils.NcaHeader.DecryptHeader(KeySet keySet, IStorage storage)
   at LibHac.Tools.FsSystem.NcaUtils.Nca..ctor(KeySet keySet, IStorage storage)
   at Ryujinx.Ava.Systems.AppLibrary.ApplicationLibrary.GetApplicationFromNsp(PartitionFileSystem pfs, String filePath) in C:\Users\[redacted]\Downloads\MHRise-NPLN-Lab-v0.2\Ryujinx-Nextendo-1.7.9\Ryujinx-Nextendo-1.7.9\src\Ryujinx\Systems\AppLibrary\ApplicationLibrary.cs:line 219
00:00:22.627 |W| GUI.ApplicationLibraryThread Application GetApplicationFromNsp: Encountered an error while trying to load applications from file 'C:\Users\[redacted]\Downloads\Monster Hunter Rise [NSP]\264 DLC\Monster Hunter Rise [DLC Kit T Palico Layered Armor Set] [0100B04011743118][v0].nsp': System.IO.InvalidDataException: Unable to decrypt NCA header. The file is not an NCA file or the header key is incorrect.
   at LibHac.Tools.FsSystem.NcaUtils.NcaHeader.DecryptHeader(KeySet keySet, IStorage storage)
   at LibHac.Tools.FsSystem.NcaUtils.Nca..ctor(KeySet keySet, IStorage storage)
   at Ryujinx.Ava.Systems.AppLibrary.ApplicationLibrary.GetApplicationFromNsp(PartitionFileSystem pfs, String filePath) in C:\Users\[redacted]\Downloads\MHRise-NPLN-Lab-v0.2\Ryujinx-Nextendo-1.7.9\Ryujinx-Nextendo-1.7.9\src\Ryujinx\Systems\AppLibrary\ApplicationLibrary.cs:line 219
00:00:22.639 |W| GUI.ApplicationLibraryThread Application GetApplicationFromNsp: Encountered an error while trying to load applications from file 'C:\Users\[redacted]\Downloads\Monster Hunter Rise [NSP]\264 DLC\Monster Hunter Rise [DLC Kunai Earrings Hunter Layered Armor Piece] [0100B04011743076][v0].nsp': System.IO.InvalidDataException: Unable to decrypt NCA header. The file is not an NCA file or the header key is incorrect.
   at LibHac.Tools.FsSystem.NcaUtils.NcaHeader.DecryptHeader(KeySet keySet, IStorage storage)
   at LibHac.Tools.FsSystem.NcaUtils.Nca..ctor(KeySet keySet, IStorage storage)
   at Ryujinx.Ava.Systems.AppLibrary.ApplicationLibrary.GetApplicationFromNsp(PartitionFileSystem pfs, String filePath) in C:\Users\[redacted]\Downloads\MHRise-NPLN-Lab-v0.2\Ryujinx-Nextendo-1.7.9\Ryujinx-Nextendo-1.7.9\src\Ryujinx\Systems\AppLibrary\ApplicationLibrary.cs:line 219
00:00:22.660 |W| GUI.ApplicationLibraryThread Application GetApplicationFromNsp: Encountered an error while trying to load applications from file 'C:\Users\[redacted]\Downloads\Monster Hunter Rise [NSP]\264 DLC\Monster Hunter Rise [DLC Lance Gunn Hunter Layered Armor Set] [0100B04011743116][v0].nsp': System.IO.InvalidDataException: Unable to decrypt NCA header. The file is not an NCA file or the header key is incorrect.
   at LibHac.Tools.FsSystem.NcaUtils.NcaHeader.DecryptHeader(KeySet keySet, IStorage storage)
   at LibHac.Tools.FsSystem.NcaUtils.Nca..ctor(KeySet keySet, IStorage storage)
   at Ryujinx.Ava.Systems.AppLibrary.ApplicationLibrary.GetApplicationFromNsp(PartitionFileSystem pfs, String filePath) in C:\Users\[redacted]\Downloads\MHRise-NPLN-Lab-v0.2\Ryujinx-Nextendo-1.7.9\Ryujinx-Nextendo-1.7.9\src\Ryujinx\Systems\AppLibrary\ApplicationLibrary.cs:line 219
00:00:22.674 |W| GUI.ApplicationLibraryThread Application GetApplicationFromNsp: Encountered an error while trying to load applications from file 'C:\Users\[redacted]\Downloads\Monster Hunter Rise [NSP]\264 DLC\Monster Hunter Rise [DLC Leather Choker Hunter Layered Armor Piece] [0100B0401174307D][v0].nsp': System.IO.InvalidDataException: Unable to decrypt NCA header. The file is not an NCA file or the header key is incorrect.
   at LibHac.Tools.FsSystem.NcaUtils.NcaHeader.DecryptHeader(KeySet keySet, IStorage storage)
   at LibHac.Tools.FsSystem.NcaUtils.Nca..ctor(KeySet keySet, IStorage storage)
   at Ryujinx.Ava.Systems.AppLibrary.ApplicationLibrary.GetApplicationFromNsp(PartitionFileSystem pfs, String filePath) in C:\Users\[redacted]\Downloads\MHRise-NPLN-Lab-v0.2\Ryujinx-Nextendo-1.7.9\Ryujinx-Nextendo-1.7.9\src\Ryujinx\Systems\AppLibrary\ApplicationLibrary.cs:line 219
00:00:22.686 |W| GUI.ApplicationLibraryThread Application GetApplicationFromNsp: Encountered an error while trying to load applications from file 'C:\Users\[redacted]\Downloads\Monster Hunter Rise [NSP]\264 DLC\Monster Hunter Rise [DLC Lil Wingdrake Cohoot Outfit] [0100B04011743050][v0].nsp': System.IO.InvalidDataException: Unable to decrypt NCA header. The file is not an NCA file or the header key is incorrect.
   at LibHac.Tools.FsSystem.NcaUtils.NcaHeader.DecryptHeader(KeySet keySet, IStorage storage)
   at LibHac.Tools.FsSystem.NcaUtils.Nca..ctor(KeySet keySet, IStorage storage)
   at Ryujinx.Ava.Systems.AppLibrary.ApplicationLibrary.GetApplicationFromNsp(PartitionFileSystem pfs, String filePath) in C:\Users\[redacted]\Downloads\MHRise-NPLN-Lab-v0.2\Ryujinx-Nextendo-1.7.9\Ryujinx-Nextendo-1.7.9\src\Ryujinx\Systems\AppLibrary\ApplicationLibrary.cs:line 219
00:00:22.698 |W| GUI.ApplicationLibraryThread Application GetApplicationFromNsp: Encountered an error while trying to load applications from file 'C:\Users\[redacted]\Downloads\Monster Hunter Rise [NSP]\264 DLC\Monster Hunter Rise [DLC Long Coat Costume Palamute layered armor set] [0100B04011743021][v0].nsp': System.IO.InvalidDataException: Unable to decrypt NCA header. The file is not an NCA file or the header key is incorrect.
   at LibHac.Tools.FsSystem.NcaUtils.NcaHeader.DecryptHeader(KeySet keySet, IStorage storage)
   at LibHac.Tools.FsSystem.NcaUtils.Nca..ctor(KeySet keySet, IStorage storage)
   at Ryujinx.Ava.Systems.AppLibrary.ApplicationLibrary.GetApplicationFromNsp(PartitionFileSystem pfs, String filePath) in C:\Users\[redacted]\Downloads\MHRise-NPLN-Lab-v0.2\Ryujinx-Nextendo-1.7.9\Ryujinx-Nextendo-1.7.9\src\Ryujinx\Systems\AppLibrary\ApplicationLibrary.cs:line 219
00:00:22.711 |W| GUI.ApplicationLibraryThread Application GetApplicationFromNsp: Encountered an error while trying to load applications from file 'C:\Users\[redacted]\Downloads\Monster Hunter Rise [NSP]\264 DLC\Monster Hunter Rise [DLC Lost Code Alos Hunter Layered Weapon Hunting Horn] [0100B040117430E5][v0].nsp': System.IO.InvalidDataException: Unable to decrypt NCA header. The file is not an NCA file or the header key is incorrect.
   at LibHac.Tools.FsSystem.NcaUtils.NcaHeader.DecryptHeader(KeySet keySet, IStorage storage)
   at LibHac.Tools.FsSystem.NcaUtils.Nca..ctor(KeySet keySet, IStorage storage)
   at Ryujinx.Ava.Systems.AppLibrary.ApplicationLibrary.GetApplicationFromNsp(PartitionFileSystem pfs, String filePath) in C:\Users\[redacted]\Downloads\MHRise-NPLN-Lab-v0.2\Ryujinx-Nextendo-1.7.9\Ryujinx-Nextendo-1.7.9\src\Ryujinx\Systems\AppLibrary\ApplicationLibrary.cs:line 219
00:00:22.725 |W| GUI.ApplicationLibraryThread Application GetApplicationFromNsp: Encountered an error while trying to load applications from file 'C:\Users\[redacted]\Downloads\Monster Hunter Rise [NSP]\264 DLC\Monster Hunter Rise [DLC Lost Code Asca Hunter Layered Weapon Great Sword] [0100B040117430E0][v0].nsp': System.IO.InvalidDataException: Unable to decrypt NCA header. The file is not an NCA file or the header key is incorrect.
   at LibHac.Tools.FsSystem.NcaUtils.NcaHeader.DecryptHeader(KeySet keySet, IStorage storage)
   at LibHac.Tools.FsSystem.NcaUtils.Nca..ctor(KeySet keySet, IStorage storage)
   at Ryujinx.Ava.Systems.AppLibrary.ApplicationLibrary.GetApplicationFromNsp(PartitionFileSystem pfs, String filePath) in C:\Users\[redacted]\Downloads\MHRise-NPLN-Lab-v0.2\Ryujinx-Nextendo-1.7.9\Ryujinx-Nextendo-1.7.9\src\Ryujinx\Systems\AppLibrary\ApplicationLibrary.cs:line 219
00:00:22.738 |W| GUI.ApplicationLibraryThread Application GetApplicationFromNsp: Encountered an error while trying to load applications from file 'C:\Users\[redacted]\Downloads\Monster Hunter Rise [NSP]\264 DLC\Monster Hunter Rise [DLC Lost Code Carnhan Hunter Layered Weapon Sword and Shield] [0100B040117430E2][v0].nsp': System.IO.InvalidDataException: Unable to decrypt NCA header. The file is not an NCA file or the header key is incorrect.
   at LibHac.Tools.FsSystem.NcaUtils.NcaHeader.DecryptHeader(KeySet keySet, IStorage storage)
   at LibHac.Tools.FsSystem.NcaUtils.Nca..ctor(KeySet keySet, IStorage storage)
   at Ryujinx.Ava.Systems.AppLibrary.ApplicationLibrary.GetApplicationFromNsp(PartitionFileSystem pfs, String filePath) in C:\Users\[redacted]\Downloads\MHRise-NPLN-Lab-v0.2\Ryujinx-Nextendo-1.7.9\Ryujinx-Nextendo-1.7.9\src\Ryujinx\Systems\AppLibrary\ApplicationLibrary.cs:line 219
00:00:22.751 |W| GUI.ApplicationLibraryThread Application GetApplicationFromNsp: Encountered an error while trying to load applications from file 'C:\Users\[redacted]\Downloads\Monster Hunter Rise [NSP]\264 DLC\Monster Hunter Rise [DLC Lost Code Iru Hunter Layered Weapon Bow] [0100B040117430ED][v0].nsp': System.IO.InvalidDataException: Unable to decrypt NCA header. The file is not an NCA file or the header key is incorrect.
   at LibHac.Tools.FsSystem.NcaUtils.NcaHeader.DecryptHeader(KeySet keySet, IStorage storage)
   at LibHac.Tools.FsSystem.NcaUtils.Nca..ctor(KeySet keySet, IStorage storage)
   at Ryujinx.Ava.Systems.AppLibrary.ApplicationLibrary.GetApplicationFromNsp(PartitionFileSystem pfs, String filePath) in C:\Users\[redacted]\Downloads\MHRise-NPLN-Lab-v0.2\Ryujinx-Nextendo-1.7.9\Ryujinx-Nextendo-1.7.9\src\Ryujinx\Systems\AppLibrary\ApplicationLibrary.cs:line 219
00:00:22.764 |W| GUI.ApplicationLibraryThread Application GetApplicationFromNsp: Encountered an error while trying to load applications from file 'C:\Users\[redacted]\Downloads\Monster Hunter Rise [NSP]\264 DLC\Monster Hunter Rise [DLC Lost Code Jura Hunter Layered Weapon Heavy Bowgun] [0100B040117430EC][v0].nsp': System.IO.InvalidDataException: Unable to decrypt NCA header. The file is not an NCA file or the header key is incorrect.
   at LibHac.Tools.FsSystem.NcaUtils.NcaHeader.DecryptHeader(KeySet keySet, IStorage storage)
   at LibHac.Tools.FsSystem.NcaUtils.Nca..ctor(KeySet keySet, IStorage storage)
   at Ryujinx.Ava.Systems.AppLibrary.ApplicationLibrary.GetApplicationFromNsp(PartitionFileSystem pfs, String filePath) in C:\Users\[redacted]\Downloads\MHRise-NPLN-Lab-v0.2\Ryujinx-Nextendo-1.7.9\Ryujinx-Nextendo-1.7.9\src\Ryujinx\Systems\AppLibrary\ApplicationLibrary.cs:line 219
00:00:22.780 |W| GUI.ApplicationLibraryThread Application GetApplicationFromNsp: Encountered an error while trying to load applications from file 'C:\Users\[redacted]\Downloads\Monster Hunter Rise [NSP]\264 DLC\Monster Hunter Rise [DLC Lost Code Kera Hunter Layered Weapon Light Bowgun] [0100B040117430EB][v0].nsp': System.IO.InvalidDataException: Unable to decrypt NCA header. The file is not an NCA file or the header key is incorrect.
   at LibHac.Tools.FsSystem.NcaUtils.NcaHeader.DecryptHeader(KeySet keySet, IStorage storage)
   at LibHac.Tools.FsSystem.NcaUtils.Nca..ctor(KeySet keySet, IStorage storage)
   at Ryujinx.Ava.Systems.AppLibrary.ApplicationLibrary.GetApplicationFromNsp(PartitionFileSystem pfs, String filePath) in C:\Users\[redacted]\Downloads\MHRise-NPLN-Lab-v0.2\Ryujinx-Nextendo-1.7.9\Ryujinx-Nextendo-1.7.9\src\Ryujinx\Systems\AppLibrary\ApplicationLibrary.cs:line 219
00:00:22.795 |W| GUI.ApplicationLibraryThread Application GetApplicationFromNsp: Encountered an error while trying to load applications from file 'C:\Users\[redacted]\Downloads\Monster Hunter Rise [NSP]\264 DLC\Monster Hunter Rise [DLC Lost Code Kiri Hunter Layered Weapon Long Sword] [0100B040117430E1][v0].nsp': System.IO.InvalidDataException: Unable to decrypt NCA header. The file is not an NCA file or the header key is incorrect.
   at LibHac.Tools.FsSystem.NcaUtils.NcaHeader.DecryptHeader(KeySet keySet, IStorage storage)
   at LibHac.Tools.FsSystem.NcaUtils.Nca..ctor(KeySet keySet, IStorage storage)
   at Ryujinx.Ava.Systems.AppLibrary.ApplicationLibrary.GetApplicationFromNsp(PartitionFileSystem pfs, String filePath) in C:\Users\[redacted]\Downloads\MHRise-NPLN-Lab-v0.2\Ryujinx-Nextendo-1.7.9\Ryujinx-Nextendo-1.7.9\src\Ryujinx\Systems\AppLibrary\ApplicationLibrary.cs:line 219
00:00:22.808 |W| GUI.ApplicationLibraryThread Application GetApplicationFromNsp: Encountered an error while trying to load applications from file 'C:\Users\[redacted]\Downloads\Monster Hunter Rise [NSP]\264 DLC\Monster Hunter Rise [DLC Lost Code Labr Hunter Layered Weapon Switch Axe] [0100B040117430E9][v0].nsp': System.IO.InvalidDataException: Unable to decrypt NCA header. The file is not an NCA file or the header key is incorrect.
   at LibHac.Tools.FsSystem.NcaUtils.NcaHeader.DecryptHeader(KeySet keySet, IStorage storage)
   at LibHac.Tools.FsSystem.NcaUtils.Nca..ctor(KeySet keySet, IStorage storage)
   at Ryujinx.Ava.Systems.AppLibrary.ApplicationLibrary.GetApplicationFromNsp(PartitionFileSystem pfs, String filePath) in C:\Users\[redacted]\Downloads\MHRise-NPLN-Lab-v0.2\Ryujinx-Nextendo-1.7.9\Ryujinx-Nextendo-1.7.9\src\Ryujinx\Systems\AppLibrary\ApplicationLibrary.cs:line 219
00:00:22.820 |W| GUI.ApplicationLibraryThread Application GetApplicationFromNsp: Encountered an error while trying to load applications from file 'C:\Users\[redacted]\Downloads\Monster Hunter Rise [NSP]\264 DLC\Monster Hunter Rise [DLC Lost Code Mia Hunter Layered Weapon Lance] [0100B040117430E6][v0].nsp': System.IO.InvalidDataException: Unable to decrypt NCA header. The file is not an NCA file or the header key is incorrect.
   at LibHac.Tools.FsSystem.NcaUtils.NcaHeader.DecryptHeader(KeySet keySet, IStorage storage)
   at LibHac.Tools.FsSystem.NcaUtils.Nca..ctor(KeySet keySet, IStorage storage)
   at Ryujinx.Ava.Systems.AppLibrary.ApplicationLibrary.GetApplicationFromNsp(PartitionFileSystem pfs, String filePath) in C:\Users\[redacted]\Downloads\MHRise-NPLN-Lab-v0.2\Ryujinx-Nextendo-1.7.9\Ryujinx-Nextendo-1.7.9\src\Ryujinx\Systems\AppLibrary\ApplicationLibrary.cs:line 219
00:00:22.834 |W| GUI.ApplicationLibraryThread Application GetApplicationFromNsp: Encountered an error while trying to load applications from file 'C:\Users\[redacted]\Downloads\Monster Hunter Rise [NSP]\264 DLC\Monster Hunter Rise [DLC Lost Code Mjo Hunter Layered Weapon Hammer] [0100B040117430E4][v0].nsp': System.IO.InvalidDataException: Unable to decrypt NCA header. The file is not an NCA file or the header key is incorrect.
   at LibHac.Tools.FsSystem.NcaUtils.NcaHeader.DecryptHeader(KeySet keySet, IStorage storage)
   at LibHac.Tools.FsSystem.NcaUtils.Nca..ctor(KeySet keySet, IStorage storage)
   at Ryujinx.Ava.Systems.AppLibrary.ApplicationLibrary.GetApplicationFromNsp(PartitionFileSystem pfs, String filePath) in C:\Users\[redacted]\Downloads\MHRise-NPLN-Lab-v0.2\Ryujinx-Nextendo-1.7.9\Ryujinx-Nextendo-1.7.9\src\Ryujinx\Systems\AppLibrary\ApplicationLibrary.cs:line 219
00:00:22.847 |W| GUI.ApplicationLibraryThread Application GetApplicationFromNsp: Encountered an error while trying to load applications from file 'C:\Users\[redacted]\Downloads\Monster Hunter Rise [NSP]\264 DLC\Monster Hunter Rise [DLC Lost Code Nir Hunter Layered Weapon Gunlance] [0100B040117430E7][v0].nsp': System.IO.InvalidDataException: Unable to decrypt NCA header. The file is not an NCA file or the header key is incorrect.
   at LibHac.Tools.FsSystem.NcaUtils.NcaHeader.DecryptHeader(KeySet keySet, IStorage storage)
   at LibHac.Tools.FsSystem.NcaUtils.Nca..ctor(KeySet keySet, IStorage storage)
   at Ryujinx.Ava.Systems.AppLibrary.ApplicationLibrary.GetApplicationFromNsp(PartitionFileSystem pfs, String filePath) in C:\Users\[redacted]\Downloads\MHRise-NPLN-Lab-v0.2\Ryujinx-Nextendo-1.7.9\Ryujinx-Nextendo-1.7.9\src\Ryujinx\Systems\AppLibrary\ApplicationLibrary.cs:line 219
00:00:22.862 |W| GUI.ApplicationLibraryThread Application GetApplicationFromNsp: Encountered an error while trying to load applications from file 'C:\Users\[redacted]\Downloads\Monster Hunter Rise [NSP]\264 DLC\Monster Hunter Rise [DLC Lost Code Rah Hunter Layered Weapon Dual Blades] [0100B040117430E3][v0].nsp': System.IO.InvalidDataException: Unable to decrypt NCA header. The file is not an NCA file or the header key is incorrect.
   at LibHac.Tools.FsSystem.NcaUtils.NcaHeader.DecryptHeader(KeySet keySet, IStorage storage)
   at LibHac.Tools.FsSystem.NcaUtils.Nca..ctor(KeySet keySet, IStorage storage)
   at Ryujinx.Ava.Systems.AppLibrary.ApplicationLibrary.GetApplicationFromNsp(PartitionFileSystem pfs, String filePath) in C:\Users\[redacted]\Downloads\MHRise-NPLN-Lab-v0.2\Ryujinx-Nextendo-1.7.9\Ryujinx-Nextendo-1.7.9\src\Ryujinx\Systems\AppLibrary\ApplicationLibrary.cs:line 219
00:00:22.876 |W| GUI.ApplicationLibraryThread Application GetApplicationFromNsp: Encountered an error while trying to load applications from file 'C:\Users\[redacted]\Downloads\Monster Hunter Rise [NSP]\264 DLC\Monster Hunter Rise [DLC Lost Code Sara Hunter Layered Weapon Charge Blade] [0100B040117430E8][v0].nsp': System.IO.InvalidDataException: Unable to decrypt NCA header. The file is not an NCA file or the header key is incorrect.
   at LibHac.Tools.FsSystem.NcaUtils.NcaHeader.DecryptHeader(KeySet keySet, IStorage storage)
   at LibHac.Tools.FsSystem.NcaUtils.Nca..ctor(KeySet keySet, IStorage storage)
   at Ryujinx.Ava.Systems.AppLibrary.ApplicationLibrary.GetApplicationFromNsp(PartitionFileSystem pfs, String filePath) in C:\Users\[redacted]\Downloads\MHRise-NPLN-Lab-v0.2\Ryujinx-Nextendo-1.7.9\Ryujinx-Nextendo-1.7.9\src\Ryujinx\Systems\AppLibrary\ApplicationLibrary.cs:line 219
00:00:22.887 |W| GUI.ApplicationLibraryThread Application GetApplicationFromNsp: Encountered an error while trying to load applications from file 'C:\Users\[redacted]\Downloads\Monster Hunter Rise [NSP]\264 DLC\Monster Hunter Rise [DLC Lost Code Telth Hunter Layered Weapon Insect Glaive] [0100B040117430EA][v0].nsp': System.IO.InvalidDataException: Unable to decrypt NCA header. The file is not an NCA file or the header key is incorrect.
   at LibHac.Tools.FsSystem.NcaUtils.NcaHeader.DecryptHeader(KeySet keySet, IStorage storage)
   at LibHac.Tools.FsSystem.NcaUtils.Nca..ctor(KeySet keySet, IStorage storage)
   at Ryujinx.Ava.Systems.AppLibrary.ApplicationLibrary.GetApplicationFromNsp(PartitionFileSystem pfs, String filePath) in C:\Users\[redacted]\Downloads\MHRise-NPLN-Lab-v0.2\Ryujinx-Nextendo-1.7.9\Ryujinx-Nextendo-1.7.9\src\Ryujinx\Systems\AppLibrary\ApplicationLibrary.cs:line 219
00:00:22.900 |W| GUI.ApplicationLibraryThread Application GetApplicationFromNsp: Encountered an error while trying to load applications from file 'C:\Users\[redacted]\Downloads\Monster Hunter Rise [NSP]\264 DLC\Monster Hunter Rise [DLC Malzeno Menace Face Paint] [0100B040117430BF][v0].nsp': System.IO.InvalidDataException: Unable to decrypt NCA header. The file is not an NCA file or the header key is incorrect.
   at LibHac.Tools.FsSystem.NcaUtils.NcaHeader.DecryptHeader(KeySet keySet, IStorage storage)
   at LibHac.Tools.FsSystem.NcaUtils.Nca..ctor(KeySet keySet, IStorage storage)
   at Ryujinx.Ava.Systems.AppLibrary.ApplicationLibrary.GetApplicationFromNsp(PartitionFileSystem pfs, String filePath) in C:\Users\[redacted]\Downloads\MHRise-NPLN-Lab-v0.2\Ryujinx-Nextendo-1.7.9\Ryujinx-Nextendo-1.7.9\src\Ryujinx\Systems\AppLibrary\ApplicationLibrary.cs:line 219
00:00:22.913 |W| GUI.ApplicationLibraryThread Application GetApplicationFromNsp: Encountered an error while trying to load applications from file 'C:\Users\[redacted]\Downloads\Monster Hunter Rise [NSP]\264 DLC\Monster Hunter Rise [DLC MC Pose Set] [0100B040117430BC][v0].nsp': System.IO.InvalidDataException: Unable to decrypt NCA header. The file is not an NCA file or the header key is incorrect.
   at LibHac.Tools.FsSystem.NcaUtils.NcaHeader.DecryptHeader(KeySet keySet, IStorage storage)
   at LibHac.Tools.FsSystem.NcaUtils.Nca..ctor(KeySet keySet, IStorage storage)
   at Ryujinx.Ava.Systems.AppLibrary.ApplicationLibrary.GetApplicationFromNsp(PartitionFileSystem pfs, String filePath) in C:\Users\[redacted]\Downloads\MHRise-NPLN-Lab-v0.2\Ryujinx-Nextendo-1.7.9\Ryujinx-Nextendo-1.7.9\src\Ryujinx\Systems\AppLibrary\ApplicationLibrary.cs:line 219
00:00:22.928 |W| GUI.ApplicationLibraryThread Application GetApplicationFromNsp: Encountered an error while trying to load applications from file 'C:\Users\[redacted]\Downloads\Monster Hunter Rise [NSP]\264 DLC\Monster Hunter Rise [DLC Mechanical face paint] [0100B04011743122][v0].nsp': System.IO.InvalidDataException: Unable to decrypt NCA header. The file is not an NCA file or the header key is incorrect.
   at LibHac.Tools.FsSystem.NcaUtils.NcaHeader.DecryptHeader(KeySet keySet, IStorage storage)
   at LibHac.Tools.FsSystem.NcaUtils.Nca..ctor(KeySet keySet, IStorage storage)
   at Ryujinx.Ava.Systems.AppLibrary.ApplicationLibrary.GetApplicationFromNsp(PartitionFileSystem pfs, String filePath) in C:\Users\[redacted]\Downloads\MHRise-NPLN-Lab-v0.2\Ryujinx-Nextendo-1.7.9\Ryujinx-Nextendo-1.7.9\src\Ryujinx\Systems\AppLibrary\ApplicationLibrary.cs:line 219
00:00:22.941 |W| GUI.ApplicationLibraryThread Application GetApplicationFromNsp: Encountered an error while trying to load applications from file 'C:\Users\[redacted]\Downloads\Monster Hunter Rise [NSP]\264 DLC\Monster Hunter Rise [DLC Menacing Macaw Cohoot Outfit] [0100B04011743036][v0].nsp': System.IO.InvalidDataException: Unable to decrypt NCA header. The file is not an NCA file or the header key is incorrect.
   at LibHac.Tools.FsSystem.NcaUtils.NcaHeader.DecryptHeader(KeySet keySet, IStorage storage)
   at LibHac.Tools.FsSystem.NcaUtils.Nca..ctor(KeySet keySet, IStorage storage)
   at Ryujinx.Ava.Systems.AppLibrary.ApplicationLibrary.GetApplicationFromNsp(PartitionFileSystem pfs, String filePath) in C:\Users\[redacted]\Downloads\MHRise-NPLN-Lab-v0.2\Ryujinx-Nextendo-1.7.9\Ryujinx-Nextendo-1.7.9\src\Ryujinx\Systems\AppLibrary\ApplicationLibrary.cs:line 219
00:00:22.957 |W| GUI.ApplicationLibraryThread Application GetApplicationFromNsp: Encountered an error while trying to load applications from file 'C:\Users\[redacted]\Downloads\Monster Hunter Rise [NSP]\264 DLC\Monster Hunter Rise [DLC Minoto Hunter Layered Armor Set] [0100B0401174311E][v0].nsp': System.IO.InvalidDataException: Unable to decrypt NCA header. The file is not an NCA file or the header key is incorrect.
   at LibHac.Tools.FsSystem.NcaUtils.NcaHeader.DecryptHeader(KeySet keySet, IStorage storage)
   at LibHac.Tools.FsSystem.NcaUtils.Nca..ctor(KeySet keySet, IStorage storage)
   at Ryujinx.Ava.Systems.AppLibrary.ApplicationLibrary.GetApplicationFromNsp(PartitionFileSystem pfs, String filePath) in C:\Users\[redacted]\Downloads\MHRise-NPLN-Lab-v0.2\Ryujinx-Nextendo-1.7.9\Ryujinx-Nextendo-1.7.9\src\Ryujinx\Systems\AppLibrary\ApplicationLibrary.cs:line 219
00:00:22.969 |W| GUI.ApplicationLibraryThread Application GetApplicationFromNsp: Encountered an error while trying to load applications from file 'C:\Users\[redacted]\Downloads\Monster Hunter Rise [NSP]\264 DLC\Monster Hunter Rise [DLC Minoto Long Hairstyle] [0100B0401174307A][v0].nsp': System.IO.InvalidDataException: Unable to decrypt NCA header. The file is not an NCA file or the header key is incorrect.
   at LibHac.Tools.FsSystem.NcaUtils.NcaHeader.DecryptHeader(KeySet keySet, IStorage storage)
   at LibHac.Tools.FsSystem.NcaUtils.Nca..ctor(KeySet keySet, IStorage storage)
   at Ryujinx.Ava.Systems.AppLibrary.ApplicationLibrary.GetApplicationFromNsp(PartitionFileSystem pfs, String filePath) in C:\Users\[redacted]\Downloads\MHRise-NPLN-Lab-v0.2\Ryujinx-Nextendo-1.7.9\Ryujinx-Nextendo-1.7.9\src\Ryujinx\Systems\AppLibrary\ApplicationLibrary.cs:line 219
00:00:22.983 |W| GUI.ApplicationLibraryThread Application GetApplicationFromNsp: Encountered an error while trying to load applications from file 'C:\Users\[redacted]\Downloads\Monster Hunter Rise [NSP]\264 DLC\Monster Hunter Rise [DLC Mizutsune face paint] [0100B040117430F4][v0].nsp': System.IO.InvalidDataException: Unable to decrypt NCA header. The file is not an NCA file or the header key is incorrect.
   at LibHac.Tools.FsSystem.NcaUtils.NcaHeader.DecryptHeader(KeySet keySet, IStorage storage)
   at LibHac.Tools.FsSystem.NcaUtils.Nca..ctor(KeySet keySet, IStorage storage)
   at Ryujinx.Ava.Systems.AppLibrary.ApplicationLibrary.GetApplicationFromNsp(PartitionFileSystem pfs, String filePath) in C:\Users\[redacted]\Downloads\MHRise-NPLN-Lab-v0.2\Ryujinx-Nextendo-1.7.9\Ryujinx-Nextendo-1.7.9\src\Ryujinx\Systems\AppLibrary\ApplicationLibrary.cs:line 219
00:00:22.995 |W| GUI.ApplicationLibraryThread Application GetApplicationFromNsp: Encountered an error while trying to load applications from file 'C:\Users\[redacted]\Downloads\Monster Hunter Rise [NSP]\264 DLC\Monster Hunter Rise [DLC Model Walk Gesture Set] [0100B04011743110][v0].nsp': System.IO.InvalidDataException: Unable to decrypt NCA header. The file is not an NCA file or the header key is incorrect.
   at LibHac.Tools.FsSystem.NcaUtils.NcaHeader.DecryptHeader(KeySet keySet, IStorage storage)
   at LibHac.Tools.FsSystem.NcaUtils.Nca..ctor(KeySet keySet, IStorage storage)
   at Ryujinx.Ava.Systems.AppLibrary.ApplicationLibrary.GetApplicationFromNsp(PartitionFileSystem pfs, String filePath) in C:\Users\[redacted]\Downloads\MHRise-NPLN-Lab-v0.2\Ryujinx-Nextendo-1.7.9\Ryujinx-Nextendo-1.7.9\src\Ryujinx\Systems\AppLibrary\ApplicationLibrary.cs:line 219
00:00:23.008 |W| GUI.ApplicationLibraryThread Application GetApplicationFromNsp: Encountered an error while trying to load applications from file 'C:\Users\[redacted]\Downloads\Monster Hunter Rise [NSP]\264 DLC\Monster Hunter Rise [DLC Monster and Elgado Music Jazz Version BGM] [0100B040117430DE][v0].nsp': System.IO.InvalidDataException: Unable to decrypt NCA header. The file is not an NCA file or the header key is incorrect.
   at LibHac.Tools.FsSystem.NcaUtils.NcaHeader.DecryptHeader(KeySet keySet, IStorage storage)
   at LibHac.Tools.FsSystem.NcaUtils.Nca..ctor(KeySet keySet, IStorage storage)
   at Ryujinx.Ava.Systems.AppLibrary.ApplicationLibrary.GetApplicationFromNsp(PartitionFileSystem pfs, String filePath) in C:\Users\[redacted]\Downloads\MHRise-NPLN-Lab-v0.2\Ryujinx-Nextendo-1.7.9\Ryujinx-Nextendo-1.7.9\src\Ryujinx\Systems\AppLibrary\ApplicationLibrary.cs:line 219
00:00:23.026 |W| GUI.ApplicationLibraryThread Application GetApplicationFromNsp: Encountered an error while trying to load applications from file 'C:\Users\[redacted]\Downloads\Monster Hunter Rise [NSP]\264 DLC\Monster Hunter Rise [DLC Monster and Stage Music Chiptune Version BGM] [0100B0401174311D][v0].nsp': System.IO.InvalidDataException: Unable to decrypt NCA header. The file is not an NCA file or the header key is incorrect.
   at LibHac.Tools.FsSystem.NcaUtils.NcaHeader.DecryptHeader(KeySet keySet, IStorage storage)
   at LibHac.Tools.FsSystem.NcaUtils.Nca..ctor(KeySet keySet, IStorage storage)
   at Ryujinx.Ava.Systems.AppLibrary.ApplicationLibrary.GetApplicationFromNsp(PartitionFileSystem pfs, String filePath) in C:\Users\[redacted]\Downloads\MHRise-NPLN-Lab-v0.2\Ryujinx-Nextendo-1.7.9\Ryujinx-Nextendo-1.7.9\src\Ryujinx\Systems\AppLibrary\ApplicationLibrary.cs:line 219
00:00:23.038 |W| GUI.ApplicationLibraryThread Application GetApplicationFromNsp: Encountered an error while trying to load applications from file 'C:\Users\[redacted]\Downloads\Monster Hunter Rise [NSP]\264 DLC\Monster Hunter Rise [DLC Monster and Title Music Piano Version BGM] [0100B040117430CA][v0].nsp': System.IO.InvalidDataException: Unable to decrypt NCA header. The file is not an NCA file or the header key is incorrect.
   at LibHac.Tools.FsSystem.NcaUtils.NcaHeader.DecryptHeader(KeySet keySet, IStorage storage)
   at LibHac.Tools.FsSystem.NcaUtils.Nca..ctor(KeySet keySet, IStorage storage)
   at Ryujinx.Ava.Systems.AppLibrary.ApplicationLibrary.GetApplicationFromNsp(PartitionFileSystem pfs, String filePath) in C:\Users\[redacted]\Downloads\MHRise-NPLN-Lab-v0.2\Ryujinx-Nextendo-1.7.9\Ryujinx-Nextendo-1.7.9\src\Ryujinx\Systems\AppLibrary\ApplicationLibrary.cs:line 219
00:00:23.050 |W| GUI.ApplicationLibraryThread Application GetApplicationFromNsp: Encountered an error while trying to load applications from file 'C:\Users\[redacted]\Downloads\Monster Hunter Rise [NSP]\264 DLC\Monster Hunter Rise [DLC Monster Hunter Series Bases BGM] [0100B04011743045][v0].nsp': System.IO.InvalidDataException: Unable to decrypt NCA header. The file is not an NCA file or the header key is incorrect.
   at LibHac.Tools.FsSystem.NcaUtils.NcaHeader.DecryptHeader(KeySet keySet, IStorage storage)
   at LibHac.Tools.FsSystem.NcaUtils.Nca..ctor(KeySet keySet, IStorage storage)
   at Ryujinx.Ava.Systems.AppLibrary.ApplicationLibrary.GetApplicationFromNsp(PartitionFileSystem pfs, String filePath) in C:\Users\[redacted]\Downloads\MHRise-NPLN-Lab-v0.2\Ryujinx-Nextendo-1.7.9\Ryujinx-Nextendo-1.7.9\src\Ryujinx\Systems\AppLibrary\ApplicationLibrary.cs:line 219
00:00:23.063 |W| GUI.ApplicationLibraryThread Application GetApplicationFromNsp: Encountered an error while trying to load applications from file 'C:\Users\[redacted]\Downloads\Monster Hunter Rise [NSP]\264 DLC\Monster Hunter Rise [DLC Monster Music Dance Version BGM] [0100B04011743046][v0].nsp': System.IO.InvalidDataException: Unable to decrypt NCA header. The file is not an NCA file or the header key is incorrect.
   at LibHac.Tools.FsSystem.NcaUtils.NcaHeader.DecryptHeader(KeySet keySet, IStorage storage)
   at LibHac.Tools.FsSystem.NcaUtils.Nca..ctor(KeySet keySet, IStorage storage)
   at Ryujinx.Ava.Systems.AppLibrary.ApplicationLibrary.GetApplicationFromNsp(PartitionFileSystem pfs, String filePath) in C:\Users\[redacted]\Downloads\MHRise-NPLN-Lab-v0.2\Ryujinx-Nextendo-1.7.9\Ryujinx-Nextendo-1.7.9\src\Ryujinx\Systems\AppLibrary\ApplicationLibrary.cs:line 219
00:00:23.076 |W| GUI.ApplicationLibraryThread Application GetApplicationFromNsp: Encountered an error while trying to load applications from file 'C:\Users\[redacted]\Downloads\Monster Hunter Rise [NSP]\264 DLC\Monster Hunter Rise [DLC Monster Music Rock Version BGM] [0100B04011743080][v0].nsp': System.IO.InvalidDataException: Unable to decrypt NCA header. The file is not an NCA file or the header key is incorrect.
   at LibHac.Tools.FsSystem.NcaUtils.NcaHeader.DecryptHeader(KeySet keySet, IStorage storage)
   at LibHac.Tools.FsSystem.NcaUtils.Nca..ctor(KeySet keySet, IStorage storage)
   at Ryujinx.Ava.Systems.AppLibrary.ApplicationLibrary.GetApplicationFromNsp(PartitionFileSystem pfs, String filePath) in C:\Users\[redacted]\Downloads\MHRise-NPLN-Lab-v0.2\Ryujinx-Nextendo-1.7.9\Ryujinx-Nextendo-1.7.9\src\Ryujinx\Systems\AppLibrary\ApplicationLibrary.cs:line 219
00:00:23.101 |W| GUI.ApplicationLibraryThread Application GetApplicationFromNsp: Encountered an error while trying to load applications from file 'C:\Users\[redacted]\Downloads\Monster Hunter Rise [NSP]\264 DLC\Monster Hunter Rise [DLC Musical Pose Set] [0100B04011743111][v0].nsp': System.IO.InvalidDataException: Unable to decrypt NCA header. The file is not an NCA file or the header key is incorrect.
   at LibHac.Tools.FsSystem.NcaUtils.NcaHeader.DecryptHeader(KeySet keySet, IStorage storage)
   at LibHac.Tools.FsSystem.NcaUtils.Nca..ctor(KeySet keySet, IStorage storage)
   at Ryujinx.Ava.Systems.AppLibrary.ApplicationLibrary.GetApplicationFromNsp(PartitionFileSystem pfs, String filePath) in C:\Users\[redacted]\Downloads\MHRise-NPLN-Lab-v0.2\Ryujinx-Nextendo-1.7.9\Ryujinx-Nextendo-1.7.9\src\Ryujinx\Systems\AppLibrary\ApplicationLibrary.cs:line 219
00:00:23.114 |W| GUI.ApplicationLibraryThread Application GetApplicationFromNsp: Encountered an error while trying to load applications from file 'C:\Users\[redacted]\Downloads\Monster Hunter Rise [NSP]\264 DLC\Monster Hunter Rise [DLC Nine Tails Palico layered armor set] [0100B04011743020][v0].nsp': System.IO.InvalidDataException: Unable to decrypt NCA header. The file is not an NCA file or the header key is incorrect.
   at LibHac.Tools.FsSystem.NcaUtils.NcaHeader.DecryptHeader(KeySet keySet, IStorage storage)
   at LibHac.Tools.FsSystem.NcaUtils.Nca..ctor(KeySet keySet, IStorage storage)
   at Ryujinx.Ava.Systems.AppLibrary.ApplicationLibrary.GetApplicationFromNsp(PartitionFileSystem pfs, String filePath) in C:\Users\[redacted]\Downloads\MHRise-NPLN-Lab-v0.2\Ryujinx-Nextendo-1.7.9\Ryujinx-Nextendo-1.7.9\src\Ryujinx\Systems\AppLibrary\ApplicationLibrary.cs:line 219
00:00:23.128 |W| GUI.ApplicationLibraryThread Application GetApplicationFromNsp: Encountered an error while trying to load applications from file 'C:\Users\[redacted]\Downloads\Monster Hunter Rise [NSP]\264 DLC\Monster Hunter Rise [DLC Noble Short Hairstyle] [0100B04011743047][v0].nsp': System.IO.InvalidDataException: Unable to decrypt NCA header. The file is not an NCA file or the header key is incorrect.
   at LibHac.Tools.FsSystem.NcaUtils.NcaHeader.DecryptHeader(KeySet keySet, IStorage storage)
   at LibHac.Tools.FsSystem.NcaUtils.Nca..ctor(KeySet keySet, IStorage storage)
   at Ryujinx.Ava.Systems.AppLibrary.ApplicationLibrary.GetApplicationFromNsp(PartitionFileSystem pfs, String filePath) in C:\Users\[redacted]\Downloads\MHRise-NPLN-Lab-v0.2\Ryujinx-Nextendo-1.7.9\Ryujinx-Nextendo-1.7.9\src\Ryujinx\Systems\AppLibrary\ApplicationLibrary.cs:line 219
00:00:23.140 |W| GUI.ApplicationLibraryThread Application GetApplicationFromNsp: Encountered an error while trying to load applications from file 'C:\Users\[redacted]\Downloads\Monster Hunter Rise [NSP]\264 DLC\Monster Hunter Rise [DLC One Character Edit Voucher Batch 2] [0100B0401174309F][v0].nsp': System.IO.InvalidDataException: Unable to decrypt NCA header. The file is not an NCA file or the header key is incorrect.
   at LibHac.Tools.FsSystem.NcaUtils.NcaHeader.DecryptHeader(KeySet keySet, IStorage storage)
   at LibHac.Tools.FsSystem.NcaUtils.Nca..ctor(KeySet keySet, IStorage storage)
   at Ryujinx.Ava.Systems.AppLibrary.ApplicationLibrary.GetApplicationFromNsp(PartitionFileSystem pfs, String filePath) in C:\Users\[redacted]\Downloads\MHRise-NPLN-Lab-v0.2\Ryujinx-Nextendo-1.7.9\Ryujinx-Nextendo-1.7.9\src\Ryujinx\Systems\AppLibrary\ApplicationLibrary.cs:line 219
00:00:23.154 |W| GUI.ApplicationLibraryThread Application GetApplicationFromNsp: Encountered an error while trying to load applications from file 'C:\Users\[redacted]\Downloads\Monster Hunter Rise [NSP]\264 DLC\Monster Hunter Rise [DLC One Character Edit Voucher Free] [0100B0401174302B][v0].nsp': System.IO.InvalidDataException: Unable to decrypt NCA header. The file is not an NCA file or the header key is incorrect.
   at LibHac.Tools.FsSystem.NcaUtils.NcaHeader.DecryptHeader(KeySet keySet, IStorage storage)
   at LibHac.Tools.FsSystem.NcaUtils.Nca..ctor(KeySet keySet, IStorage storage)
   at Ryujinx.Ava.Systems.AppLibrary.ApplicationLibrary.GetApplicationFromNsp(PartitionFileSystem pfs, String filePath) in C:\Users\[redacted]\Downloads\MHRise-NPLN-Lab-v0.2\Ryujinx-Nextendo-1.7.9\Ryujinx-Nextendo-1.7.9\src\Ryujinx\Systems\AppLibrary\ApplicationLibrary.cs:line 219
00:00:23.165 |W| GUI.ApplicationLibraryThread Application GetApplicationFromNsp: Encountered an error while trying to load applications from file 'C:\Users\[redacted]\Downloads\Monster Hunter Rise [NSP]\264 DLC\Monster Hunter Rise [DLC One Character Edit Voucher] [0100B04011743028][v0].nsp': System.IO.InvalidDataException: Unable to decrypt NCA header. The file is not an NCA file or the header key is incorrect.
   at LibHac.Tools.FsSystem.NcaUtils.NcaHeader.DecryptHeader(KeySet keySet, IStorage storage)
   at LibHac.Tools.FsSystem.NcaUtils.Nca..ctor(KeySet keySet, IStorage storage)
   at Ryujinx.Ava.Systems.AppLibrary.ApplicationLibrary.GetApplicationFromNsp(PartitionFileSystem pfs, String filePath) in C:\Users\[redacted]\Downloads\MHRise-NPLN-Lab-v0.2\Ryujinx-Nextendo-1.7.9\Ryujinx-Nextendo-1.7.9\src\Ryujinx\Systems\AppLibrary\ApplicationLibrary.cs:line 219
00:00:23.177 |W| GUI.ApplicationLibraryThread Application GetApplicationFromNsp: Encountered an error while trying to load applications from file 'C:\Users\[redacted]\Downloads\Monster Hunter Rise [NSP]\264 DLC\Monster Hunter Rise [DLC Out On The Hunt Cohoot Outfit] [0100B0401174304F][v0].nsp': System.IO.InvalidDataException: Unable to decrypt NCA header. The file is not an NCA file or the header key is incorrect.
   at LibHac.Tools.FsSystem.NcaUtils.NcaHeader.DecryptHeader(KeySet keySet, IStorage storage)
   at LibHac.Tools.FsSystem.NcaUtils.Nca..ctor(KeySet keySet, IStorage storage)
   at Ryujinx.Ava.Systems.AppLibrary.ApplicationLibrary.GetApplicationFromNsp(PartitionFileSystem pfs, String filePath) in C:\Users\[redacted]\Downloads\MHRise-NPLN-Lab-v0.2\Ryujinx-Nextendo-1.7.9\Ryujinx-Nextendo-1.7.9\src\Ryujinx\Systems\AppLibrary\ApplicationLibrary.cs:line 219
00:00:23.190 |W| GUI.ApplicationLibraryThread Application GetApplicationFromNsp: Encountered an error while trying to load applications from file 'C:\Users\[redacted]\Downloads\Monster Hunter Rise [NSP]\264 DLC\Monster Hunter Rise [DLC Palico Makeup] [0100B04011743114][v0].nsp': System.IO.InvalidDataException: Unable to decrypt NCA header. The file is not an NCA file or the header key is incorrect.
   at LibHac.Tools.FsSystem.NcaUtils.NcaHeader.DecryptHeader(KeySet keySet, IStorage storage)
   at LibHac.Tools.FsSystem.NcaUtils.Nca..ctor(KeySet keySet, IStorage storage)
   at Ryujinx.Ava.Systems.AppLibrary.ApplicationLibrary.GetApplicationFromNsp(PartitionFileSystem pfs, String filePath) in C:\Users\[redacted]\Downloads\MHRise-NPLN-Lab-v0.2\Ryujinx-Nextendo-1.7.9\Ryujinx-Nextendo-1.7.9\src\Ryujinx\Systems\AppLibrary\ApplicationLibrary.cs:line 219
00:00:23.202 |W| GUI.ApplicationLibraryThread Application GetApplicationFromNsp: Encountered an error while trying to load applications from file 'C:\Users\[redacted]\Downloads\Monster Hunter Rise [NSP]\264 DLC\Monster Hunter Rise [DLC Pawprint Face Paint] [0100B0401174309D][v0].nsp': System.IO.InvalidDataException: Unable to decrypt NCA header. The file is not an NCA file or the header key is incorrect.
   at LibHac.Tools.FsSystem.NcaUtils.NcaHeader.DecryptHeader(KeySet keySet, IStorage storage)
   at LibHac.Tools.FsSystem.NcaUtils.Nca..ctor(KeySet keySet, IStorage storage)
   at Ryujinx.Ava.Systems.AppLibrary.ApplicationLibrary.GetApplicationFromNsp(PartitionFileSystem pfs, String filePath) in C:\Users\[redacted]\Downloads\MHRise-NPLN-Lab-v0.2\Ryujinx-Nextendo-1.7.9\Ryujinx-Nextendo-1.7.9\src\Ryujinx\Systems\AppLibrary\ApplicationLibrary.cs:line 219
00:00:23.217 |W| GUI.ApplicationLibraryThread Application GetApplicationFromNsp: Encountered an error while trying to load applications from file 'C:\Users\[redacted]\Downloads\Monster Hunter Rise [NSP]\264 DLC\Monster Hunter Rise [DLC Petit Face Makeup] [0100B04011743033][v0].nsp': System.IO.InvalidDataException: Unable to decrypt NCA header. The file is not an NCA file or the header key is incorrect.
   at LibHac.Tools.FsSystem.NcaUtils.NcaHeader.DecryptHeader(KeySet keySet, IStorage storage)
   at LibHac.Tools.FsSystem.NcaUtils.Nca..ctor(KeySet keySet, IStorage storage)
   at Ryujinx.Ava.Systems.AppLibrary.ApplicationLibrary.GetApplicationFromNsp(PartitionFileSystem pfs, String filePath) in C:\Users\[redacted]\Downloads\MHRise-NPLN-Lab-v0.2\Ryujinx-Nextendo-1.7.9\Ryujinx-Nextendo-1.7.9\src\Ryujinx\Systems\AppLibrary\ApplicationLibrary.cs:line 219
00:00:23.231 |W| GUI.ApplicationLibraryThread Application GetApplicationFromNsp: Encountered an error while trying to load applications from file 'C:\Users\[redacted]\Downloads\Monster Hunter Rise [NSP]\264 DLC\Monster Hunter Rise [DLC Pre-Order Bonus Add-On Content] [0100B04011743012][v0].nsp': System.IO.InvalidDataException: Unable to decrypt NCA header. The file is not an NCA file or the header key is incorrect.
   at LibHac.Tools.FsSystem.NcaUtils.NcaHeader.DecryptHeader(KeySet keySet, IStorage storage)
   at LibHac.Tools.FsSystem.NcaUtils.Nca..ctor(KeySet keySet, IStorage storage)
   at Ryujinx.Ava.Systems.AppLibrary.ApplicationLibrary.GetApplicationFromNsp(PartitionFileSystem pfs, String filePath) in C:\Users\[redacted]\Downloads\MHRise-NPLN-Lab-v0.2\Ryujinx-Nextendo-1.7.9\Ryujinx-Nextendo-1.7.9\src\Ryujinx\Systems\AppLibrary\ApplicationLibrary.cs:line 219
00:00:23.245 |W| GUI.ApplicationLibraryThread Application GetApplicationFromNsp: Encountered an error while trying to load applications from file 'C:\Users\[redacted]\Downloads\Monster Hunter Rise [NSP]\264 DLC\Monster Hunter Rise [DLC Pre-Order Bonus Add-On Content] [0100B0401174301C][v0].nsp': System.IO.InvalidDataException: Unable to decrypt NCA header. The file is not an NCA file or the header key is incorrect.
   at LibHac.Tools.FsSystem.NcaUtils.NcaHeader.DecryptHeader(KeySet keySet, IStorage storage)
   at LibHac.Tools.FsSystem.NcaUtils.Nca..ctor(KeySet keySet, IStorage storage)
   at Ryujinx.Ava.Systems.AppLibrary.ApplicationLibrary.GetApplicationFromNsp(PartitionFileSystem pfs, String filePath) in C:\Users\[redacted]\Downloads\MHRise-NPLN-Lab-v0.2\Ryujinx-Nextendo-1.7.9\Ryujinx-Nextendo-1.7.9\src\Ryujinx\Systems\AppLibrary\ApplicationLibrary.cs:line 219
00:00:23.259 |W| GUI.ApplicationLibraryThread Application GetApplicationFromNsp: Encountered an error while trying to load applications from file 'C:\Users\[redacted]\Downloads\Monster Hunter Rise [NSP]\264 DLC\Monster Hunter Rise [DLC Pre-order bonus Add-on Content] [0100B0401174301D][v0].nsp': System.IO.InvalidDataException: Unable to decrypt NCA header. The file is not an NCA file or the header key is incorrect.
   at LibHac.Tools.FsSystem.NcaUtils.NcaHeader.DecryptHeader(KeySet keySet, IStorage storage)
   at LibHac.Tools.FsSystem.NcaUtils.Nca..ctor(KeySet keySet, IStorage storage)
   at Ryujinx.Ava.Systems.AppLibrary.ApplicationLibrary.GetApplicationFromNsp(PartitionFileSystem pfs, String filePath) in C:\Users\[redacted]\Downloads\MHRise-NPLN-Lab-v0.2\Ryujinx-Nextendo-1.7.9\Ryujinx-Nextendo-1.7.9\src\Ryujinx\Systems\AppLibrary\ApplicationLibrary.cs:line 219
00:00:23.273 |W| GUI.ApplicationLibraryThread Application GetApplicationFromNsp: Encountered an error while trying to load applications from file 'C:\Users\[redacted]\Downloads\Monster Hunter Rise [NSP]\264 DLC\Monster Hunter Rise [DLC Pretty Present Cohoot Outfit] [0100B04011743082][v0].nsp': System.IO.InvalidDataException: Unable to decrypt NCA header. The file is not an NCA file or the header key is incorrect.
   at LibHac.Tools.FsSystem.NcaUtils.NcaHeader.DecryptHeader(KeySet keySet, IStorage storage)
   at LibHac.Tools.FsSystem.NcaUtils.Nca..ctor(KeySet keySet, IStorage storage)
   at Ryujinx.Ava.Systems.AppLibrary.ApplicationLibrary.GetApplicationFromNsp(PartitionFileSystem pfs, String filePath) in C:\Users\[redacted]\Downloads\MHRise-NPLN-Lab-v0.2\Ryujinx-Nextendo-1.7.9\Ryujinx-Nextendo-1.7.9\src\Ryujinx\Systems\AppLibrary\ApplicationLibrary.cs:line 219
00:00:23.284 |W| GUI.ApplicationLibraryThread Application GetApplicationFromNsp: Encountered an error while trying to load applications from file 'C:\Users\[redacted]\Downloads\Monster Hunter Rise [NSP]\264 DLC\Monster Hunter Rise [DLC Princely Tail hairstyle] [0100B040117430F1][v0].nsp': System.IO.InvalidDataException: Unable to decrypt NCA header. The file is not an NCA file or the header key is incorrect.
   at LibHac.Tools.FsSystem.NcaUtils.NcaHeader.DecryptHeader(KeySet keySet, IStorage storage)
   at LibHac.Tools.FsSystem.NcaUtils.Nca..ctor(KeySet keySet, IStorage storage)
   at Ryujinx.Ava.Systems.AppLibrary.ApplicationLibrary.GetApplicationFromNsp(PartitionFileSystem pfs, String filePath) in C:\Users\[redacted]\Downloads\MHRise-NPLN-Lab-v0.2\Ryujinx-Nextendo-1.7.9\Ryujinx-Nextendo-1.7.9\src\Ryujinx\Systems\AppLibrary\ApplicationLibrary.cs:line 219
00:00:23.297 |W| GUI.ApplicationLibraryThread Application GetApplicationFromNsp: Encountered an error while trying to load applications from file 'C:\Users\[redacted]\Downloads\Monster Hunter Rise [NSP]\264 DLC\Monster Hunter Rise [DLC Princess Curls hairstyle] [0100B040117430F2][v0].nsp': System.IO.InvalidDataException: Unable to decrypt NCA header. The file is not an NCA file or the header key is incorrect.
   at LibHac.Tools.FsSystem.NcaUtils.NcaHeader.DecryptHeader(KeySet keySet, IStorage storage)
   at LibHac.Tools.FsSystem.NcaUtils.Nca..ctor(KeySet keySet, IStorage storage)
   at Ryujinx.Ava.Systems.AppLibrary.ApplicationLibrary.GetApplicationFromNsp(PartitionFileSystem pfs, String filePath) in C:\Users\[redacted]\Downloads\MHRise-NPLN-Lab-v0.2\Ryujinx-Nextendo-1.7.9\Ryujinx-Nextendo-1.7.9\src\Ryujinx\Systems\AppLibrary\ApplicationLibrary.cs:line 219
00:00:23.309 |W| GUI.ApplicationLibraryThread Application GetApplicationFromNsp: Encountered an error while trying to load applications from file 'C:\Users\[redacted]\Downloads\Monster Hunter Rise [NSP]\264 DLC\Monster Hunter Rise [DLC Proof of a Hero and Monster Music Various Arrangements BGM] [0100B040117430FF][v0].nsp': System.IO.InvalidDataException: Unable to decrypt NCA header. The file is not an NCA file or the header key is incorrect.
   at LibHac.Tools.FsSystem.NcaUtils.NcaHeader.DecryptHeader(KeySet keySet, IStorage storage)
   at LibHac.Tools.FsSystem.NcaUtils.Nca..ctor(KeySet keySet, IStorage storage)
   at Ryujinx.Ava.Systems.AppLibrary.ApplicationLibrary.GetApplicationFromNsp(PartitionFileSystem pfs, String filePath) in C:\Users\[redacted]\Downloads\MHRise-NPLN-Lab-v0.2\Ryujinx-Nextendo-1.7.9\Ryujinx-Nextendo-1.7.9\src\Ryujinx\Systems\AppLibrary\ApplicationLibrary.cs:line 219
00:00:23.320 |W| GUI.ApplicationLibraryThread Application GetApplicationFromNsp: Encountered an error while trying to load applications from file 'C:\Users\[redacted]\Downloads\Monster Hunter Rise [NSP]\264 DLC\Monster Hunter Rise [DLC Puffy Penguin Cohoot Outfit] [0100B04011743060][v0].nsp': System.IO.InvalidDataException: Unable to decrypt NCA header. The file is not an NCA file or the header key is incorrect.
   at LibHac.Tools.FsSystem.NcaUtils.NcaHeader.DecryptHeader(KeySet keySet, IStorage storage)
   at LibHac.Tools.FsSystem.NcaUtils.Nca..ctor(KeySet keySet, IStorage storage)
   at Ryujinx.Ava.Systems.AppLibrary.ApplicationLibrary.GetApplicationFromNsp(PartitionFileSystem pfs, String filePath) in C:\Users\[redacted]\Downloads\MHRise-NPLN-Lab-v0.2\Ryujinx-Nextendo-1.7.9\Ryujinx-Nextendo-1.7.9\src\Ryujinx\Systems\AppLibrary\ApplicationLibrary.cs:line 219
00:00:23.332 |W| GUI.ApplicationLibraryThread Application GetApplicationFromNsp: Encountered an error while trying to load applications from file 'C:\Users\[redacted]\Downloads\Monster Hunter Rise [NSP]\264 DLC\Monster Hunter Rise [DLC Pup R Palamute Layered Armor Set] [0100B04011743119][v0].nsp': System.IO.InvalidDataException: Unable to decrypt NCA header. The file is not an NCA file or the header key is incorrect.
   at LibHac.Tools.FsSystem.NcaUtils.NcaHeader.DecryptHeader(KeySet keySet, IStorage storage)
   at LibHac.Tools.FsSystem.NcaUtils.Nca..ctor(KeySet keySet, IStorage storage)
   at Ryujinx.Ava.Systems.AppLibrary.ApplicationLibrary.GetApplicationFromNsp(PartitionFileSystem pfs, String filePath) in C:\Users\[redacted]\Downloads\MHRise-NPLN-Lab-v0.2\Ryujinx-Nextendo-1.7.9\Ryujinx-Nextendo-1.7.9\src\Ryujinx\Systems\AppLibrary\ApplicationLibrary.cs:line 219
00:00:23.347 |W| GUI.ApplicationLibraryThread Application GetApplicationFromNsp: Encountered an error while trying to load applications from file 'C:\Users\[redacted]\Downloads\Monster Hunter Rise [NSP]\264 DLC\Monster Hunter Rise [DLC Ran Page Hunter Layered Armor Set] [0100B04011743117][v0].nsp': System.IO.InvalidDataException: Unable to decrypt NCA header. The file is not an NCA file or the header key is incorrect.
   at LibHac.Tools.FsSystem.NcaUtils.NcaHeader.DecryptHeader(KeySet keySet, IStorage storage)
   at LibHac.Tools.FsSystem.NcaUtils.Nca..ctor(KeySet keySet, IStorage storage)
   at Ryujinx.Ava.Systems.AppLibrary.ApplicationLibrary.GetApplicationFromNsp(PartitionFileSystem pfs, String filePath) in C:\Users\[redacted]\Downloads\MHRise-NPLN-Lab-v0.2\Ryujinx-Nextendo-1.7.9\Ryujinx-Nextendo-1.7.9\src\Ryujinx\Systems\AppLibrary\ApplicationLibrary.cs:line 219
00:00:23.359 |W| GUI.ApplicationLibraryThread Application GetApplicationFromNsp: Encountered an error while trying to load applications from file 'C:\Users\[redacted]\Downloads\Monster Hunter Rise [NSP]\264 DLC\Monster Hunter Rise [DLC Reindeer Party Cohoot Outfit] [0100B04011743077][v0].nsp': System.IO.InvalidDataException: Unable to decrypt NCA header. The file is not an NCA file or the header key is incorrect.
   at LibHac.Tools.FsSystem.NcaUtils.NcaHeader.DecryptHeader(KeySet keySet, IStorage storage)
   at LibHac.Tools.FsSystem.NcaUtils.Nca..ctor(KeySet keySet, IStorage storage)
   at Ryujinx.Ava.Systems.AppLibrary.ApplicationLibrary.GetApplicationFromNsp(PartitionFileSystem pfs, String filePath) in C:\Users\[redacted]\Downloads\MHRise-NPLN-Lab-v0.2\Ryujinx-Nextendo-1.7.9\Ryujinx-Nextendo-1.7.9\src\Ryujinx\Systems\AppLibrary\ApplicationLibrary.cs:line 219
00:00:23.373 |W| GUI.ApplicationLibraryThread Application GetApplicationFromNsp: Encountered an error while trying to load applications from file 'C:\Users\[redacted]\Downloads\Monster Hunter Rise [NSP]\264 DLC\Monster Hunter Rise [DLC Relunea Bottoms Hunter Layered Armor Piece] [0100B04011743095][v0].nsp': System.IO.InvalidDataException: Unable to decrypt NCA header. The file is not an NCA file or the header key is incorrect.
   at LibHac.Tools.FsSystem.NcaUtils.NcaHeader.DecryptHeader(KeySet keySet, IStorage storage)
   at LibHac.Tools.FsSystem.NcaUtils.Nca..ctor(KeySet keySet, IStorage storage)
   at Ryujinx.Ava.Systems.AppLibrary.ApplicationLibrary.GetApplicationFromNsp(PartitionFileSystem pfs, String filePath) in C:\Users\[redacted]\Downloads\MHRise-NPLN-Lab-v0.2\Ryujinx-Nextendo-1.7.9\Ryujinx-Nextendo-1.7.9\src\Ryujinx\Systems\AppLibrary\ApplicationLibrary.cs:line 219
00:00:23.386 |W| GUI.ApplicationLibraryThread Application GetApplicationFromNsp: Encountered an error while trying to load applications from file 'C:\Users\[redacted]\Downloads\Monster Hunter Rise [NSP]\264 DLC\Monster Hunter Rise [DLC Relunea Glasses Hunter Layered Armor Piece] [0100B04011743093][v0].nsp': System.IO.InvalidDataException: Unable to decrypt NCA header. The file is not an NCA file or the header key is incorrect.
   at LibHac.Tools.FsSystem.NcaUtils.NcaHeader.DecryptHeader(KeySet keySet, IStorage storage)
   at LibHac.Tools.FsSystem.NcaUtils.Nca..ctor(KeySet keySet, IStorage storage)
   at Ryujinx.Ava.Systems.AppLibrary.ApplicationLibrary.GetApplicationFromNsp(PartitionFileSystem pfs, String filePath) in C:\Users\[redacted]\Downloads\MHRise-NPLN-Lab-v0.2\Ryujinx-Nextendo-1.7.9\Ryujinx-Nextendo-1.7.9\src\Ryujinx\Systems\AppLibrary\ApplicationLibrary.cs:line 219
00:00:23.398 |W| GUI.ApplicationLibraryThread Application GetApplicationFromNsp: Encountered an error while trying to load applications from file 'C:\Users\[redacted]\Downloads\Monster Hunter Rise [NSP]\264 DLC\Monster Hunter Rise [DLC Relunea Jacket Hunter Layered Armor Piece] [0100B04011743094][v0].nsp': System.IO.InvalidDataException: Unable to decrypt NCA header. The file is not an NCA file or the header key is incorrect.
   at LibHac.Tools.FsSystem.NcaUtils.NcaHeader.DecryptHeader(KeySet keySet, IStorage storage)
   at LibHac.Tools.FsSystem.NcaUtils.Nca..ctor(KeySet keySet, IStorage storage)
   at Ryujinx.Ava.Systems.AppLibrary.ApplicationLibrary.GetApplicationFromNsp(PartitionFileSystem pfs, String filePath) in C:\Users\[redacted]\Downloads\MHRise-NPLN-Lab-v0.2\Ryujinx-Nextendo-1.7.9\Ryujinx-Nextendo-1.7.9\src\Ryujinx\Systems\AppLibrary\ApplicationLibrary.cs:line 219
00:00:23.413 |W| GUI.ApplicationLibraryThread Application GetApplicationFromNsp: Encountered an error while trying to load applications from file 'C:\Users\[redacted]\Downloads\Monster Hunter Rise [NSP]\264 DLC\Monster Hunter Rise [DLC Reverent Wrap Hunter Layered Armor Piece] [0100B0401174307B][v0].nsp': System.IO.InvalidDataException: Unable to decrypt NCA header. The file is not an NCA file or the header key is incorrect.
   at LibHac.Tools.FsSystem.NcaUtils.NcaHeader.DecryptHeader(KeySet keySet, IStorage storage)
   at LibHac.Tools.FsSystem.NcaUtils.Nca..ctor(KeySet keySet, IStorage storage)
   at Ryujinx.Ava.Systems.AppLibrary.ApplicationLibrary.GetApplicationFromNsp(PartitionFileSystem pfs, String filePath) in C:\Users\[redacted]\Downloads\MHRise-NPLN-Lab-v0.2\Ryujinx-Nextendo-1.7.9\Ryujinx-Nextendo-1.7.9\src\Ryujinx\Systems\AppLibrary\ApplicationLibrary.cs:line 219
00:00:23.425 |W| GUI.ApplicationLibraryThread Application GetApplicationFromNsp: Encountered an error while trying to load applications from file 'C:\Users\[redacted]\Downloads\Monster Hunter Rise [NSP]\264 DLC\Monster Hunter Rise [DLC Risen face paint] [0100B04011743123][v0].nsp': System.IO.InvalidDataException: Unable to decrypt NCA header. The file is not an NCA file or the header key is incorrect.
   at LibHac.Tools.FsSystem.NcaUtils.NcaHeader.DecryptHeader(KeySet keySet, IStorage storage)
   at LibHac.Tools.FsSystem.NcaUtils.Nca..ctor(KeySet keySet, IStorage storage)
   at Ryujinx.Ava.Systems.AppLibrary.ApplicationLibrary.GetApplicationFromNsp(PartitionFileSystem pfs, String filePath) in C:\Users\[redacted]\Downloads\MHRise-NPLN-Lab-v0.2\Ryujinx-Nextendo-1.7.9\Ryujinx-Nextendo-1.7.9\src\Ryujinx\Systems\AppLibrary\ApplicationLibrary.cs:line 219
00:00:23.436 |W| GUI.ApplicationLibraryThread Application GetApplicationFromNsp: Encountered an error while trying to load applications from file 'C:\Users\[redacted]\Downloads\Monster Hunter Rise [NSP]\264 DLC\Monster Hunter Rise [DLC Rondine Hunter layered armor set] [0100B0401174312C][v0].nsp': System.IO.InvalidDataException: Unable to decrypt NCA header. The file is not an NCA file or the header key is incorrect.
   at LibHac.Tools.FsSystem.NcaUtils.NcaHeader.DecryptHeader(KeySet keySet, IStorage storage)
   at LibHac.Tools.FsSystem.NcaUtils.Nca..ctor(KeySet keySet, IStorage storage)
   at Ryujinx.Ava.Systems.AppLibrary.ApplicationLibrary.GetApplicationFromNsp(PartitionFileSystem pfs, String filePath) in C:\Users\[redacted]\Downloads\MHRise-NPLN-Lab-v0.2\Ryujinx-Nextendo-1.7.9\Ryujinx-Nextendo-1.7.9\src\Ryujinx\Systems\AppLibrary\ApplicationLibrary.cs:line 219
00:00:23.452 |W| GUI.ApplicationLibraryThread Application GetApplicationFromNsp: Encountered an error while trying to load applications from file 'C:\Users\[redacted]\Downloads\Monster Hunter Rise [NSP]\264 DLC\Monster Hunter Rise [DLC Royal Dreads hairstyle] [0100B0401174305A][v0].nsp': System.IO.InvalidDataException: Unable to decrypt NCA header. The file is not an NCA file or the header key is incorrect.
   at LibHac.Tools.FsSystem.NcaUtils.NcaHeader.DecryptHeader(KeySet keySet, IStorage storage)
   at LibHac.Tools.FsSystem.NcaUtils.Nca..ctor(KeySet keySet, IStorage storage)
   at Ryujinx.Ava.Systems.AppLibrary.ApplicationLibrary.GetApplicationFromNsp(PartitionFileSystem pfs, String filePath) in C:\Users\[redacted]\Downloads\MHRise-NPLN-Lab-v0.2\Ryujinx-Nextendo-1.7.9\Ryujinx-Nextendo-1.7.9\src\Ryujinx\Systems\AppLibrary\ApplicationLibrary.cs:line 219
00:00:23.462 |W| GUI.ApplicationLibraryThread Application GetApplicationFromNsp: Encountered an error while trying to load applications from file 'C:\Users\[redacted]\Downloads\Monster Hunter Rise [NSP]\264 DLC\Monster Hunter Rise [DLC Samurai Hairstyle] [0100B0401174302E][v0].nsp': System.IO.InvalidDataException: Unable to decrypt NCA header. The file is not an NCA file or the header key is incorrect.
   at LibHac.Tools.FsSystem.NcaUtils.NcaHeader.DecryptHeader(KeySet keySet, IStorage storage)
   at LibHac.Tools.FsSystem.NcaUtils.Nca..ctor(KeySet keySet, IStorage storage)
   at Ryujinx.Ava.Systems.AppLibrary.ApplicationLibrary.GetApplicationFromNsp(PartitionFileSystem pfs, String filePath) in C:\Users\[redacted]\Downloads\MHRise-NPLN-Lab-v0.2\Ryujinx-Nextendo-1.7.9\Ryujinx-Nextendo-1.7.9\src\Ryujinx\Systems\AppLibrary\ApplicationLibrary.cs:line 219
00:00:23.475 |W| GUI.ApplicationLibraryThread Application GetApplicationFromNsp: Encountered an error while trying to load applications from file 'C:\Users\[redacted]\Downloads\Monster Hunter Rise [NSP]\264 DLC\Monster Hunter Rise [DLC Series Bases Pt. 2 BGM] [0100B040117430CB][v0].nsp': System.IO.InvalidDataException: Unable to decrypt NCA header. The file is not an NCA file or the header key is incorrect.
   at LibHac.Tools.FsSystem.NcaUtils.NcaHeader.DecryptHeader(KeySet keySet, IStorage storage)
   at LibHac.Tools.FsSystem.NcaUtils.Nca..ctor(KeySet keySet, IStorage storage)
   at Ryujinx.Ava.Systems.AppLibrary.ApplicationLibrary.GetApplicationFromNsp(PartitionFileSystem pfs, String filePath) in C:\Users\[redacted]\Downloads\MHRise-NPLN-Lab-v0.2\Ryujinx-Nextendo-1.7.9\Ryujinx-Nextendo-1.7.9\src\Ryujinx\Systems\AppLibrary\ApplicationLibrary.cs:line 219
00:00:23.488 |W| GUI.ApplicationLibraryThread Application GetApplicationFromNsp: Encountered an error while trying to load applications from file 'C:\Users\[redacted]\Downloads\Monster Hunter Rise [NSP]\264 DLC\Monster Hunter Rise [DLC Single Stroke Cheek Face Paint] [0100B040117430C0][v0].nsp': System.IO.InvalidDataException: Unable to decrypt NCA header. The file is not an NCA file or the header key is incorrect.
   at LibHac.Tools.FsSystem.NcaUtils.NcaHeader.DecryptHeader(KeySet keySet, IStorage storage)
   at LibHac.Tools.FsSystem.NcaUtils.Nca..ctor(KeySet keySet, IStorage storage)
   at Ryujinx.Ava.Systems.AppLibrary.ApplicationLibrary.GetApplicationFromNsp(PartitionFileSystem pfs, String filePath) in C:\Users\[redacted]\Downloads\MHRise-NPLN-Lab-v0.2\Ryujinx-Nextendo-1.7.9\Ryujinx-Nextendo-1.7.9\src\Ryujinx\Systems\AppLibrary\ApplicationLibrary.cs:line 219
00:00:23.500 |W| GUI.ApplicationLibraryThread Application GetApplicationFromNsp: Encountered an error while trying to load applications from file 'C:\Users\[redacted]\Downloads\Monster Hunter Rise [NSP]\264 DLC\Monster Hunter Rise [DLC Special Stickers 1 Sticker Set] [0100B04011743037][v0].nsp': System.IO.InvalidDataException: Unable to decrypt NCA header. The file is not an NCA file or the header key is incorrect.
   at LibHac.Tools.FsSystem.NcaUtils.NcaHeader.DecryptHeader(KeySet keySet, IStorage storage)
   at LibHac.Tools.FsSystem.NcaUtils.Nca..ctor(KeySet keySet, IStorage storage)
   at Ryujinx.Ava.Systems.AppLibrary.ApplicationLibrary.GetApplicationFromNsp(PartitionFileSystem pfs, String filePath) in C:\Users\[redacted]\Downloads\MHRise-NPLN-Lab-v0.2\Ryujinx-Nextendo-1.7.9\Ryujinx-Nextendo-1.7.9\src\Ryujinx\Systems\AppLibrary\ApplicationLibrary.cs:line 219
00:00:23.514 |W| GUI.ApplicationLibraryThread Application GetApplicationFromNsp: Encountered an error while trying to load applications from file 'C:\Users\[redacted]\Downloads\Monster Hunter Rise [NSP]\264 DLC\Monster Hunter Rise [DLC Special Stickers 10 Sticker Set] [0100B040117430BA][v0].nsp': System.IO.InvalidDataException: Unable to decrypt NCA header. The file is not an NCA file or the header key is incorrect.
   at LibHac.Tools.FsSystem.NcaUtils.NcaHeader.DecryptHeader(KeySet keySet, IStorage storage)
   at LibHac.Tools.FsSystem.NcaUtils.Nca..ctor(KeySet keySet, IStorage storage)
   at Ryujinx.Ava.Systems.AppLibrary.ApplicationLibrary.GetApplicationFromNsp(PartitionFileSystem pfs, String filePath) in C:\Users\[redacted]\Downloads\MHRise-NPLN-Lab-v0.2\Ryujinx-Nextendo-1.7.9\Ryujinx-Nextendo-1.7.9\src\Ryujinx\Systems\AppLibrary\ApplicationLibrary.cs:line 219
00:00:23.526 |W| GUI.ApplicationLibraryThread Application GetApplicationFromNsp: Encountered an error while trying to load applications from file 'C:\Users\[redacted]\Downloads\Monster Hunter Rise [NSP]\264 DLC\Monster Hunter Rise [DLC Special Stickers 11 Sticker Set] [0100B040117430CE][v0].nsp': System.IO.InvalidDataException: Unable to decrypt NCA header. The file is not an NCA file or the header key is incorrect.
   at LibHac.Tools.FsSystem.NcaUtils.NcaHeader.DecryptHeader(KeySet keySet, IStorage storage)
   at LibHac.Tools.FsSystem.NcaUtils.Nca..ctor(KeySet keySet, IStorage storage)
   at Ryujinx.Ava.Systems.AppLibrary.ApplicationLibrary.GetApplicationFromNsp(PartitionFileSystem pfs, String filePath) in C:\Users\[redacted]\Downloads\MHRise-NPLN-Lab-v0.2\Ryujinx-Nextendo-1.7.9\Ryujinx-Nextendo-1.7.9\src\Ryujinx\Systems\AppLibrary\ApplicationLibrary.cs:line 219
00:00:23.540 |W| GUI.ApplicationLibraryThread Application GetApplicationFromNsp: Encountered an error while trying to load applications from file 'C:\Users\[redacted]\Downloads\Monster Hunter Rise [NSP]\264 DLC\Monster Hunter Rise [DLC Special Stickers 12 sticker set] [0100B040117430EE][v0].nsp': System.IO.InvalidDataException: Unable to decrypt NCA header. The file is not an NCA file or the header key is incorrect.
   at LibHac.Tools.FsSystem.NcaUtils.NcaHeader.DecryptHeader(KeySet keySet, IStorage storage)
   at LibHac.Tools.FsSystem.NcaUtils.Nca..ctor(KeySet keySet, IStorage storage)
   at Ryujinx.Ava.Systems.AppLibrary.ApplicationLibrary.GetApplicationFromNsp(PartitionFileSystem pfs, String filePath) in C:\Users\[redacted]\Downloads\MHRise-NPLN-Lab-v0.2\Ryujinx-Nextendo-1.7.9\Ryujinx-Nextendo-1.7.9\src\Ryujinx\Systems\AppLibrary\ApplicationLibrary.cs:line 219
00:00:23.553 |W| GUI.ApplicationLibraryThread Application GetApplicationFromNsp: Encountered an error while trying to load applications from file 'C:\Users\[redacted]\Downloads\Monster Hunter Rise [NSP]\264 DLC\Monster Hunter Rise [DLC Special Stickers 13 Sticker Set] [0100B0401174310F][v0].nsp': System.IO.InvalidDataException: Unable to decrypt NCA header. The file is not an NCA file or the header key is incorrect.
   at LibHac.Tools.FsSystem.NcaUtils.NcaHeader.DecryptHeader(KeySet keySet, IStorage storage)
   at LibHac.Tools.FsSystem.NcaUtils.Nca..ctor(KeySet keySet, IStorage storage)
   at Ryujinx.Ava.Systems.AppLibrary.ApplicationLibrary.GetApplicationFromNsp(PartitionFileSystem pfs, String filePath) in C:\Users\[redacted]\Downloads\MHRise-NPLN-Lab-v0.2\Ryujinx-Nextendo-1.7.9\Ryujinx-Nextendo-1.7.9\src\Ryujinx\Systems\AppLibrary\ApplicationLibrary.cs:line 219
00:00:23.565 |W| GUI.ApplicationLibraryThread Application GetApplicationFromNsp: Encountered an error while trying to load applications from file 'C:\Users\[redacted]\Downloads\Monster Hunter Rise [NSP]\264 DLC\Monster Hunter Rise [DLC Special Stickers 14 sticker set] [0100B0401174311F][v0].nsp': System.IO.InvalidDataException: Unable to decrypt NCA header. The file is not an NCA file or the header key is incorrect.
   at LibHac.Tools.FsSystem.NcaUtils.NcaHeader.DecryptHeader(KeySet keySet, IStorage storage)
   at LibHac.Tools.FsSystem.NcaUtils.Nca..ctor(KeySet keySet, IStorage storage)
   at Ryujinx.Ava.Systems.AppLibrary.ApplicationLibrary.GetApplicationFromNsp(PartitionFileSystem pfs, String filePath) in C:\Users\[redacted]\Downloads\MHRise-NPLN-Lab-v0.2\Ryujinx-Nextendo-1.7.9\Ryujinx-Nextendo-1.7.9\src\Ryujinx\Systems\AppLibrary\ApplicationLibrary.cs:line 219
00:00:23.579 |W| GUI.ApplicationLibraryThread Application GetApplicationFromNsp: Encountered an error while trying to load applications from file 'C:\Users\[redacted]\Downloads\Monster Hunter Rise [NSP]\264 DLC\Monster Hunter Rise [DLC Special Stickers 2 Sticker Set] [0100B04011743044][v0].nsp': System.IO.InvalidDataException: Unable to decrypt NCA header. The file is not an NCA file or the header key is incorrect.
   at LibHac.Tools.FsSystem.NcaUtils.NcaHeader.DecryptHeader(KeySet keySet, IStorage storage)
   at LibHac.Tools.FsSystem.NcaUtils.Nca..ctor(KeySet keySet, IStorage storage)
   at Ryujinx.Ava.Systems.AppLibrary.ApplicationLibrary.GetApplicationFromNsp(PartitionFileSystem pfs, String filePath) in C:\Users\[redacted]\Downloads\MHRise-NPLN-Lab-v0.2\Ryujinx-Nextendo-1.7.9\Ryujinx-Nextendo-1.7.9\src\Ryujinx\Systems\AppLibrary\ApplicationLibrary.cs:line 219
00:00:23.591 |W| GUI.ApplicationLibraryThread Application GetApplicationFromNsp: Encountered an error while trying to load applications from file 'C:\Users\[redacted]\Downloads\Monster Hunter Rise [NSP]\264 DLC\Monster Hunter Rise [DLC Special Stickers 3 Sticker Set] [0100B04011743057][v0].nsp': System.IO.InvalidDataException: Unable to decrypt NCA header. The file is not an NCA file or the header key is incorrect.
   at LibHac.Tools.FsSystem.NcaUtils.NcaHeader.DecryptHeader(KeySet keySet, IStorage storage)
   at LibHac.Tools.FsSystem.NcaUtils.Nca..ctor(KeySet keySet, IStorage storage)
   at Ryujinx.Ava.Systems.AppLibrary.ApplicationLibrary.GetApplicationFromNsp(PartitionFileSystem pfs, String filePath) in C:\Users\[redacted]\Downloads\MHRise-NPLN-Lab-v0.2\Ryujinx-Nextendo-1.7.9\Ryujinx-Nextendo-1.7.9\src\Ryujinx\Systems\AppLibrary\ApplicationLibrary.cs:line 219
00:00:23.602 |W| GUI.ApplicationLibraryThread Application GetApplicationFromNsp: Encountered an error while trying to load applications from file 'C:\Users\[redacted]\Downloads\Monster Hunter Rise [NSP]\264 DLC\Monster Hunter Rise [DLC Special Stickers 4 sticker set] [0100B04011743068][v0].nsp': System.IO.InvalidDataException: Unable to decrypt NCA header. The file is not an NCA file or the header key is incorrect.
   at LibHac.Tools.FsSystem.NcaUtils.NcaHeader.DecryptHeader(KeySet keySet, IStorage storage)
   at LibHac.Tools.FsSystem.NcaUtils.Nca..ctor(KeySet keySet, IStorage storage)
   at Ryujinx.Ava.Systems.AppLibrary.ApplicationLibrary.GetApplicationFromNsp(PartitionFileSystem pfs, String filePath) in C:\Users\[redacted]\Downloads\MHRise-NPLN-Lab-v0.2\Ryujinx-Nextendo-1.7.9\Ryujinx-Nextendo-1.7.9\src\Ryujinx\Systems\AppLibrary\ApplicationLibrary.cs:line 219
00:00:23.617 |W| GUI.ApplicationLibraryThread Application GetApplicationFromNsp: Encountered an error while trying to load applications from file 'C:\Users\[redacted]\Downloads\Monster Hunter Rise [NSP]\264 DLC\Monster Hunter Rise [DLC Special Stickers 5 sticker set] [0100B04011743069][v0].nsp': System.IO.InvalidDataException: Unable to decrypt NCA header. The file is not an NCA file or the header key is incorrect.
   at LibHac.Tools.FsSystem.NcaUtils.NcaHeader.DecryptHeader(KeySet keySet, IStorage storage)
   at LibHac.Tools.FsSystem.NcaUtils.Nca..ctor(KeySet keySet, IStorage storage)
   at Ryujinx.Ava.Systems.AppLibrary.ApplicationLibrary.GetApplicationFromNsp(PartitionFileSystem pfs, String filePath) in C:\Users\[redacted]\Downloads\MHRise-NPLN-Lab-v0.2\Ryujinx-Nextendo-1.7.9\Ryujinx-Nextendo-1.7.9\src\Ryujinx\Systems\AppLibrary\ApplicationLibrary.cs:line 219
00:00:23.628 |W| GUI.ApplicationLibraryThread Application GetApplicationFromNsp: Encountered an error while trying to load applications from file 'C:\Users\[redacted]\Downloads\Monster Hunter Rise [NSP]\264 DLC\Monster Hunter Rise [DLC Special Stickers 6 sticker set] [0100B0401174306A][v0].nsp': System.IO.InvalidDataException: Unable to decrypt NCA header. The file is not an NCA file or the header key is incorrect.
   at LibHac.Tools.FsSystem.NcaUtils.NcaHeader.DecryptHeader(KeySet keySet, IStorage storage)
   at LibHac.Tools.FsSystem.NcaUtils.Nca..ctor(KeySet keySet, IStorage storage)
   at Ryujinx.Ava.Systems.AppLibrary.ApplicationLibrary.GetApplicationFromNsp(PartitionFileSystem pfs, String filePath) in C:\Users\[redacted]\Downloads\MHRise-NPLN-Lab-v0.2\Ryujinx-Nextendo-1.7.9\Ryujinx-Nextendo-1.7.9\src\Ryujinx\Systems\AppLibrary\ApplicationLibrary.cs:line 219
00:00:23.641 |W| GUI.ApplicationLibraryThread Application GetApplicationFromNsp: Encountered an error while trying to load applications from file 'C:\Users\[redacted]\Downloads\Monster Hunter Rise [NSP]\264 DLC\Monster Hunter Rise [DLC Special Stickers 7 Sticker Set] [0100B04011743078][v0].nsp': System.IO.InvalidDataException: Unable to decrypt NCA header. The file is not an NCA file or the header key is incorrect.
   at LibHac.Tools.FsSystem.NcaUtils.NcaHeader.DecryptHeader(KeySet keySet, IStorage storage)
   at LibHac.Tools.FsSystem.NcaUtils.Nca..ctor(KeySet keySet, IStorage storage)
   at Ryujinx.Ava.Systems.AppLibrary.ApplicationLibrary.GetApplicationFromNsp(PartitionFileSystem pfs, String filePath) in C:\Users\[redacted]\Downloads\MHRise-NPLN-Lab-v0.2\Ryujinx-Nextendo-1.7.9\Ryujinx-Nextendo-1.7.9\src\Ryujinx\Systems\AppLibrary\ApplicationLibrary.cs:line 219
00:00:23.654 |W| GUI.ApplicationLibraryThread Application GetApplicationFromNsp: Encountered an error while trying to load applications from file 'C:\Users\[redacted]\Downloads\Monster Hunter Rise [NSP]\264 DLC\Monster Hunter Rise [DLC Special Stickers 8 Sticker Set] [0100B04011743083][v0].nsp': System.IO.InvalidDataException: Unable to decrypt NCA header. The file is not an NCA file or the header key is incorrect.
   at LibHac.Tools.FsSystem.NcaUtils.NcaHeader.DecryptHeader(KeySet keySet, IStorage storage)
   at LibHac.Tools.FsSystem.NcaUtils.Nca..ctor(KeySet keySet, IStorage storage)
   at Ryujinx.Ava.Systems.AppLibrary.ApplicationLibrary.GetApplicationFromNsp(PartitionFileSystem pfs, String filePath) in C:\Users\[redacted]\Downloads\MHRise-NPLN-Lab-v0.2\Ryujinx-Nextendo-1.7.9\Ryujinx-Nextendo-1.7.9\src\Ryujinx\Systems\AppLibrary\ApplicationLibrary.cs:line 219
00:00:23.665 |W| GUI.ApplicationLibraryThread Application GetApplicationFromNsp: Encountered an error while trying to load applications from file 'C:\Users\[redacted]\Downloads\Monster Hunter Rise [NSP]\264 DLC\Monster Hunter Rise [DLC Special Stickers 9 Sticker Set] [0100B0401174309E][v0].nsp': System.IO.InvalidDataException: Unable to decrypt NCA header. The file is not an NCA file or the header key is incorrect.
   at LibHac.Tools.FsSystem.NcaUtils.NcaHeader.DecryptHeader(KeySet keySet, IStorage storage)
   at LibHac.Tools.FsSystem.NcaUtils.Nca..ctor(KeySet keySet, IStorage storage)
   at Ryujinx.Ava.Systems.AppLibrary.ApplicationLibrary.GetApplicationFromNsp(PartitionFileSystem pfs, String filePath) in C:\Users\[redacted]\Downloads\MHRise-NPLN-Lab-v0.2\Ryujinx-Nextendo-1.7.9\Ryujinx-Nextendo-1.7.9\src\Ryujinx\Systems\AppLibrary\ApplicationLibrary.cs:line 219
00:00:23.678 |W| GUI.ApplicationLibraryThread Application GetApplicationFromNsp: Encountered an error while trying to load applications from file 'C:\Users\[redacted]\Downloads\Monster Hunter Rise [NSP]\264 DLC\Monster Hunter Rise [DLC Spiked Collar Palamute Layered Armor] [0100B0401174303E][v0].nsp': System.IO.InvalidDataException: Unable to decrypt NCA header. The file is not an NCA file or the header key is incorrect.
   at LibHac.Tools.FsSystem.NcaUtils.NcaHeader.DecryptHeader(KeySet keySet, IStorage storage)
   at LibHac.Tools.FsSystem.NcaUtils.Nca..ctor(KeySet keySet, IStorage storage)
   at Ryujinx.Ava.Systems.AppLibrary.ApplicationLibrary.GetApplicationFromNsp(PartitionFileSystem pfs, String filePath) in C:\Users\[redacted]\Downloads\MHRise-NPLN-Lab-v0.2\Ryujinx-Nextendo-1.7.9\Ryujinx-Nextendo-1.7.9\src\Ryujinx\Systems\AppLibrary\ApplicationLibrary.cs:line 219
00:00:23.689 |W| GUI.ApplicationLibraryThread Application GetApplicationFromNsp: Encountered an error while trying to load applications from file 'C:\Users\[redacted]\Downloads\Monster Hunter Rise [NSP]\264 DLC\Monster Hunter Rise [DLC Spiked Collar Palico Layered Armor] [0100B0401174303A][v0].nsp': System.IO.InvalidDataException: Unable to decrypt NCA header. The file is not an NCA file or the header key is incorrect.
   at LibHac.Tools.FsSystem.NcaUtils.NcaHeader.DecryptHeader(KeySet keySet, IStorage storage)
   at LibHac.Tools.FsSystem.NcaUtils.Nca..ctor(KeySet keySet, IStorage storage)
   at Ryujinx.Ava.Systems.AppLibrary.ApplicationLibrary.GetApplicationFromNsp(PartitionFileSystem pfs, String filePath) in C:\Users\[redacted]\Downloads\MHRise-NPLN-Lab-v0.2\Ryujinx-Nextendo-1.7.9\Ryujinx-Nextendo-1.7.9\src\Ryujinx\Systems\AppLibrary\ApplicationLibrary.cs:line 219
00:00:23.703 |W| GUI.ApplicationLibraryThread Application GetApplicationFromNsp: Encountered an error while trying to load applications from file 'C:\Users\[redacted]\Downloads\Monster Hunter Rise [NSP]\264 DLC\Monster Hunter Rise [DLC Spiribird Earrings Hunter Layered Armor Piece] [0100B04011743073][v0].nsp': System.IO.InvalidDataException: Unable to decrypt NCA header. The file is not an NCA file or the header key is incorrect.
   at LibHac.Tools.FsSystem.NcaUtils.NcaHeader.DecryptHeader(KeySet keySet, IStorage storage)
   at LibHac.Tools.FsSystem.NcaUtils.Nca..ctor(KeySet keySet, IStorage storage)
   at Ryujinx.Ava.Systems.AppLibrary.ApplicationLibrary.GetApplicationFromNsp(PartitionFileSystem pfs, String filePath) in C:\Users\[redacted]\Downloads\MHRise-NPLN-Lab-v0.2\Ryujinx-Nextendo-1.7.9\Ryujinx-Nextendo-1.7.9\src\Ryujinx\Systems\AppLibrary\ApplicationLibrary.cs:line 219
00:00:23.714 |W| GUI.ApplicationLibraryThread Application GetApplicationFromNsp: Encountered an error while trying to load applications from file 'C:\Users\[redacted]\Downloads\Monster Hunter Rise [NSP]\264 DLC\Monster Hunter Rise [DLC Spiribird Edge Hairstyle] [0100B040117430BD][v0].nsp': System.IO.InvalidDataException: Unable to decrypt NCA header. The file is not an NCA file or the header key is incorrect.
   at LibHac.Tools.FsSystem.NcaUtils.NcaHeader.DecryptHeader(KeySet keySet, IStorage storage)
   at LibHac.Tools.FsSystem.NcaUtils.Nca..ctor(KeySet keySet, IStorage storage)
   at Ryujinx.Ava.Systems.AppLibrary.ApplicationLibrary.GetApplicationFromNsp(PartitionFileSystem pfs, String filePath) in C:\Users\[redacted]\Downloads\MHRise-NPLN-Lab-v0.2\Ryujinx-Nextendo-1.7.9\Ryujinx-Nextendo-1.7.9\src\Ryujinx\Systems\AppLibrary\ApplicationLibrary.cs:line 219
00:00:23.725 |W| GUI.ApplicationLibraryThread Application GetApplicationFromNsp: Encountered an error while trying to load applications from file 'C:\Users\[redacted]\Downloads\Monster Hunter Rise [NSP]\264 DLC\Monster Hunter Rise [DLC Spread Wings makeup] [0100B04011743013][v0].nsp': System.IO.InvalidDataException: Unable to decrypt NCA header. The file is not an NCA file or the header key is incorrect.
   at LibHac.Tools.FsSystem.NcaUtils.NcaHeader.DecryptHeader(KeySet keySet, IStorage storage)
   at LibHac.Tools.FsSystem.NcaUtils.Nca..ctor(KeySet keySet, IStorage storage)
   at Ryujinx.Ava.Systems.AppLibrary.ApplicationLibrary.GetApplicationFromNsp(PartitionFileSystem pfs, String filePath) in C:\Users\[redacted]\Downloads\MHRise-NPLN-Lab-v0.2\Ryujinx-Nextendo-1.7.9\Ryujinx-Nextendo-1.7.9\src\Ryujinx\Systems\AppLibrary\ApplicationLibrary.cs:line 219
00:00:23.739 |W| GUI.ApplicationLibraryThread Application GetApplicationFromNsp: Encountered an error while trying to load applications from file 'C:\Users\[redacted]\Downloads\Monster Hunter Rise [NSP]\264 DLC\Monster Hunter Rise [DLC Stage & Title Music Chill Version BGM] [0100B0401174312B][v0].nsp': System.IO.InvalidDataException: Unable to decrypt NCA header. The file is not an NCA file or the header key is incorrect.
   at LibHac.Tools.FsSystem.NcaUtils.NcaHeader.DecryptHeader(KeySet keySet, IStorage storage)
   at LibHac.Tools.FsSystem.NcaUtils.Nca..ctor(KeySet keySet, IStorage storage)
   at Ryujinx.Ava.Systems.AppLibrary.ApplicationLibrary.GetApplicationFromNsp(PartitionFileSystem pfs, String filePath) in C:\Users\[redacted]\Downloads\MHRise-NPLN-Lab-v0.2\Ryujinx-Nextendo-1.7.9\Ryujinx-Nextendo-1.7.9\src\Ryujinx\Systems\AppLibrary\ApplicationLibrary.cs:line 219
00:00:23.753 |W| GUI.ApplicationLibraryThread Application GetApplicationFromNsp: Encountered an error while trying to load applications from file 'C:\Users\[redacted]\Downloads\Monster Hunter Rise [NSP]\264 DLC\Monster Hunter Rise [DLC Stitches Face Paint] [0100B0401174304C][v0].nsp': System.IO.InvalidDataException: Unable to decrypt NCA header. The file is not an NCA file or the header key is incorrect.
   at LibHac.Tools.FsSystem.NcaUtils.NcaHeader.DecryptHeader(KeySet keySet, IStorage storage)
   at LibHac.Tools.FsSystem.NcaUtils.Nca..ctor(KeySet keySet, IStorage storage)
   at Ryujinx.Ava.Systems.AppLibrary.ApplicationLibrary.GetApplicationFromNsp(PartitionFileSystem pfs, String filePath) in C:\Users\[redacted]\Downloads\MHRise-NPLN-Lab-v0.2\Ryujinx-Nextendo-1.7.9\Ryujinx-Nextendo-1.7.9\src\Ryujinx\Systems\AppLibrary\ApplicationLibrary.cs:line 219
00:00:23.764 |W| GUI.ApplicationLibraryThread Application GetApplicationFromNsp: Encountered an error while trying to load applications from file 'C:\Users\[redacted]\Downloads\Monster Hunter Rise [NSP]\264 DLC\Monster Hunter Rise [DLC Stuffed Diablos Hunter layered weapon Hammer] [0100B04011743105][v0].nsp': System.IO.InvalidDataException: Unable to decrypt NCA header. The file is not an NCA file or the header key is incorrect.
   at LibHac.Tools.FsSystem.NcaUtils.NcaHeader.DecryptHeader(KeySet keySet, IStorage storage)
   at LibHac.Tools.FsSystem.NcaUtils.Nca..ctor(KeySet keySet, IStorage storage)
   at Ryujinx.Ava.Systems.AppLibrary.ApplicationLibrary.GetApplicationFromNsp(PartitionFileSystem pfs, String filePath) in C:\Users\[redacted]\Downloads\MHRise-NPLN-Lab-v0.2\Ryujinx-Nextendo-1.7.9\Ryujinx-Nextendo-1.7.9\src\Ryujinx\Systems\AppLibrary\ApplicationLibrary.cs:line 219
00:00:23.778 |W| GUI.ApplicationLibraryThread Application GetApplicationFromNsp: Encountered an error while trying to load applications from file 'C:\Users\[redacted]\Downloads\Monster Hunter Rise [NSP]\264 DLC\Monster Hunter Rise [DLC Stuffed Garangolm Hunter layered weapon Charge Blade] [0100B04011743109][v0].nsp': System.IO.InvalidDataException: Unable to decrypt NCA header. The file is not an NCA file or the header key is incorrect.
   at LibHac.Tools.FsSystem.NcaUtils.NcaHeader.DecryptHeader(KeySet keySet, IStorage storage)
   at LibHac.Tools.FsSystem.NcaUtils.Nca..ctor(KeySet keySet, IStorage storage)
   at Ryujinx.Ava.Systems.AppLibrary.ApplicationLibrary.GetApplicationFromNsp(PartitionFileSystem pfs, String filePath) in C:\Users\[redacted]\Downloads\MHRise-NPLN-Lab-v0.2\Ryujinx-Nextendo-1.7.9\Ryujinx-Nextendo-1.7.9\src\Ryujinx\Systems\AppLibrary\ApplicationLibrary.cs:line 219
00:00:23.791 |W| GUI.ApplicationLibraryThread Application GetApplicationFromNsp: Encountered an error while trying to load applications from file 'C:\Users\[redacted]\Downloads\Monster Hunter Rise [NSP]\264 DLC\Monster Hunter Rise [DLC Stuffed Goss Harag Hunter layered weapon Dual Blades] [0100B04011743104][v0].nsp': System.IO.InvalidDataException: Unable to decrypt NCA header. The file is not an NCA file or the header key is incorrect.
   at LibHac.Tools.FsSystem.NcaUtils.NcaHeader.DecryptHeader(KeySet keySet, IStorage storage)
   at LibHac.Tools.FsSystem.NcaUtils.Nca..ctor(KeySet keySet, IStorage storage)
   at Ryujinx.Ava.Systems.AppLibrary.ApplicationLibrary.GetApplicationFromNsp(PartitionFileSystem pfs, String filePath) in C:\Users\[redacted]\Downloads\MHRise-NPLN-Lab-v0.2\Ryujinx-Nextendo-1.7.9\Ryujinx-Nextendo-1.7.9\src\Ryujinx\Systems\AppLibrary\ApplicationLibrary.cs:line 219
00:00:23.804 |W| GUI.ApplicationLibraryThread Application GetApplicationFromNsp: Encountered an error while trying to load applications from file 'C:\Users\[redacted]\Downloads\Monster Hunter Rise [NSP]\264 DLC\Monster Hunter Rise [DLC Stuffed Khezu Hunter layered weapon Light Bowgun] [0100B0401174310C][v0].nsp': System.IO.InvalidDataException: Unable to decrypt NCA header. The file is not an NCA file or the header key is incorrect.
   at LibHac.Tools.FsSystem.NcaUtils.NcaHeader.DecryptHeader(KeySet keySet, IStorage storage)
   at LibHac.Tools.FsSystem.NcaUtils.Nca..ctor(KeySet keySet, IStorage storage)
   at Ryujinx.Ava.Systems.AppLibrary.ApplicationLibrary.GetApplicationFromNsp(PartitionFileSystem pfs, String filePath) in C:\Users\[redacted]\Downloads\MHRise-NPLN-Lab-v0.2\Ryujinx-Nextendo-1.7.9\Ryujinx-Nextendo-1.7.9\src\Ryujinx\Systems\AppLibrary\ApplicationLibrary.cs:line 219
00:00:23.817 |W| GUI.ApplicationLibraryThread Application GetApplicationFromNsp: Encountered an error while trying to load applications from file 'C:\Users\[redacted]\Downloads\Monster Hunter Rise [NSP]\264 DLC\Monster Hunter Rise [DLC Stuffed Lunagaron Hunter layered weapon Switch Axe] [0100B0401174310A][v0].nsp': System.IO.InvalidDataException: Unable to decrypt NCA header. The file is not an NCA file or the header key is incorrect.
   at LibHac.Tools.FsSystem.NcaUtils.NcaHeader.DecryptHeader(KeySet keySet, IStorage storage)
   at LibHac.Tools.FsSystem.NcaUtils.Nca..ctor(KeySet keySet, IStorage storage)
   at Ryujinx.Ava.Systems.AppLibrary.ApplicationLibrary.GetApplicationFromNsp(PartitionFileSystem pfs, String filePath) in C:\Users\[redacted]\Downloads\MHRise-NPLN-Lab-v0.2\Ryujinx-Nextendo-1.7.9\Ryujinx-Nextendo-1.7.9\src\Ryujinx\Systems\AppLibrary\ApplicationLibrary.cs:line 219
00:00:23.830 |W| GUI.ApplicationLibraryThread Application GetApplicationFromNsp: Encountered an error while trying to load applications from file 'C:\Users\[redacted]\Downloads\Monster Hunter Rise [NSP]\264 DLC\Monster Hunter Rise [DLC Stuffed Magnamalo Hunter layered weapon Gunlance] [0100B04011743108][v0].nsp': System.IO.InvalidDataException: Unable to decrypt NCA header. The file is not an NCA file or the header key is incorrect.
   at LibHac.Tools.FsSystem.NcaUtils.NcaHeader.DecryptHeader(KeySet keySet, IStorage storage)
   at LibHac.Tools.FsSystem.NcaUtils.Nca..ctor(KeySet keySet, IStorage storage)
   at Ryujinx.Ava.Systems.AppLibrary.ApplicationLibrary.GetApplicationFromNsp(PartitionFileSystem pfs, String filePath) in C:\Users\[redacted]\Downloads\MHRise-NPLN-Lab-v0.2\Ryujinx-Nextendo-1.7.9\Ryujinx-Nextendo-1.7.9\src\Ryujinx\Systems\AppLibrary\ApplicationLibrary.cs:line 219
00:00:23.842 |W| GUI.ApplicationLibraryThread Application GetApplicationFromNsp: Encountered an error while trying to load applications from file 'C:\Users\[redacted]\Downloads\Monster Hunter Rise [NSP]\264 DLC\Monster Hunter Rise [DLC Stuffed Malzeno Hunter layered weapon Lance] [0100B04011743107][v0].nsp': System.IO.InvalidDataException: Unable to decrypt NCA header. The file is not an NCA file or the header key is incorrect.
   at LibHac.Tools.FsSystem.NcaUtils.NcaHeader.DecryptHeader(KeySet keySet, IStorage storage)
   at LibHac.Tools.FsSystem.NcaUtils.Nca..ctor(KeySet keySet, IStorage storage)
   at Ryujinx.Ava.Systems.AppLibrary.ApplicationLibrary.GetApplicationFromNsp(PartitionFileSystem pfs, String filePath) in C:\Users\[redacted]\Downloads\MHRise-NPLN-Lab-v0.2\Ryujinx-Nextendo-1.7.9\Ryujinx-Nextendo-1.7.9\src\Ryujinx\Systems\AppLibrary\ApplicationLibrary.cs:line 219
00:00:23.856 |W| GUI.ApplicationLibraryThread Application GetApplicationFromNsp: Encountered an error while trying to load applications from file 'C:\Users\[redacted]\Downloads\Monster Hunter Rise [NSP]\264 DLC\Monster Hunter Rise [DLC Stuffed Mizutsune Hunter layered weapon Heavy Bowgun] [0100B0401174310D][v0].nsp': System.IO.InvalidDataException: Unable to decrypt NCA header. The file is not an NCA file or the header key is incorrect.
   at LibHac.Tools.FsSystem.NcaUtils.NcaHeader.DecryptHeader(KeySet keySet, IStorage storage)
   at LibHac.Tools.FsSystem.NcaUtils.Nca..ctor(KeySet keySet, IStorage storage)
   at Ryujinx.Ava.Systems.AppLibrary.ApplicationLibrary.GetApplicationFromNsp(PartitionFileSystem pfs, String filePath) in C:\Users\[redacted]\Downloads\MHRise-NPLN-Lab-v0.2\Ryujinx-Nextendo-1.7.9\Ryujinx-Nextendo-1.7.9\src\Ryujinx\Systems\AppLibrary\ApplicationLibrary.cs:line 219
00:00:23.868 |W| GUI.ApplicationLibraryThread Application GetApplicationFromNsp: Encountered an error while trying to load applications from file 'C:\Users\[redacted]\Downloads\Monster Hunter Rise [NSP]\264 DLC\Monster Hunter Rise [DLC Stuffed Nargacuga Hunter layered weapon Long Sword] [0100B04011743102][v0].nsp': System.IO.InvalidDataException: Unable to decrypt NCA header. The file is not an NCA file or the header key is incorrect.
   at LibHac.Tools.FsSystem.NcaUtils.NcaHeader.DecryptHeader(KeySet keySet, IStorage storage)
   at LibHac.Tools.FsSystem.NcaUtils.Nca..ctor(KeySet keySet, IStorage storage)
   at Ryujinx.Ava.Systems.AppLibrary.ApplicationLibrary.GetApplicationFromNsp(PartitionFileSystem pfs, String filePath) in C:\Users\[redacted]\Downloads\MHRise-NPLN-Lab-v0.2\Ryujinx-Nextendo-1.7.9\Ryujinx-Nextendo-1.7.9\src\Ryujinx\Systems\AppLibrary\ApplicationLibrary.cs:line 219
00:00:23.881 |W| GUI.ApplicationLibraryThread Application GetApplicationFromNsp: Encountered an error while trying to load applications from file 'C:\Users\[redacted]\Downloads\Monster Hunter Rise [NSP]\264 DLC\Monster Hunter Rise [DLC Stuffed Rajang Hunter layered weapon Bow] [0100B0401174310E][v0].nsp': System.IO.InvalidDataException: Unable to decrypt NCA header. The file is not an NCA file or the header key is incorrect.
   at LibHac.Tools.FsSystem.NcaUtils.NcaHeader.DecryptHeader(KeySet keySet, IStorage storage)
   at LibHac.Tools.FsSystem.NcaUtils.Nca..ctor(KeySet keySet, IStorage storage)
   at Ryujinx.Ava.Systems.AppLibrary.ApplicationLibrary.GetApplicationFromNsp(PartitionFileSystem pfs, String filePath) in C:\Users\[redacted]\Downloads\MHRise-NPLN-Lab-v0.2\Ryujinx-Nextendo-1.7.9\Ryujinx-Nextendo-1.7.9\src\Ryujinx\Systems\AppLibrary\ApplicationLibrary.cs:line 219
00:00:23.894 |W| GUI.ApplicationLibraryThread Application GetApplicationFromNsp: Encountered an error while trying to load applications from file 'C:\Users\[redacted]\Downloads\Monster Hunter Rise [NSP]\264 DLC\Monster Hunter Rise [DLC Stuffed Rakna-Kadaki Hunter layered weapon Insect Glaive] [0100B0401174310B][v0].nsp': System.IO.InvalidDataException: Unable to decrypt NCA header. The file is not an NCA file or the header key is incorrect.
   at LibHac.Tools.FsSystem.NcaUtils.NcaHeader.DecryptHeader(KeySet keySet, IStorage storage)
   at LibHac.Tools.FsSystem.NcaUtils.Nca..ctor(KeySet keySet, IStorage storage)
   at Ryujinx.Ava.Systems.AppLibrary.ApplicationLibrary.GetApplicationFromNsp(PartitionFileSystem pfs, String filePath) in C:\Users\[redacted]\Downloads\MHRise-NPLN-Lab-v0.2\Ryujinx-Nextendo-1.7.9\Ryujinx-Nextendo-1.7.9\src\Ryujinx\Systems\AppLibrary\ApplicationLibrary.cs:line 219
00:00:23.908 |W| GUI.ApplicationLibraryThread Application GetApplicationFromNsp: Encountered an error while trying to load applications from file 'C:\Users\[redacted]\Downloads\Monster Hunter Rise [NSP]\264 DLC\Monster Hunter Rise [DLC Stuffed Rathalos Hunter layered weapon Great Sword] [0100B04011743101][v0].nsp': System.IO.InvalidDataException: Unable to decrypt NCA header. The file is not an NCA file or the header key is incorrect.
   at LibHac.Tools.FsSystem.NcaUtils.NcaHeader.DecryptHeader(KeySet keySet, IStorage storage)
   at LibHac.Tools.FsSystem.NcaUtils.Nca..ctor(KeySet keySet, IStorage storage)
   at Ryujinx.Ava.Systems.AppLibrary.ApplicationLibrary.GetApplicationFromNsp(PartitionFileSystem pfs, String filePath) in C:\Users\[redacted]\Downloads\MHRise-NPLN-Lab-v0.2\Ryujinx-Nextendo-1.7.9\Ryujinx-Nextendo-1.7.9\src\Ryujinx\Systems\AppLibrary\ApplicationLibrary.cs:line 219
00:00:23.922 |W| GUI.ApplicationLibraryThread Application GetApplicationFromNsp: Encountered an error while trying to load applications from file 'C:\Users\[redacted]\Downloads\Monster Hunter Rise [NSP]\264 DLC\Monster Hunter Rise [DLC Stuffed Tigrex Hunter layered weapon Hunting Horn] [0100B04011743106][v0].nsp': System.IO.InvalidDataException: Unable to decrypt NCA header. The file is not an NCA file or the header key is incorrect.
   at LibHac.Tools.FsSystem.NcaUtils.NcaHeader.DecryptHeader(KeySet keySet, IStorage storage)
   at LibHac.Tools.FsSystem.NcaUtils.Nca..ctor(KeySet keySet, IStorage storage)
   at Ryujinx.Ava.Systems.AppLibrary.ApplicationLibrary.GetApplicationFromNsp(PartitionFileSystem pfs, String filePath) in C:\Users\[redacted]\Downloads\MHRise-NPLN-Lab-v0.2\Ryujinx-Nextendo-1.7.9\Ryujinx-Nextendo-1.7.9\src\Ryujinx\Systems\AppLibrary\ApplicationLibrary.cs:line 219
00:00:23.934 |W| GUI.ApplicationLibraryThread Application GetApplicationFromNsp: Encountered an error while trying to load applications from file 'C:\Users\[redacted]\Downloads\Monster Hunter Rise [NSP]\264 DLC\Monster Hunter Rise [DLC Stuffed Zinogre Hunter layered weapon Sword and Shield] [0100B04011743103][v0].nsp': System.IO.InvalidDataException: Unable to decrypt NCA header. The file is not an NCA file or the header key is incorrect.
   at LibHac.Tools.FsSystem.NcaUtils.NcaHeader.DecryptHeader(KeySet keySet, IStorage storage)
   at LibHac.Tools.FsSystem.NcaUtils.Nca..ctor(KeySet keySet, IStorage storage)
   at Ryujinx.Ava.Systems.AppLibrary.ApplicationLibrary.GetApplicationFromNsp(PartitionFileSystem pfs, String filePath) in C:\Users\[redacted]\Downloads\MHRise-NPLN-Lab-v0.2\Ryujinx-Nextendo-1.7.9\Ryujinx-Nextendo-1.7.9\src\Ryujinx\Systems\AppLibrary\ApplicationLibrary.cs:line 219
00:00:23.949 |W| GUI.ApplicationLibraryThread Application GetApplicationFromNsp: Encountered an error while trying to load applications from file 'C:\Users\[redacted]\Downloads\Monster Hunter Rise [NSP]\264 DLC\Monster Hunter Rise [DLC Summer Belt Hunter Layered Armor Piece] [0100B040117430C4][v0].nsp': System.IO.InvalidDataException: Unable to decrypt NCA header. The file is not an NCA file or the header key is incorrect.
   at LibHac.Tools.FsSystem.NcaUtils.NcaHeader.DecryptHeader(KeySet keySet, IStorage storage)
   at LibHac.Tools.FsSystem.NcaUtils.Nca..ctor(KeySet keySet, IStorage storage)
   at Ryujinx.Ava.Systems.AppLibrary.ApplicationLibrary.GetApplicationFromNsp(PartitionFileSystem pfs, String filePath) in C:\Users\[redacted]\Downloads\MHRise-NPLN-Lab-v0.2\Ryujinx-Nextendo-1.7.9\Ryujinx-Nextendo-1.7.9\src\Ryujinx\Systems\AppLibrary\ApplicationLibrary.cs:line 219
00:00:23.962 |W| GUI.ApplicationLibraryThread Application GetApplicationFromNsp: Encountered an error while trying to load applications from file 'C:\Users\[redacted]\Downloads\Monster Hunter Rise [NSP]\264 DLC\Monster Hunter Rise [DLC Summer Bracelets Hunter Layered Armor Piece] [0100B040117430C3][v0].nsp': System.IO.InvalidDataException: Unable to decrypt NCA header. The file is not an NCA file or the header key is incorrect.
   at LibHac.Tools.FsSystem.NcaUtils.NcaHeader.DecryptHeader(KeySet keySet, IStorage storage)
   at LibHac.Tools.FsSystem.NcaUtils.Nca..ctor(KeySet keySet, IStorage storage)
   at Ryujinx.Ava.Systems.AppLibrary.ApplicationLibrary.GetApplicationFromNsp(PartitionFileSystem pfs, String filePath) in C:\Users\[redacted]\Downloads\MHRise-NPLN-Lab-v0.2\Ryujinx-Nextendo-1.7.9\Ryujinx-Nextendo-1.7.9\src\Ryujinx\Systems\AppLibrary\ApplicationLibrary.cs:line 219
00:00:23.976 |W| GUI.ApplicationLibraryThread Application GetApplicationFromNsp: Encountered an error while trying to load applications from file 'C:\Users\[redacted]\Downloads\Monster Hunter Rise [NSP]\264 DLC\Monster Hunter Rise [DLC Summer Hat Hunter Layered Armor Piece] [0100B040117430C1][v0].nsp': System.IO.InvalidDataException: Unable to decrypt NCA header. The file is not an NCA file or the header key is incorrect.
   at LibHac.Tools.FsSystem.NcaUtils.NcaHeader.DecryptHeader(KeySet keySet, IStorage storage)
   at LibHac.Tools.FsSystem.NcaUtils.Nca..ctor(KeySet keySet, IStorage storage)
   at Ryujinx.Ava.Systems.AppLibrary.ApplicationLibrary.GetApplicationFromNsp(PartitionFileSystem pfs, String filePath) in C:\Users\[redacted]\Downloads\MHRise-NPLN-Lab-v0.2\Ryujinx-Nextendo-1.7.9\Ryujinx-Nextendo-1.7.9\src\Ryujinx\Systems\AppLibrary\ApplicationLibrary.cs:line 219
00:00:23.992 |W| GUI.ApplicationLibraryThread Application GetApplicationFromNsp: Encountered an error while trying to load applications from file 'C:\Users\[redacted]\Downloads\Monster Hunter Rise [NSP]\264 DLC\Monster Hunter Rise [DLC Summer Pants Hunter Layered Armor Piece] [0100B040117430C5][v0].nsp': System.IO.InvalidDataException: Unable to decrypt NCA header. The file is not an NCA file or the header key is incorrect.
   at LibHac.Tools.FsSystem.NcaUtils.NcaHeader.DecryptHeader(KeySet keySet, IStorage storage)
   at LibHac.Tools.FsSystem.NcaUtils.Nca..ctor(KeySet keySet, IStorage storage)
   at Ryujinx.Ava.Systems.AppLibrary.ApplicationLibrary.GetApplicationFromNsp(PartitionFileSystem pfs, String filePath) in C:\Users\[redacted]\Downloads\MHRise-NPLN-Lab-v0.2\Ryujinx-Nextendo-1.7.9\Ryujinx-Nextendo-1.7.9\src\Ryujinx\Systems\AppLibrary\ApplicationLibrary.cs:line 219
00:00:24.004 |W| GUI.ApplicationLibraryThread Application GetApplicationFromNsp: Encountered an error while trying to load applications from file 'C:\Users\[redacted]\Downloads\Monster Hunter Rise [NSP]\264 DLC\Monster Hunter Rise [DLC Summer Top Hunter Layered Armor Piece] [0100B040117430C2][v0].nsp': System.IO.InvalidDataException: Unable to decrypt NCA header. The file is not an NCA file or the header key is incorrect.
   at LibHac.Tools.FsSystem.NcaUtils.NcaHeader.DecryptHeader(KeySet keySet, IStorage storage)
   at LibHac.Tools.FsSystem.NcaUtils.Nca..ctor(KeySet keySet, IStorage storage)
   at Ryujinx.Ava.Systems.AppLibrary.ApplicationLibrary.GetApplicationFromNsp(PartitionFileSystem pfs, String filePath) in C:\Users\[redacted]\Downloads\MHRise-NPLN-Lab-v0.2\Ryujinx-Nextendo-1.7.9\Ryujinx-Nextendo-1.7.9\src\Ryujinx\Systems\AppLibrary\ApplicationLibrary.cs:line 219
00:00:24.017 |W| GUI.ApplicationLibraryThread Application GetApplicationFromNsp: Encountered an error while trying to load applications from file 'C:\Users\[redacted]\Downloads\Monster Hunter Rise [NSP]\264 DLC\Monster Hunter Rise [DLC Summery Sailor Cohoot Outfit] [0100B0401174305F][v0].nsp': System.IO.InvalidDataException: Unable to decrypt NCA header. The file is not an NCA file or the header key is incorrect.
   at LibHac.Tools.FsSystem.NcaUtils.NcaHeader.DecryptHeader(KeySet keySet, IStorage storage)
   at LibHac.Tools.FsSystem.NcaUtils.Nca..ctor(KeySet keySet, IStorage storage)
   at Ryujinx.Ava.Systems.AppLibrary.ApplicationLibrary.GetApplicationFromNsp(PartitionFileSystem pfs, String filePath) in C:\Users\[redacted]\Downloads\MHRise-NPLN-Lab-v0.2\Ryujinx-Nextendo-1.7.9\Ryujinx-Nextendo-1.7.9\src\Ryujinx\Systems\AppLibrary\ApplicationLibrary.cs:line 219
00:00:24.031 |W| GUI.ApplicationLibraryThread Application GetApplicationFromNsp: Encountered an error while trying to load applications from file 'C:\Users\[redacted]\Downloads\Monster Hunter Rise [NSP]\264 DLC\Monster Hunter Rise [DLC Sunbreak Bonus Add-On Content] [0100B04011743091][v0].nsp': System.IO.InvalidDataException: Unable to decrypt NCA header. The file is not an NCA file or the header key is incorrect.
   at LibHac.Tools.FsSystem.NcaUtils.NcaHeader.DecryptHeader(KeySet keySet, IStorage storage)
   at LibHac.Tools.FsSystem.NcaUtils.Nca..ctor(KeySet keySet, IStorage storage)
   at Ryujinx.Ava.Systems.AppLibrary.ApplicationLibrary.GetApplicationFromNsp(PartitionFileSystem pfs, String filePath) in C:\Users\[redacted]\Downloads\MHRise-NPLN-Lab-v0.2\Ryujinx-Nextendo-1.7.9\Ryujinx-Nextendo-1.7.9\src\Ryujinx\Systems\AppLibrary\ApplicationLibrary.cs:line 219
00:00:24.047 |W| GUI.ApplicationLibraryThread Application GetApplicationFromNsp: Encountered an error while trying to load applications from file 'C:\Users\[redacted]\Downloads\Monster Hunter Rise [NSP]\264 DLC\Monster Hunter Rise [DLC Sunbreak Bonus Add-On Content] [0100B04011743092][v0].nsp': System.IO.InvalidDataException: Unable to decrypt NCA header. The file is not an NCA file or the header key is incorrect.
   at LibHac.Tools.FsSystem.NcaUtils.NcaHeader.DecryptHeader(KeySet keySet, IStorage storage)
   at LibHac.Tools.FsSystem.NcaUtils.Nca..ctor(KeySet keySet, IStorage storage)
   at Ryujinx.Ava.Systems.AppLibrary.ApplicationLibrary.GetApplicationFromNsp(PartitionFileSystem pfs, String filePath) in C:\Users\[redacted]\Downloads\MHRise-NPLN-Lab-v0.2\Ryujinx-Nextendo-1.7.9\Ryujinx-Nextendo-1.7.9\src\Ryujinx\Systems\AppLibrary\ApplicationLibrary.cs:line 219
00:00:24.061 |W| GUI.ApplicationLibraryThread Application GetApplicationFromNsp: Encountered an error while trying to load applications from file 'C:\Users\[redacted]\Downloads\Monster Hunter Rise [NSP]\264 DLC\Monster Hunter Rise [DLC Sunbreak Deluxe Kit] [0100B0401174308A][v0].nsp': System.IO.InvalidDataException: Unable to decrypt NCA header. The file is not an NCA file or the header key is incorrect.
   at LibHac.Tools.FsSystem.NcaUtils.NcaHeader.DecryptHeader(KeySet keySet, IStorage storage)
   at LibHac.Tools.FsSystem.NcaUtils.Nca..ctor(KeySet keySet, IStorage storage)
   at Ryujinx.Ava.Systems.AppLibrary.ApplicationLibrary.GetApplicationFromNsp(PartitionFileSystem pfs, String filePath) in C:\Users\[redacted]\Downloads\MHRise-NPLN-Lab-v0.2\Ryujinx-Nextendo-1.7.9\Ryujinx-Nextendo-1.7.9\src\Ryujinx\Systems\AppLibrary\ApplicationLibrary.cs:line 219
00:00:24.074 |W| GUI.ApplicationLibraryThread Application GetApplicationFromNsp: Encountered an error while trying to load applications from file 'C:\Users\[redacted]\Downloads\Monster Hunter Rise [NSP]\264 DLC\Monster Hunter Rise [DLC Sunbreak Deluxe Kit] [0100B0401174308B][v0].nsp': System.IO.InvalidDataException: Unable to decrypt NCA header. The file is not an NCA file or the header key is incorrect.
   at LibHac.Tools.FsSystem.NcaUtils.NcaHeader.DecryptHeader(KeySet keySet, IStorage storage)
   at LibHac.Tools.FsSystem.NcaUtils.Nca..ctor(KeySet keySet, IStorage storage)
   at Ryujinx.Ava.Systems.AppLibrary.ApplicationLibrary.GetApplicationFromNsp(PartitionFileSystem pfs, String filePath) in C:\Users\[redacted]\Downloads\MHRise-NPLN-Lab-v0.2\Ryujinx-Nextendo-1.7.9\Ryujinx-Nextendo-1.7.9\src\Ryujinx\Systems\AppLibrary\ApplicationLibrary.cs:line 219
00:00:24.088 |W| GUI.ApplicationLibraryThread Application GetApplicationFromNsp: Encountered an error while trying to load applications from file 'C:\Users\[redacted]\Downloads\Monster Hunter Rise [NSP]\264 DLC\Monster Hunter Rise [DLC Sunbreak Deluxe Kit] [0100B0401174308C][v0].nsp': System.IO.InvalidDataException: Unable to decrypt NCA header. The file is not an NCA file or the header key is incorrect.
   at LibHac.Tools.FsSystem.NcaUtils.NcaHeader.DecryptHeader(KeySet keySet, IStorage storage)
   at LibHac.Tools.FsSystem.NcaUtils.Nca..ctor(KeySet keySet, IStorage storage)
   at Ryujinx.Ava.Systems.AppLibrary.ApplicationLibrary.GetApplicationFromNsp(PartitionFileSystem pfs, String filePath) in C:\Users\[redacted]\Downloads\MHRise-NPLN-Lab-v0.2\Ryujinx-Nextendo-1.7.9\Ryujinx-Nextendo-1.7.9\src\Ryujinx\Systems\AppLibrary\ApplicationLibrary.cs:line 219
00:00:24.099 |W| GUI.ApplicationLibraryThread Application GetApplicationFromNsp: Encountered an error while trying to load applications from file 'C:\Users\[redacted]\Downloads\Monster Hunter Rise [NSP]\264 DLC\Monster Hunter Rise [DLC Sunbreak Deluxe Kit] [0100B0401174308D][v0].nsp': System.IO.InvalidDataException: Unable to decrypt NCA header. The file is not an NCA file or the header key is incorrect.
   at LibHac.Tools.FsSystem.NcaUtils.NcaHeader.DecryptHeader(KeySet keySet, IStorage storage)
   at LibHac.Tools.FsSystem.NcaUtils.Nca..ctor(KeySet keySet, IStorage storage)
   at Ryujinx.Ava.Systems.AppLibrary.ApplicationLibrary.GetApplicationFromNsp(PartitionFileSystem pfs, String filePath) in C:\Users\[redacted]\Downloads\MHRise-NPLN-Lab-v0.2\Ryujinx-Nextendo-1.7.9\Ryujinx-Nextendo-1.7.9\src\Ryujinx\Systems\AppLibrary\ApplicationLibrary.cs:line 219
00:00:24.112 |W| GUI.ApplicationLibraryThread Application GetApplicationFromNsp: Encountered an error while trying to load applications from file 'C:\Users\[redacted]\Downloads\Monster Hunter Rise [NSP]\264 DLC\Monster Hunter Rise [DLC Sunbreak Deluxe Kit] [0100B0401174308E][v0].nsp': System.IO.InvalidDataException: Unable to decrypt NCA header. The file is not an NCA file or the header key is incorrect.
   at LibHac.Tools.FsSystem.NcaUtils.NcaHeader.DecryptHeader(KeySet keySet, IStorage storage)
   at LibHac.Tools.FsSystem.NcaUtils.Nca..ctor(KeySet keySet, IStorage storage)
   at Ryujinx.Ava.Systems.AppLibrary.ApplicationLibrary.GetApplicationFromNsp(PartitionFileSystem pfs, String filePath) in C:\Users\[redacted]\Downloads\MHRise-NPLN-Lab-v0.2\Ryujinx-Nextendo-1.7.9\Ryujinx-Nextendo-1.7.9\src\Ryujinx\Systems\AppLibrary\ApplicationLibrary.cs:line 219
00:00:24.125 |W| GUI.ApplicationLibraryThread Application GetApplicationFromNsp: Encountered an error while trying to load applications from file 'C:\Users\[redacted]\Downloads\Monster Hunter Rise [NSP]\264 DLC\Monster Hunter Rise [DLC Sunbreak Deluxe Kit] [0100B0401174308F][v0].nsp': System.IO.InvalidDataException: Unable to decrypt NCA header. The file is not an NCA file or the header key is incorrect.
   at LibHac.Tools.FsSystem.NcaUtils.NcaHeader.DecryptHeader(KeySet keySet, IStorage storage)
   at LibHac.Tools.FsSystem.NcaUtils.Nca..ctor(KeySet keySet, IStorage storage)
   at Ryujinx.Ava.Systems.AppLibrary.ApplicationLibrary.GetApplicationFromNsp(PartitionFileSystem pfs, String filePath) in C:\Users\[redacted]\Downloads\MHRise-NPLN-Lab-v0.2\Ryujinx-Nextendo-1.7.9\Ryujinx-Nextendo-1.7.9\src\Ryujinx\Systems\AppLibrary\ApplicationLibrary.cs:line 219
00:00:24.139 |W| GUI.ApplicationLibraryThread Application GetApplicationFromNsp: Encountered an error while trying to load applications from file 'C:\Users\[redacted]\Downloads\Monster Hunter Rise [NSP]\264 DLC\Monster Hunter Rise [DLC Sunbreak Deluxe Kit] [0100B04011743090][v0].nsp': System.IO.InvalidDataException: Unable to decrypt NCA header. The file is not an NCA file or the header key is incorrect.
   at LibHac.Tools.FsSystem.NcaUtils.NcaHeader.DecryptHeader(KeySet keySet, IStorage storage)
   at LibHac.Tools.FsSystem.NcaUtils.Nca..ctor(KeySet keySet, IStorage storage)
   at Ryujinx.Ava.Systems.AppLibrary.ApplicationLibrary.GetApplicationFromNsp(PartitionFileSystem pfs, String filePath) in C:\Users\[redacted]\Downloads\MHRise-NPLN-Lab-v0.2\Ryujinx-Nextendo-1.7.9\Ryujinx-Nextendo-1.7.9\src\Ryujinx\Systems\AppLibrary\ApplicationLibrary.cs:line 219
00:00:24.153 |W| GUI.ApplicationLibraryThread Application GetApplicationFromNsp: Encountered an error while trying to load applications from file 'C:\Users\[redacted]\Downloads\Monster Hunter Rise [NSP]\264 DLC\Monster Hunter Rise [DLC Sunbreak] [0100B04011743089][v0].nsp': System.IO.InvalidDataException: Unable to decrypt NCA header. The file is not an NCA file or the header key is incorrect.
   at LibHac.Tools.FsSystem.NcaUtils.NcaHeader.DecryptHeader(KeySet keySet, IStorage storage)
   at LibHac.Tools.FsSystem.NcaUtils.Nca..ctor(KeySet keySet, IStorage storage)
   at Ryujinx.Ava.Systems.AppLibrary.ApplicationLibrary.GetApplicationFromNsp(PartitionFileSystem pfs, String filePath) in C:\Users\[redacted]\Downloads\MHRise-NPLN-Lab-v0.2\Ryujinx-Nextendo-1.7.9\Ryujinx-Nextendo-1.7.9\src\Ryujinx\Systems\AppLibrary\ApplicationLibrary.cs:line 219
00:00:24.167 |W| GUI.ApplicationLibraryThread Application GetApplicationFromNsp: Encountered an error while trying to load applications from file 'C:\Users\[redacted]\Downloads\Monster Hunter Rise [NSP]\264 DLC\Monster Hunter Rise [DLC Swallow Boots Hunter Layered Armor Piece] [0100B04011743043][v0].nsp': System.IO.InvalidDataException: Unable to decrypt NCA header. The file is not an NCA file or the header key is incorrect.
   at LibHac.Tools.FsSystem.NcaUtils.NcaHeader.DecryptHeader(KeySet keySet, IStorage storage)
   at LibHac.Tools.FsSystem.NcaUtils.Nca..ctor(KeySet keySet, IStorage storage)
   at Ryujinx.Ava.Systems.AppLibrary.ApplicationLibrary.GetApplicationFromNsp(PartitionFileSystem pfs, String filePath) in C:\Users\[redacted]\Downloads\MHRise-NPLN-Lab-v0.2\Ryujinx-Nextendo-1.7.9\Ryujinx-Nextendo-1.7.9\src\Ryujinx\Systems\AppLibrary\ApplicationLibrary.cs:line 219
00:00:24.183 |W| GUI.ApplicationLibraryThread Application GetApplicationFromNsp: Encountered an error while trying to load applications from file 'C:\Users\[redacted]\Downloads\Monster Hunter Rise [NSP]\264 DLC\Monster Hunter Rise [DLC Swallow Gloves Hunter Layered Armor Piece] [0100B04011743042][v0].nsp': System.IO.InvalidDataException: Unable to decrypt NCA header. The file is not an NCA file or the header key is incorrect.
   at LibHac.Tools.FsSystem.NcaUtils.NcaHeader.DecryptHeader(KeySet keySet, IStorage storage)
   at LibHac.Tools.FsSystem.NcaUtils.Nca..ctor(KeySet keySet, IStorage storage)
   at Ryujinx.Ava.Systems.AppLibrary.ApplicationLibrary.GetApplicationFromNsp(PartitionFileSystem pfs, String filePath) in C:\Users\[redacted]\Downloads\MHRise-NPLN-Lab-v0.2\Ryujinx-Nextendo-1.7.9\Ryujinx-Nextendo-1.7.9\src\Ryujinx\Systems\AppLibrary\ApplicationLibrary.cs:line 219
00:00:24.194 |W| GUI.ApplicationLibraryThread Application GetApplicationFromNsp: Encountered an error while trying to load applications from file 'C:\Users\[redacted]\Downloads\Monster Hunter Rise [NSP]\264 DLC\Monster Hunter Rise [DLC Swallow Shirt Hunter Layered Armor Piece] [0100B04011743041][v0].nsp': System.IO.InvalidDataException: Unable to decrypt NCA header. The file is not an NCA file or the header key is incorrect.
   at LibHac.Tools.FsSystem.NcaUtils.NcaHeader.DecryptHeader(KeySet keySet, IStorage storage)
   at LibHac.Tools.FsSystem.NcaUtils.Nca..ctor(KeySet keySet, IStorage storage)
   at Ryujinx.Ava.Systems.AppLibrary.ApplicationLibrary.GetApplicationFromNsp(PartitionFileSystem pfs, String filePath) in C:\Users\[redacted]\Downloads\MHRise-NPLN-Lab-v0.2\Ryujinx-Nextendo-1.7.9\Ryujinx-Nextendo-1.7.9\src\Ryujinx\Systems\AppLibrary\ApplicationLibrary.cs:line 219
00:00:24.208 |W| GUI.ApplicationLibraryThread Application GetApplicationFromNsp: Encountered an error while trying to load applications from file 'C:\Users\[redacted]\Downloads\Monster Hunter Rise [NSP]\264 DLC\Monster Hunter Rise [DLC Tear Face Paint] [0100B04011743032][v0].nsp': System.IO.InvalidDataException: Unable to decrypt NCA header. The file is not an NCA file or the header key is incorrect.
   at LibHac.Tools.FsSystem.NcaUtils.NcaHeader.DecryptHeader(KeySet keySet, IStorage storage)
   at LibHac.Tools.FsSystem.NcaUtils.Nca..ctor(KeySet keySet, IStorage storage)
   at Ryujinx.Ava.Systems.AppLibrary.ApplicationLibrary.GetApplicationFromNsp(PartitionFileSystem pfs, String filePath) in C:\Users\[redacted]\Downloads\MHRise-NPLN-Lab-v0.2\Ryujinx-Nextendo-1.7.9\Ryujinx-Nextendo-1.7.9\src\Ryujinx\Systems\AppLibrary\ApplicationLibrary.cs:line 219
00:00:24.221 |W| GUI.ApplicationLibraryThread Application GetApplicationFromNsp: Encountered an error while trying to load applications from file 'C:\Users\[redacted]\Downloads\Monster Hunter Rise [NSP]\264 DLC\Monster Hunter Rise [DLC Theater Wig Hunter layered armor piece] [0100B04011743027][v0].nsp': System.IO.InvalidDataException: Unable to decrypt NCA header. The file is not an NCA file or the header key is incorrect.
   at LibHac.Tools.FsSystem.NcaUtils.NcaHeader.DecryptHeader(KeySet keySet, IStorage storage)
   at LibHac.Tools.FsSystem.NcaUtils.Nca..ctor(KeySet keySet, IStorage storage)
   at Ryujinx.Ava.Systems.AppLibrary.ApplicationLibrary.GetApplicationFromNsp(PartitionFileSystem pfs, String filePath) in C:\Users\[redacted]\Downloads\MHRise-NPLN-Lab-v0.2\Ryujinx-Nextendo-1.7.9\Ryujinx-Nextendo-1.7.9\src\Ryujinx\Systems\AppLibrary\ApplicationLibrary.cs:line 219
00:00:24.234 |W| GUI.ApplicationLibraryThread Application GetApplicationFromNsp: Encountered an error while trying to load applications from file 'C:\Users\[redacted]\Downloads\Monster Hunter Rise [NSP]\264 DLC\Monster Hunter Rise [DLC Third Eye Face Paint] [0100B0401174305D][v0].nsp': System.IO.InvalidDataException: Unable to decrypt NCA header. The file is not an NCA file or the header key is incorrect.
   at LibHac.Tools.FsSystem.NcaUtils.NcaHeader.DecryptHeader(KeySet keySet, IStorage storage)
   at LibHac.Tools.FsSystem.NcaUtils.Nca..ctor(KeySet keySet, IStorage storage)
   at Ryujinx.Ava.Systems.AppLibrary.ApplicationLibrary.GetApplicationFromNsp(PartitionFileSystem pfs, String filePath) in C:\Users\[redacted]\Downloads\MHRise-NPLN-Lab-v0.2\Ryujinx-Nextendo-1.7.9\Ryujinx-Nextendo-1.7.9\src\Ryujinx\Systems\AppLibrary\ApplicationLibrary.cs:line 219
00:00:24.249 |W| GUI.ApplicationLibraryThread Application GetApplicationFromNsp: Encountered an error while trying to load applications from file 'C:\Users\[redacted]\Downloads\Monster Hunter Rise [NSP]\264 DLC\Monster Hunter Rise [DLC Three Character Edit Vouchers Batch 2] [0100B040117430A1][v0].nsp': System.IO.InvalidDataException: Unable to decrypt NCA header. The file is not an NCA file or the header key is incorrect.
   at LibHac.Tools.FsSystem.NcaUtils.NcaHeader.DecryptHeader(KeySet keySet, IStorage storage)
   at LibHac.Tools.FsSystem.NcaUtils.Nca..ctor(KeySet keySet, IStorage storage)
   at Ryujinx.Ava.Systems.AppLibrary.ApplicationLibrary.GetApplicationFromNsp(PartitionFileSystem pfs, String filePath) in C:\Users\[redacted]\Downloads\MHRise-NPLN-Lab-v0.2\Ryujinx-Nextendo-1.7.9\Ryujinx-Nextendo-1.7.9\src\Ryujinx\Systems\AppLibrary\ApplicationLibrary.cs:line 219
00:00:24.262 |W| GUI.ApplicationLibraryThread Application GetApplicationFromNsp: Encountered an error while trying to load applications from file 'C:\Users\[redacted]\Downloads\Monster Hunter Rise [NSP]\264 DLC\Monster Hunter Rise [DLC Three Character Edit Vouchers] [0100B0401174302A][v0].nsp': System.IO.InvalidDataException: Unable to decrypt NCA header. The file is not an NCA file or the header key is incorrect.
   at LibHac.Tools.FsSystem.NcaUtils.NcaHeader.DecryptHeader(KeySet keySet, IStorage storage)
   at LibHac.Tools.FsSystem.NcaUtils.Nca..ctor(KeySet keySet, IStorage storage)
   at Ryujinx.Ava.Systems.AppLibrary.ApplicationLibrary.GetApplicationFromNsp(PartitionFileSystem pfs, String filePath) in C:\Users\[redacted]\Downloads\MHRise-NPLN-Lab-v0.2\Ryujinx-Nextendo-1.7.9\Ryujinx-Nextendo-1.7.9\src\Ryujinx\Systems\AppLibrary\ApplicationLibrary.cs:line 219
00:00:24.275 |W| GUI.ApplicationLibraryThread Application GetApplicationFromNsp: Encountered an error while trying to load applications from file 'C:\Users\[redacted]\Downloads\Monster Hunter Rise [NSP]\264 DLC\Monster Hunter Rise [DLC Topknot Soul Hairstyle] [0100B04011743086][v0].nsp': System.IO.InvalidDataException: Unable to decrypt NCA header. The file is not an NCA file or the header key is incorrect.
   at LibHac.Tools.FsSystem.NcaUtils.NcaHeader.DecryptHeader(KeySet keySet, IStorage storage)
   at LibHac.Tools.FsSystem.NcaUtils.Nca..ctor(KeySet keySet, IStorage storage)
   at Ryujinx.Ava.Systems.AppLibrary.ApplicationLibrary.GetApplicationFromNsp(PartitionFileSystem pfs, String filePath) in C:\Users\[redacted]\Downloads\MHRise-NPLN-Lab-v0.2\Ryujinx-Nextendo-1.7.9\Ryujinx-Nextendo-1.7.9\src\Ryujinx\Systems\AppLibrary\ApplicationLibrary.cs:line 219
00:00:24.289 |W| GUI.ApplicationLibraryThread Application GetApplicationFromNsp: Encountered an error while trying to load applications from file 'C:\Users\[redacted]\Downloads\Monster Hunter Rise [NSP]\264 DLC\Monster Hunter Rise [DLC Traditional Dance Gesture Set] [0100B04011743063][v0].nsp': System.IO.InvalidDataException: Unable to decrypt NCA header. The file is not an NCA file or the header key is incorrect.
   at LibHac.Tools.FsSystem.NcaUtils.NcaHeader.DecryptHeader(KeySet keySet, IStorage storage)
   at LibHac.Tools.FsSystem.NcaUtils.Nca..ctor(KeySet keySet, IStorage storage)
   at Ryujinx.Ava.Systems.AppLibrary.ApplicationLibrary.GetApplicationFromNsp(PartitionFileSystem pfs, String filePath) in C:\Users\[redacted]\Downloads\MHRise-NPLN-Lab-v0.2\Ryujinx-Nextendo-1.7.9\Ryujinx-Nextendo-1.7.9\src\Ryujinx\Systems\AppLibrary\ApplicationLibrary.cs:line 219
00:00:24.301 |W| GUI.ApplicationLibraryThread Application GetApplicationFromNsp: Encountered an error while trying to load applications from file 'C:\Users\[redacted]\Downloads\Monster Hunter Rise [NSP]\264 DLC\Monster Hunter Rise [DLC Twin Ponytails Hairstyle] [0100B0401174302F][v0].nsp': System.IO.InvalidDataException: Unable to decrypt NCA header. The file is not an NCA file or the header key is incorrect.
   at LibHac.Tools.FsSystem.NcaUtils.NcaHeader.DecryptHeader(KeySet keySet, IStorage storage)
   at LibHac.Tools.FsSystem.NcaUtils.Nca..ctor(KeySet keySet, IStorage storage)
   at Ryujinx.Ava.Systems.AppLibrary.ApplicationLibrary.GetApplicationFromNsp(PartitionFileSystem pfs, String filePath) in C:\Users\[redacted]\Downloads\MHRise-NPLN-Lab-v0.2\Ryujinx-Nextendo-1.7.9\Ryujinx-Nextendo-1.7.9\src\Ryujinx\Systems\AppLibrary\ApplicationLibrary.cs:line 219
00:00:24.312 |W| GUI.ApplicationLibraryThread Application GetApplicationFromNsp: Encountered an error while trying to load applications from file 'C:\Users\[redacted]\Downloads\Monster Hunter Rise [NSP]\264 DLC\Monster Hunter Rise [DLC Two Character Edit Vouchers Batch 2] [0100B040117430A0][v0].nsp': System.IO.InvalidDataException: Unable to decrypt NCA header. The file is not an NCA file or the header key is incorrect.
   at LibHac.Tools.FsSystem.NcaUtils.NcaHeader.DecryptHeader(KeySet keySet, IStorage storage)
   at LibHac.Tools.FsSystem.NcaUtils.Nca..ctor(KeySet keySet, IStorage storage)
   at Ryujinx.Ava.Systems.AppLibrary.ApplicationLibrary.GetApplicationFromNsp(PartitionFileSystem pfs, String filePath) in C:\Users\[redacted]\Downloads\MHRise-NPLN-Lab-v0.2\Ryujinx-Nextendo-1.7.9\Ryujinx-Nextendo-1.7.9\src\Ryujinx\Systems\AppLibrary\ApplicationLibrary.cs:line 219
00:00:24.324 |W| GUI.ApplicationLibraryThread Application GetApplicationFromNsp: Encountered an error while trying to load applications from file 'C:\Users\[redacted]\Downloads\Monster Hunter Rise [NSP]\264 DLC\Monster Hunter Rise [DLC Two Character Edit Vouchers] [0100B04011743029][v0].nsp': System.IO.InvalidDataException: Unable to decrypt NCA header. The file is not an NCA file or the header key is incorrect.
   at LibHac.Tools.FsSystem.NcaUtils.NcaHeader.DecryptHeader(KeySet keySet, IStorage storage)
   at LibHac.Tools.FsSystem.NcaUtils.Nca..ctor(KeySet keySet, IStorage storage)
   at Ryujinx.Ava.Systems.AppLibrary.ApplicationLibrary.GetApplicationFromNsp(PartitionFileSystem pfs, String filePath) in C:\Users\[redacted]\Downloads\MHRise-NPLN-Lab-v0.2\Ryujinx-Nextendo-1.7.9\Ryujinx-Nextendo-1.7.9\src\Ryujinx\Systems\AppLibrary\ApplicationLibrary.cs:line 219
00:00:24.338 |W| GUI.ApplicationLibraryThread Application GetApplicationFromNsp: Encountered an error while trying to load applications from file 'C:\Users\[redacted]\Downloads\Monster Hunter Rise [NSP]\264 DLC\Monster Hunter Rise [DLC Unique Pose Set] [0100B040117430D0][v0].nsp': System.IO.InvalidDataException: Unable to decrypt NCA header. The file is not an NCA file or the header key is incorrect.
   at LibHac.Tools.FsSystem.NcaUtils.NcaHeader.DecryptHeader(KeySet keySet, IStorage storage)
   at LibHac.Tools.FsSystem.NcaUtils.Nca..ctor(KeySet keySet, IStorage storage)
   at Ryujinx.Ava.Systems.AppLibrary.ApplicationLibrary.GetApplicationFromNsp(PartitionFileSystem pfs, String filePath) in C:\Users\[redacted]\Downloads\MHRise-NPLN-Lab-v0.2\Ryujinx-Nextendo-1.7.9\Ryujinx-Nextendo-1.7.9\src\Ryujinx\Systems\AppLibrary\ApplicationLibrary.cs:line 219
00:00:24.351 |W| GUI.ApplicationLibraryThread Application GetApplicationFromNsp: Encountered an error while trying to load applications from file 'C:\Users\[redacted]\Downloads\Monster Hunter Rise [NSP]\264 DLC\Monster Hunter Rise [DLC Using The Wall Pose Set] [0100B0401174304E][v0].nsp': System.IO.InvalidDataException: Unable to decrypt NCA header. The file is not an NCA file or the header key is incorrect.
   at LibHac.Tools.FsSystem.NcaUtils.NcaHeader.DecryptHeader(KeySet keySet, IStorage storage)
   at LibHac.Tools.FsSystem.NcaUtils.Nca..ctor(KeySet keySet, IStorage storage)
   at Ryujinx.Ava.Systems.AppLibrary.ApplicationLibrary.GetApplicationFromNsp(PartitionFileSystem pfs, String filePath) in C:\Users\[redacted]\Downloads\MHRise-NPLN-Lab-v0.2\Ryujinx-Nextendo-1.7.9\Ryujinx-Nextendo-1.7.9\src\Ryujinx\Systems\AppLibrary\ApplicationLibrary.cs:line 219
00:00:24.362 |W| GUI.ApplicationLibraryThread Application GetApplicationFromNsp: Encountered an error while trying to load applications from file 'C:\Users\[redacted]\Downloads\Monster Hunter Rise [NSP]\264 DLC\Monster Hunter Rise [DLC Utsushi Cut hairstyle] [0100B0401174306C][v0].nsp': System.IO.InvalidDataException: Unable to decrypt NCA header. The file is not an NCA file or the header key is incorrect.
   at LibHac.Tools.FsSystem.NcaUtils.NcaHeader.DecryptHeader(KeySet keySet, IStorage storage)
   at LibHac.Tools.FsSystem.NcaUtils.Nca..ctor(KeySet keySet, IStorage storage)
   at Ryujinx.Ava.Systems.AppLibrary.ApplicationLibrary.GetApplicationFromNsp(PartitionFileSystem pfs, String filePath) in C:\Users\[redacted]\Downloads\MHRise-NPLN-Lab-v0.2\Ryujinx-Nextendo-1.7.9\Ryujinx-Nextendo-1.7.9\src\Ryujinx\Systems\AppLibrary\ApplicationLibrary.cs:line 219
00:00:24.377 |W| GUI.ApplicationLibraryThread Application GetApplicationFromNsp: Encountered an error while trying to load applications from file 'C:\Users\[redacted]\Downloads\Monster Hunter Rise [NSP]\264 DLC\Monster Hunter Rise [DLC Utsushi Hunter Layered Armor Set] [0100B040117430CD][v0].nsp': System.IO.InvalidDataException: Unable to decrypt NCA header. The file is not an NCA file or the header key is incorrect.
   at LibHac.Tools.FsSystem.NcaUtils.NcaHeader.DecryptHeader(KeySet keySet, IStorage storage)
   at LibHac.Tools.FsSystem.NcaUtils.Nca..ctor(KeySet keySet, IStorage storage)
   at Ryujinx.Ava.Systems.AppLibrary.ApplicationLibrary.GetApplicationFromNsp(PartitionFileSystem pfs, String filePath) in C:\Users\[redacted]\Downloads\MHRise-NPLN-Lab-v0.2\Ryujinx-Nextendo-1.7.9\Ryujinx-Nextendo-1.7.9\src\Ryujinx\Systems\AppLibrary\ApplicationLibrary.cs:line 219
00:00:24.389 |W| GUI.ApplicationLibraryThread Application GetApplicationFromNsp: Encountered an error while trying to load applications from file 'C:\Users\[redacted]\Downloads\Monster Hunter Rise [NSP]\264 DLC\Monster Hunter Rise [DLC Velkhana Costume Palamute Layered Armor Set] [0100B0401174311A][v0].nsp': System.IO.InvalidDataException: Unable to decrypt NCA header. The file is not an NCA file or the header key is incorrect.
   at LibHac.Tools.FsSystem.NcaUtils.NcaHeader.DecryptHeader(KeySet keySet, IStorage storage)
   at LibHac.Tools.FsSystem.NcaUtils.Nca..ctor(KeySet keySet, IStorage storage)
   at Ryujinx.Ava.Systems.AppLibrary.ApplicationLibrary.GetApplicationFromNsp(PartitionFileSystem pfs, String filePath) in C:\Users\[redacted]\Downloads\MHRise-NPLN-Lab-v0.2\Ryujinx-Nextendo-1.7.9\Ryujinx-Nextendo-1.7.9\src\Ryujinx\Systems\AppLibrary\ApplicationLibrary.cs:line 219
00:00:24.400 |W| GUI.ApplicationLibraryThread Application GetApplicationFromNsp: Encountered an error while trying to load applications from file 'C:\Users\[redacted]\Downloads\Monster Hunter Rise [NSP]\264 DLC\Monster Hunter Rise [DLC Wide Eyeline Makeup] [0100B040117430D4][v0].nsp': System.IO.InvalidDataException: Unable to decrypt NCA header. The file is not an NCA file or the header key is incorrect.
   at LibHac.Tools.FsSystem.NcaUtils.NcaHeader.DecryptHeader(KeySet keySet, IStorage storage)
   at LibHac.Tools.FsSystem.NcaUtils.Nca..ctor(KeySet keySet, IStorage storage)
   at Ryujinx.Ava.Systems.AppLibrary.ApplicationLibrary.GetApplicationFromNsp(PartitionFileSystem pfs, String filePath) in C:\Users\[redacted]\Downloads\MHRise-NPLN-Lab-v0.2\Ryujinx-Nextendo-1.7.9\Ryujinx-Nextendo-1.7.9\src\Ryujinx\Systems\AppLibrary\ApplicationLibrary.cs:line 219
00:00:24.412 |W| GUI.ApplicationLibraryThread Application GetApplicationFromNsp: Encountered an error while trying to load applications from file 'C:\Users\[redacted]\Downloads\Monster Hunter Rise [NSP]\264 DLC\Monster Hunter Rise [DLC Wild and Elegant gesture set] [0100B040117430EF][v0].nsp': System.IO.InvalidDataException: Unable to decrypt NCA header. The file is not an NCA file or the header key is incorrect.
   at LibHac.Tools.FsSystem.NcaUtils.NcaHeader.DecryptHeader(KeySet keySet, IStorage storage)
   at LibHac.Tools.FsSystem.NcaUtils.Nca..ctor(KeySet keySet, IStorage storage)
   at Ryujinx.Ava.Systems.AppLibrary.ApplicationLibrary.GetApplicationFromNsp(PartitionFileSystem pfs, String filePath) in C:\Users\[redacted]\Downloads\MHRise-NPLN-Lab-v0.2\Ryujinx-Nextendo-1.7.9\Ryujinx-Nextendo-1.7.9\src\Ryujinx\Systems\AppLibrary\ApplicationLibrary.cs:line 219
00:00:24.424 |W| GUI.ApplicationLibraryThread Application GetApplicationFromNsp: Encountered an error while trying to load applications from file 'C:\Users\[redacted]\Downloads\Monster Hunter Rise [NSP]\264 DLC\Monster Hunter Rise [DLC Wild Arms Hunter layered armor piece] [0100B04011743126][v0].nsp': System.IO.InvalidDataException: Unable to decrypt NCA header. The file is not an NCA file or the header key is incorrect.
   at LibHac.Tools.FsSystem.NcaUtils.NcaHeader.DecryptHeader(KeySet keySet, IStorage storage)
   at LibHac.Tools.FsSystem.NcaUtils.Nca..ctor(KeySet keySet, IStorage storage)
   at Ryujinx.Ava.Systems.AppLibrary.ApplicationLibrary.GetApplicationFromNsp(PartitionFileSystem pfs, String filePath) in C:\Users\[redacted]\Downloads\MHRise-NPLN-Lab-v0.2\Ryujinx-Nextendo-1.7.9\Ryujinx-Nextendo-1.7.9\src\Ryujinx\Systems\AppLibrary\ApplicationLibrary.cs:line 219
00:00:24.437 |W| GUI.ApplicationLibraryThread Application GetApplicationFromNsp: Encountered an error while trying to load applications from file 'C:\Users\[redacted]\Downloads\Monster Hunter Rise [NSP]\264 DLC\Monster Hunter Rise [DLC Wild Body Hunter layered armor piece] [0100B04011743125][v0].nsp': System.IO.InvalidDataException: Unable to decrypt NCA header. The file is not an NCA file or the header key is incorrect.
   at LibHac.Tools.FsSystem.NcaUtils.NcaHeader.DecryptHeader(KeySet keySet, IStorage storage)
   at LibHac.Tools.FsSystem.NcaUtils.Nca..ctor(KeySet keySet, IStorage storage)
   at Ryujinx.Ava.Systems.AppLibrary.ApplicationLibrary.GetApplicationFromNsp(PartitionFileSystem pfs, String filePath) in C:\Users\[redacted]\Downloads\MHRise-NPLN-Lab-v0.2\Ryujinx-Nextendo-1.7.9\Ryujinx-Nextendo-1.7.9\src\Ryujinx\Systems\AppLibrary\ApplicationLibrary.cs:line 219
00:00:24.448 |W| GUI.ApplicationLibraryThread Application GetApplicationFromNsp: Encountered an error while trying to load applications from file 'C:\Users\[redacted]\Downloads\Monster Hunter Rise [NSP]\264 DLC\Monster Hunter Rise [DLC Wild Legs Hunter layered armor piece] [0100B04011743128][v0].nsp': System.IO.InvalidDataException: Unable to decrypt NCA header. The file is not an NCA file or the header key is incorrect.
   at LibHac.Tools.FsSystem.NcaUtils.NcaHeader.DecryptHeader(KeySet keySet, IStorage storage)
   at LibHac.Tools.FsSystem.NcaUtils.Nca..ctor(KeySet keySet, IStorage storage)
   at Ryujinx.Ava.Systems.AppLibrary.ApplicationLibrary.GetApplicationFromNsp(PartitionFileSystem pfs, String filePath) in C:\Users\[redacted]\Downloads\MHRise-NPLN-Lab-v0.2\Ryujinx-Nextendo-1.7.9\Ryujinx-Nextendo-1.7.9\src\Ryujinx\Systems\AppLibrary\ApplicationLibrary.cs:line 219
00:00:24.459 |W| GUI.ApplicationLibraryThread Application GetApplicationFromNsp: Encountered an error while trying to load applications from file 'C:\Users\[redacted]\Downloads\Monster Hunter Rise [NSP]\264 DLC\Monster Hunter Rise [DLC Wild Pompadour Hairstyle] [0100B0401174309A][v0].nsp': System.IO.InvalidDataException: Unable to decrypt NCA header. The file is not an NCA file or the header key is incorrect.
   at LibHac.Tools.FsSystem.NcaUtils.NcaHeader.DecryptHeader(KeySet keySet, IStorage storage)
   at LibHac.Tools.FsSystem.NcaUtils.Nca..ctor(KeySet keySet, IStorage storage)
   at Ryujinx.Ava.Systems.AppLibrary.ApplicationLibrary.GetApplicationFromNsp(PartitionFileSystem pfs, String filePath) in C:\Users\[redacted]\Downloads\MHRise-NPLN-Lab-v0.2\Ryujinx-Nextendo-1.7.9\Ryujinx-Nextendo-1.7.9\src\Ryujinx\Systems\AppLibrary\ApplicationLibrary.cs:line 219
00:00:24.474 |W| GUI.ApplicationLibraryThread Application GetApplicationFromNsp: Encountered an error while trying to load applications from file 'C:\Users\[redacted]\Downloads\Monster Hunter Rise [NSP]\264 DLC\Monster Hunter Rise [DLC Wild Waist Hunter layered armor piece] [0100B04011743127][v0].nsp': System.IO.InvalidDataException: Unable to decrypt NCA header. The file is not an NCA file or the header key is incorrect.
   at LibHac.Tools.FsSystem.NcaUtils.NcaHeader.DecryptHeader(KeySet keySet, IStorage storage)
   at LibHac.Tools.FsSystem.NcaUtils.Nca..ctor(KeySet keySet, IStorage storage)
   at Ryujinx.Ava.Systems.AppLibrary.ApplicationLibrary.GetApplicationFromNsp(PartitionFileSystem pfs, String filePath) in C:\Users\[redacted]\Downloads\MHRise-NPLN-Lab-v0.2\Ryujinx-Nextendo-1.7.9\Ryujinx-Nextendo-1.7.9\src\Ryujinx\Systems\AppLibrary\ApplicationLibrary.cs:line 219
00:00:24.486 |W| GUI.ApplicationLibraryThread Application GetApplicationFromNsp: Encountered an error while trying to load applications from file 'C:\Users\[redacted]\Downloads\Monster Hunter Rise [NSP]\264 DLC\Monster Hunter Rise [DLC Wind-up Cohoot Cohoot outfit] [0100B0401174301B][v0].nsp': System.IO.InvalidDataException: Unable to decrypt NCA header. The file is not an NCA file or the header key is incorrect.
   at LibHac.Tools.FsSystem.NcaUtils.NcaHeader.DecryptHeader(KeySet keySet, IStorage storage)
   at LibHac.Tools.FsSystem.NcaUtils.Nca..ctor(KeySet keySet, IStorage storage)
   at Ryujinx.Ava.Systems.AppLibrary.ApplicationLibrary.GetApplicationFromNsp(PartitionFileSystem pfs, String filePath) in C:\Users\[redacted]\Downloads\MHRise-NPLN-Lab-v0.2\Ryujinx-Nextendo-1.7.9\Ryujinx-Nextendo-1.7.9\src\Ryujinx\Systems\AppLibrary\ApplicationLibrary.cs:line 219
00:00:24.498 |W| GUI.ApplicationLibraryThread Application GetApplicationFromNsp: Encountered an error while trying to load applications from file 'C:\Users\[redacted]\Downloads\Monster Hunter Rise [NSP]\264 DLC\Monster Hunter Rise [DLC Woofpurr Earrings Hunter Layered Armor Piece] [0100B04011743074][v0].nsp': System.IO.InvalidDataException: Unable to decrypt NCA header. The file is not an NCA file or the header key is incorrect.
   at LibHac.Tools.FsSystem.NcaUtils.NcaHeader.DecryptHeader(KeySet keySet, IStorage storage)
   at LibHac.Tools.FsSystem.NcaUtils.Nca..ctor(KeySet keySet, IStorage storage)
   at Ryujinx.Ava.Systems.AppLibrary.ApplicationLibrary.GetApplicationFromNsp(PartitionFileSystem pfs, String filePath) in C:\Users\[redacted]\Downloads\MHRise-NPLN-Lab-v0.2\Ryujinx-Nextendo-1.7.9\Ryujinx-Nextendo-1.7.9\src\Ryujinx\Systems\AppLibrary\ApplicationLibrary.cs:line 219
00:00:24.511 |W| GUI.ApplicationLibraryThread Application GetApplicationFromNsp: Encountered an error while trying to load applications from file 'C:\Users\[redacted]\Downloads\Monster Hunter Rise [NSP]\264 DLC\Monster Hunter Rise [DLC Wyverian Earrings Hunter layered armor piece] [0100B04011743025][v0].nsp': System.IO.InvalidDataException: Unable to decrypt NCA header. The file is not an NCA file or the header key is incorrect.
   at LibHac.Tools.FsSystem.NcaUtils.NcaHeader.DecryptHeader(KeySet keySet, IStorage storage)
   at LibHac.Tools.FsSystem.NcaUtils.Nca..ctor(KeySet keySet, IStorage storage)
   at Ryujinx.Ava.Systems.AppLibrary.ApplicationLibrary.GetApplicationFromNsp(PartitionFileSystem pfs, String filePath) in C:\Users\[redacted]\Downloads\MHRise-NPLN-Lab-v0.2\Ryujinx-Nextendo-1.7.9\Ryujinx-Nextendo-1.7.9\src\Ryujinx\Systems\AppLibrary\ApplicationLibrary.cs:line 219
00:00:55.688 |I| Application HandleKeysInstallation: Installing keys from C:\Users\[redacted]\Downloads\Nextendo-1.7.9-win-x64\prod.keys
00:00:57.413 |I| Application HandleKeysInstallation: New Keys file successfully installed.
00:01:28.426 |I| Application HandleFirmwareInstallation: Installing firmware 22.5.0
00:01:50.197 |I| Application HandleFirmwareInstallation: System version 22.5.0 successfully installed.
