00:00:01.244 |I| Configuration LogValueChange: ResScale set to: -1
00:00:01.246 |I| Configuration LogValueChange: ResScaleCustom set to: 0.2
00:00:01.246 |I| Configuration LogValueChange: MaxAnisotropy set to: -1
00:00:01.249 |I| Configuration LogValueChange: AspectRatio set to: Stretched
00:00:01.253 |I| Configuration LogValueChange: PreferredGpu set to: 0x1002_0x15D8
00:00:01.256 |I| Configuration LogValueChange: ScalingFilterLevel set to: 80
00:00:01.259 |I| Configuration LogValueChange: VSyncMode set to: Unbounded
00:00:01.259 |I| Configuration LogValueChange: CustomVSyncInterval set to: 120
00:00:01.259 |I| Configuration LogValueChange: EnableShaderCache set to: True
00:00:01.260 |I| Configuration LogValueChange: EnableMacroHLE set to: True
00:00:01.262 |I| Configuration LogValueChange: Language set to: AmericanEnglish
00:00:01.264 |I| Configuration LogValueChange: Region set to: USA
00:00:01.264 |I| Configuration LogValueChange: TimeZone set to: UTC
00:00:01.266 |I| Configuration LogValueChange: SystemTimeOffset set to: -90
00:00:01.266 |I| Configuration LogValueChange: MatchSystemTime set to: True
00:00:01.266 |I| Configuration LogValueChange: EnableDockedMode set to: True
00:00:01.266 |I| Configuration LogValueChange: EnablePtc set to: True
00:00:01.268 |I| Configuration LogValueChange: TickScalar set to: 200
00:00:01.268 |I| Configuration LogValueChange: EnableInternetAccess set to: True
00:00:01.271 |I| Configuration LogValueChange: AudioBackend set to: SDL3
00:00:01.271 |I| Configuration LogValueChange: AudioVolume set to: 1
00:00:01.273 |I| Configuration LogValueChange: MemoryManagerMode set to: HostMappedUnsafe
00:00:01.274 |I| Configuration LogValueChange: IgnoreMissingServices set to: True
00:00:01.288 |I| Configuration LogValueChange: LdnPassphrase set to: 
00:00:01.288 |I| Configuration LogValueChange: LdnServer set to: 
00:00:01.288 |I| Configuration LogValueChange: LanPlayServer set to: 
00:00:01.288 |I| Configuration LogValueChange: LanPlayVirtualIp set to: 
00:00:01.294 |I| Configuration LogValueChange: GdbStubPort set to: 55555
00:00:01.385 |N| Application PrintSplash:    ___                 __    _              
00:00:01.385 |N| Application PrintSplash:   / _ \  __ __ __ __  / /   (_)  ___   ___ _
00:00:01.385 |N| Application PrintSplash:  / , _/ / // // // / / _ \ / /  / _ \ / _ `/
00:00:01.385 |N| Application PrintSplash: /_/|_|  \_, / \_,_/ /_.__//_/  /_//_/ \_, / 
00:00:01.385 |N| Application PrintSplash:        /___/                         /___/  
00:00:01.385 |N| Application PrintSplash: 
00:00:01.385 |N| Application PrintSplash:     _   __          __                 __    
00:00:01.385 |N| Application PrintSplash:    / | / /__  _  __/ /____  ____  ____/ /___ 
00:00:01.385 |N| Application PrintSplash:   /  |/ / _ \| |/_/ __/ _ \/ __ \/ __  / __ \
00:00:01.385 |N| Application PrintSplash:  / /|  /  __/>  </ /_/  __/ / / / /_/ / /_/ /
00:00:01.385 |N| Application PrintSplash: /_/ |_/\___/_/|_|\__/\___/_/ /_/\__,_/\____/ 
00:00:01.385 |N| Application PrintSplash: 
00:00:01.385 |N| Application PrintSplash: If you could not tell already, I love making bad jokes : )
00:00:01.385 |N| Application PrintSplash: 
00:00:01.385 |N| Application PrintSystemInfo: Nextendo Network: play MK8 Deluxe, Splatoon 2 and Smash Ultimate online.
00:00:01.385 |N| Application PrintSystemInfo: Ryujinx Nextendo Version: 1.0.0-dirty
00:00:01.385 |N| Application PrintSystemInfo: .NET Runtime: .NET 10.0.11
00:00:01.395 |N| Application PrintSystemInfo: Operating System: Microsoft Windows 10.0.19045 (X64)
00:00:01.395 |N| Application PrintSystemInfo: CPU: AMD Ryzen 3 3200G with Radeon Vega Graphics ; 4 logical
00:00:01.396 |N| Application PrintSystemInfo: RAM: Total 6.9 GiB ; Available 3.2 GiB
00:00:01.401 |N| Application PrintSystemInfo: Logs Enabled: Info, Warning, Error, Guest, Stub
00:00:01.402 |N| Application PrintSystemInfo: Launch Mode: UserProfile
00:00:07.276 |I| Application DemarrerPousseePeriodique: [Nextendo] history: poussee periodique toutes les 5 min
00:01:31.833 |I| Configuration LogValueChange: SystemTimeOffset set to: -166
00:01:31.833 |I| Configuration LogValueChange: EnableLowPowerPtc set to: True
00:01:31.834 |I| Configuration LogValueChange: ResScaleCustom set to: 0.1
00:01:31.834 |I| Configuration LogValueChange: MaxAnisotropy set to: 2
00:01:33.219 |I| Configuration LogValueChange: SystemTimeOffset set to: -168
00:00:00.036 |I| Gpu : Backend Threading (Auto): True
00:00:00.638 |N| Application LoadGuestApplication: Using Firmware Version: 22.5.0
00:00:00.639 |N| Application LoadGuestApplication: Loading content archive from 'C:\Users\[redacted]\Downloads\Monster Hunter Rise [NSP]\Monster Hunter Rise [0100B04011742000][v0].nsp'.
00:00:00.639 |I| Application LoadGuestApplication: Loading as NSP.
00:00:00.649 |N| Application : Loading update NCA from 'C:\Users\[redacted]\Downloads\Monster Hunter Rise [NSP]\Monster Hunter Rise [0100B04011742800][v2228224].nsp'.
00:00:00.655 |N| Application AddAocItem: Found AddOnContent with TitleId 0100B0401174306F @ 'C:\Users\[redacted]\Downloads\Monster Hunter Rise [NSP]\264 DLC\Monster Hunter Rise [DLC 15 hairstyle] [0100B0401174306F][v0].nsp'
00:00:00.656 |N| Application AddAocItem: Found AddOnContent with TitleId 0100B04011743070 @ 'C:\Users\[redacted]\Downloads\Monster Hunter Rise [NSP]\264 DLC\Monster Hunter Rise [DLC 16 hairstyle] [0100B04011743070][v0].nsp'
00:00:00.656 |N| Application AddAocItem: Found AddOnContent with TitleId 0100B04011743071 @ 'C:\Users\[redacted]\Downloads\Monster Hunter Rise [NSP]\264 DLC\Monster Hunter Rise [DLC 17 hairstyle] [0100B04011743071][v0].nsp'
00:00:00.656 |N| Application AddAocItem: Found AddOnContent with TitleId 0100B04011743035 @ 'C:\Users\[redacted]\Downloads\Monster Hunter Rise [NSP]\264 DLC\Monster Hunter Rise [DLC Ace Pilot Cohoot Outfit] [0100B04011743035][v0].nsp'
00:00:00.656 |N| Application AddAocItem: Found AddOnContent with TitleId 0100B040117430CF @ 'C:\Users\[redacted]\Downloads\Monster Hunter Rise [NSP]\264 DLC\Monster Hunter Rise [DLC Acrobat Gesture Set] [0100B040117430CF][v0].nsp'
00:00:00.656 |N| Application AddAocItem: Found AddOnContent with TitleId 0100B0401174300E @ 'C:\Users\[redacted]\Downloads\Monster Hunter Rise [NSP]\264 DLC\Monster Hunter Rise [DLC Airy Short Bob hairstyle] [0100B0401174300E][v0].nsp'
00:00:00.656 |N| Application AddAocItem: Found AddOnContent with TitleId 0100B040117430D1 @ 'C:\Users\[redacted]\Downloads\Monster Hunter Rise [NSP]\264 DLC\Monster Hunter Rise [DLC Arlow Dreads Hairstyle] [0100B040117430D1][v0].nsp'
00:00:00.657 |N| Application AddAocItem: Found AddOnContent with TitleId 0100B040117430DF @ 'C:\Users\[redacted]\Downloads\Monster Hunter Rise [NSP]\264 DLC\Monster Hunter Rise [DLC Arlow Hunter Layered Armor Set] [0100B040117430DF][v0].nsp'
00:00:00.657 |N| Application AddAocItem: Found AddOnContent with TitleId 0100B04011743121 @ 'C:\Users\[redacted]\Downloads\Monster Hunter Rise [NSP]\264 DLC\Monster Hunter Rise [DLC Asymmetric Cut hairstyle] [0100B04011743121][v0].nsp'
00:00:00.657 |N| Application AddAocItem: Found AddOnContent with TitleId 0100B040117430F0 @ 'C:\Users\[redacted]\Downloads\Monster Hunter Rise [NSP]\264 DLC\Monster Hunter Rise [DLC Attack Pose Set 2] [0100B040117430F0][v0].nsp'
00:00:00.657 |N| Application AddAocItem: Found AddOnContent with TitleId 0100B04011743018 @ 'C:\Users\[redacted]\Downloads\Monster Hunter Rise [NSP]\264 DLC\Monster Hunter Rise [DLC Attack pose set] [0100B04011743018][v0].nsp'
00:00:00.657 |N| Application AddAocItem: Found AddOnContent with TitleId 0100B04011743120 @ 'C:\Users\[redacted]\Downloads\Monster Hunter Rise [NSP]\264 DLC\Monster Hunter Rise [DLC Bahari Locks hairstyle] [0100B04011743120][v0].nsp'
00:00:00.657 |N| Application AddAocItem: Found AddOnContent with TitleId 0100B0401174300F @ 'C:\Users\[redacted]\Downloads\Monster Hunter Rise [NSP]\264 DLC\Monster Hunter Rise [DLC Beachy Waves hairstyle] [0100B0401174300F][v0].nsp'
00:00:00.658 |N| Application AddAocItem: Found AddOnContent with TitleId 0100B04011743038 @ 'C:\Users\[redacted]\Downloads\Monster Hunter Rise [NSP]\264 DLC\Monster Hunter Rise [DLC Bell Collar Palico Layered Armor] [0100B04011743038][v0].nsp'
00:00:00.658 |N| Application AddAocItem: Found AddOnContent with TitleId 0100B0401174307E @ 'C:\Users\[redacted]\Downloads\Monster Hunter Rise [NSP]\264 DLC\Monster Hunter Rise [DLC Benevolent Bandage Hunter Layered Armor Piece] [0100B0401174307E][v0].nsp'
00:00:00.658 |N| Application AddAocItem: Found AddOnContent with TitleId 0100B0401174302D @ 'C:\Users\[redacted]\Downloads\Monster Hunter Rise [NSP]\264 DLC\Monster Hunter Rise [DLC BGM Kamura Village Piano Version] [0100B0401174302D][v0].nsp'
00:00:00.658 |N| Application AddAocItem: Found AddOnContent with TitleId 0100B0401174302C @ 'C:\Users\[redacted]\Downloads\Monster Hunter Rise [NSP]\264 DLC\Monster Hunter Rise [DLC BGM Yukumo Village] [0100B0401174302C][v0].nsp'
00:00:00.658 |N| Application AddAocItem: Found AddOnContent with TitleId 0100B04011743059 @ 'C:\Users\[redacted]\Downloads\Monster Hunter Rise [NSP]\264 DLC\Monster Hunter Rise [DLC Bob With Hairband Hairstyle] [0100B04011743059][v0].nsp'
00:00:00.659 |N| Application AddAocItem: Found AddOnContent with TitleId 0100B0401174306B @ 'C:\Users\[redacted]\Downloads\Monster Hunter Rise [NSP]\264 DLC\Monster Hunter Rise [DLC Bombadgy Mask Hunter layered armor piece] [0100B0401174306B][v0].nsp'
00:00:00.659 |N| Application AddAocItem: Found AddOnContent with TitleId 0100B0401174303C @ 'C:\Users\[redacted]\Downloads\Monster Hunter Rise [NSP]\264 DLC\Monster Hunter Rise [DLC Bone Collar Palamute Layered Armor] [0100B0401174303C][v0].nsp'
00:00:00.659 |N| Application AddAocItem: Found AddOnContent with TitleId 0100B0401174303F @ 'C:\Users\[redacted]\Downloads\Monster Hunter Rise [NSP]\264 DLC\Monster Hunter Rise [DLC Bow Collar Palamute Layered Armor] [0100B0401174303F][v0].nsp'
00:00:00.659 |N| Application AddAocItem: Found AddOnContent with TitleId 0100B0401174303B @ 'C:\Users\[redacted]\Downloads\Monster Hunter Rise [NSP]\264 DLC\Monster Hunter Rise [DLC Bow Collar Palico Layered Armor] [0100B0401174303B][v0].nsp'
00:00:00.659 |N| Application AddAocItem: Found AddOnContent with TitleId 0100B0401174307C @ 'C:\Users\[redacted]\Downloads\Monster Hunter Rise [NSP]\264 DLC\Monster Hunter Rise [DLC Bow Necklace Hunter Layered Armor Piece] [0100B0401174307C][v0].nsp'
00:00:00.660 |N| Application AddAocItem: Found AddOnContent with TitleId 0100B0401174309B @ 'C:\Users\[redacted]\Downloads\Monster Hunter Rise [NSP]\264 DLC\Monster Hunter Rise [DLC Braided Hairstyle] [0100B0401174309B][v0].nsp'
00:00:00.660 |N| Application AddAocItem: Found AddOnContent with TitleId 0100B04011743075 @ 'C:\Users\[redacted]\Downloads\Monster Hunter Rise [NSP]\264 DLC\Monster Hunter Rise [DLC Bunny Dango Earrings Hunter Layered Armor Piece [0100B04011743075][v0].nsp'
00:00:00.660 |N| Application AddAocItem: Found AddOnContent with TitleId 0100B04011743097 @ 'C:\Users\[redacted]\Downloads\Monster Hunter Rise [NSP]\264 DLC\Monster Hunter Rise [DLC C Academic Palamute Layered Armor Set] [0100B04011743097][v0].nsp'
00:00:00.660 |N| Application AddAocItem: Found AddOnContent with TitleId 0100B04011743062 @ 'C:\Users\[redacted]\Downloads\Monster Hunter Rise [NSP]\264 DLC\Monster Hunter Rise [DLC C Floral Yukata Palamute Layered Armor Piece] [0100B04011743062][v0].nsp'
00:00:00.660 |N| Application AddAocItem: Found AddOnContent with TitleId 0100B040117430C7 @ 'C:\Users\[redacted]\Downloads\Monster Hunter Rise [NSP]\264 DLC\Monster Hunter Rise [DLC C Summer Palamute Layered Armor Set] [0100B040117430C7][v0].nsp'
00:00:00.661 |N| Application AddAocItem: Found AddOnContent with TitleId 0100B040117430DB @ 'C:\Users\[redacted]\Downloads\Monster Hunter Rise [NSP]\264 DLC\Monster Hunter Rise [DLC Canyne Fall Palamute Layered Armor Set] [0100B040117430DB][v0].nsp'
00:00:00.661 |N| Application AddAocItem: Found AddOnContent with TitleId 0100B040117430FB @ 'C:\Users\[redacted]\Downloads\Monster Hunter Rise [NSP]\264 DLC\Monster Hunter Rise [DLC Canyne Fluffy Fur Palamute layered armor set] [0100B040117430FB][v0].nsp'
00:00:00.661 |N| Application AddAocItem: Found AddOnContent with TitleId 0100B04011743054 @ 'C:\Users\[redacted]\Downloads\Monster Hunter Rise [NSP]\264 DLC\Monster Hunter Rise [DLC Canyne Mask Hunter Layered Armor Piece] [0100B04011743054][v0].nsp'
00:00:00.661 |N| Application AddAocItem: Found AddOnContent with TitleId 0100B04011743051 @ 'C:\Users\[redacted]\Downloads\Monster Hunter Rise [NSP]\264 DLC\Monster Hunter Rise [DLC Canyne Mask Palico Layered Armor Piece] [0100B04011743051][v0].nsp'
00:00:00.661 |N| Application AddAocItem: Found AddOnContent with TitleId 0100B04011743056 @ 'C:\Users\[redacted]\Downloads\Monster Hunter Rise [NSP]\264 DLC\Monster Hunter Rise [DLC Canyne Tail Hunter Layered Armor Piece] [0100B04011743056][v0].nsp'
00:00:00.662 |N| Application AddAocItem: Found AddOnContent with TitleId 0100B04011743099 @ 'C:\Users\[redacted]\Downloads\Monster Hunter Rise [NSP]\264 DLC\Monster Hunter Rise [DLC Chase Pose Set] [0100B04011743099][v0].nsp'
00:00:00.662 |N| Application AddAocItem: Found AddOnContent with TitleId 0100B0401174304B @ 'C:\Users\[redacted]\Downloads\Monster Hunter Rise [NSP]\264 DLC\Monster Hunter Rise [DLC Cheek Tusk Face Paint] [0100B0401174304B][v0].nsp'
00:00:00.662 |N| Application AddAocItem: Found AddOnContent with TitleId 0100B04011743115 @ 'C:\Users\[redacted]\Downloads\Monster Hunter Rise [NSP]\264 DLC\Monster Hunter Rise [DLC Cohoot Face Paint] [0100B04011743115][v0].nsp'
00:00:00.662 |N| Application AddAocItem: Found AddOnContent with TitleId 0100B0401174305E @ 'C:\Users\[redacted]\Downloads\Monster Hunter Rise [NSP]\264 DLC\Monster Hunter Rise [DLC Cursed Flame Face Paint] [0100B0401174305E][v0].nsp'
00:00:00.662 |N| Application AddAocItem: Found AddOnContent with TitleId 0100B04011743048 @ 'C:\Users\[redacted]\Downloads\Monster Hunter Rise [NSP]\264 DLC\Monster Hunter Rise [DLC Delicate Beauty Hairstyle] [0100B04011743048][v0].nsp'
00:00:00.662 |N| Application AddAocItem: Found AddOnContent with TitleId 0100B04011743040 @ 'C:\Users\[redacted]\Downloads\Monster Hunter Rise [NSP]\264 DLC\Monster Hunter Rise [DLC Delightful Dance Gesture Set] [0100B04011743040][v0].nsp'
00:00:00.663 |N| Application AddAocItem: Found AddOnContent with TitleId 0100B0401174300C @ 'C:\Users\[redacted]\Downloads\Monster Hunter Rise [NSP]\264 DLC\Monster Hunter Rise [DLC Deluxe Kit] [0100B0401174300C][v0].nsp'
00:00:00.663 |N| Application AddAocItem: Found AddOnContent with TitleId 0100B04011743014 @ 'C:\Users\[redacted]\Downloads\Monster Hunter Rise [NSP]\264 DLC\Monster Hunter Rise [DLC Deluxe Kit] [0100B04011743014][v0].nsp'
00:00:00.663 |N| Application AddAocItem: Found AddOnContent with TitleId 0100B04011743017 @ 'C:\Users\[redacted]\Downloads\Monster Hunter Rise [NSP]\264 DLC\Monster Hunter Rise [DLC Deluxe Kit] [0100B04011743017][v0].nsp'
00:00:00.663 |N| Application AddAocItem: Found AddOnContent with TitleId 0100B0401174301E @ 'C:\Users\[redacted]\Downloads\Monster Hunter Rise [NSP]\264 DLC\Monster Hunter Rise [DLC Deluxe Kit] [0100B0401174301E][v0].nsp'
00:00:00.664 |N| Application AddAocItem: Found AddOnContent with TitleId 0100B0401174301F @ 'C:\Users\[redacted]\Downloads\Monster Hunter Rise [NSP]\264 DLC\Monster Hunter Rise [DLC Deluxe Kit] [0100B0401174301F][v0].nsp'
00:00:00.664 |N| Application AddAocItem: Found AddOnContent with TitleId 0100B04011743022 @ 'C:\Users\[redacted]\Downloads\Monster Hunter Rise [NSP]\264 DLC\Monster Hunter Rise [DLC Deluxe Kit] [0100B04011743022][v0].nsp'
00:00:00.664 |N| Application AddAocItem: Found AddOnContent with TitleId 0100B04011743024 @ 'C:\Users\[redacted]\Downloads\Monster Hunter Rise [NSP]\264 DLC\Monster Hunter Rise [DLC Deluxe Kit] [0100B04011743024][v0].nsp'
00:00:00.664 |N| Application AddAocItem: Found AddOnContent with TitleId 0100B04011743113 @ 'C:\Users\[redacted]\Downloads\Monster Hunter Rise [NSP]\264 DLC\Monster Hunter Rise [DLC Elegant Hairstyle] [0100B04011743113][v0].nsp'
00:00:00.664 |N| Application AddAocItem: Found AddOnContent with TitleId 0100B04011743016 @ 'C:\Users\[redacted]\Downloads\Monster Hunter Rise [NSP]\264 DLC\Monster Hunter Rise [DLC Eye Shadow makeup] [0100B04011743016][v0].nsp'
00:00:00.664 |N| Application AddAocItem: Found AddOnContent with TitleId 0100B04011743096 @ 'C:\Users\[redacted]\Downloads\Monster Hunter Rise [NSP]\264 DLC\Monster Hunter Rise [DLC F Academic Palico Layered Armor Set] [0100B04011743096][v0].nsp'
00:00:00.665 |N| Application AddAocItem: Found AddOnContent with TitleId 0100B04011743061 @ 'C:\Users\[redacted]\Downloads\Monster Hunter Rise [NSP]\264 DLC\Monster Hunter Rise [DLC F Floral Yukata Palico Layered Armor Piece] [0100B04011743061][v0].nsp'
00:00:00.665 |N| Application AddAocItem: Found AddOnContent with TitleId 0100B040117430C6 @ 'C:\Users\[redacted]\Downloads\Monster Hunter Rise [NSP]\264 DLC\Monster Hunter Rise [DLC F Summer Palico Layered Armor Set] [0100B040117430C6][v0].nsp'
00:00:00.665 |N| Application AddAocItem: Found AddOnContent with TitleId 0100B040117430D6 @ 'C:\Users\[redacted]\Downloads\Monster Hunter Rise [NSP]\264 DLC\Monster Hunter Rise [DLC Fall Jacket Hunter Layered Armor Piece] [0100B040117430D6][v0].nsp'
00:00:00.665 |N| Application AddAocItem: Found AddOnContent with TitleId 0100B040117430D9 @ 'C:\Users\[redacted]\Downloads\Monster Hunter Rise [NSP]\264 DLC\Monster Hunter Rise [DLC Fall Pants Hunter Layered Armor Piece] [0100B040117430D9][v0].nsp'
00:00:00.665 |N| Application AddAocItem: Found AddOnContent with TitleId 0100B040117430D5 @ 'C:\Users\[redacted]\Downloads\Monster Hunter Rise [NSP]\264 DLC\Monster Hunter Rise [DLC Fall Scarf Hunter Layered Armor Piece] [0100B040117430D5][v0].nsp'
00:00:00.670 |N| Application AddAocItem: Found AddOnContent with TitleId 0100B040117430D7 @ 'C:\Users\[redacted]\Downloads\Monster Hunter Rise [NSP]\264 DLC\Monster Hunter Rise [DLC Fall Sleeves Hunter Layered Armor Piece] [0100B040117430D7][v0].nsp'
00:00:00.671 |N| Application AddAocItem: Found AddOnContent with TitleId 0100B040117430D8 @ 'C:\Users\[redacted]\Downloads\Monster Hunter Rise [NSP]\264 DLC\Monster Hunter Rise [DLC Fall Waist Hunter Layered Armor Piece] [0100B040117430D8][v0].nsp'
00:00:00.671 |N| Application AddAocItem: Found AddOnContent with TitleId 0100B04011743055 @ 'C:\Users\[redacted]\Downloads\Monster Hunter Rise [NSP]\264 DLC\Monster Hunter Rise [DLC Felyne Ears Hunter Layered Armor Piece] [0100B04011743055][v0].nsp'
00:00:00.671 |N| Application AddAocItem: Found AddOnContent with TitleId 0100B040117430DA @ 'C:\Users\[redacted]\Downloads\Monster Hunter Rise [NSP]\264 DLC\Monster Hunter Rise [DLC Felyne Fall Palico Layered Armor Set] [0100B040117430DA][v0].nsp'
00:00:00.672 |N| Application AddAocItem: Found AddOnContent with TitleId 0100B040117430FA @ 'C:\Users\[redacted]\Downloads\Monster Hunter Rise [NSP]\264 DLC\Monster Hunter Rise [DLC Felyne Fluffy Fur Palico layered armor set] [0100B040117430FA][v0].nsp'
00:00:00.672 |N| Application AddAocItem: Found AddOnContent with TitleId 0100B04011743052 @ 'C:\Users\[redacted]\Downloads\Monster Hunter Rise [NSP]\264 DLC\Monster Hunter Rise [DLC Felyne Mask Palamute Layered Armor Piece] [0100B04011743052][v0].nsp'
00:00:00.672 |N| Application AddAocItem: Found AddOnContent with TitleId 0100B04011743081 @ 'C:\Users\[redacted]\Downloads\Monster Hunter Rise [NSP]\264 DLC\Monster Hunter Rise [DLC Felyne Stealth Hood Hunter Layered Armor Piece] [0100B04011743081][v0].nsp'
00:00:00.672 |N| Application AddAocItem: Found AddOnContent with TitleId 0100B04011743053 @ 'C:\Users\[redacted]\Downloads\Monster Hunter Rise [NSP]\264 DLC\Monster Hunter Rise [DLC Felyne Tail Hunter Layered Armor Piece] [0100B04011743053][v0].nsp'
00:00:00.673 |N| Application AddAocItem: Found AddOnContent with TitleId 0100B0401174309C @ 'C:\Users\[redacted]\Downloads\Monster Hunter Rise [NSP]\264 DLC\Monster Hunter Rise [DLC Fierce Eyes Face Paint] [0100B0401174309C][v0].nsp'
00:00:00.673 |N| Application AddAocItem: Found AddOnContent with TitleId 0100B040117430CC @ 'C:\Users\[redacted]\Downloads\Monster Hunter Rise [NSP]\264 DLC\Monster Hunter Rise [DLC Fiorayne Hunter Layered Armor Set] [0100B040117430CC][v0].nsp'
00:00:00.673 |N| Application AddAocItem: Found AddOnContent with TitleId 0100B040117430BE @ 'C:\Users\[redacted]\Downloads\Monster Hunter Rise [NSP]\264 DLC\Monster Hunter Rise [DLC Fiorayne Short Hairstyle] [0100B040117430BE][v0].nsp'
00:00:00.673 |N| Application AddAocItem: Found AddOnContent with TitleId 0100B04011743067 @ 'C:\Users\[redacted]\Downloads\Monster Hunter Rise [NSP]\264 DLC\Monster Hunter Rise [DLC Floral Mask Hunter Layered Armor Piece] [0100B04011743067][v0].nsp'
00:00:00.673 |N| Application AddAocItem: Found AddOnContent with TitleId 0100B04011743065 @ 'C:\Users\[redacted]\Downloads\Monster Hunter Rise [NSP]\264 DLC\Monster Hunter Rise [DLC Floral Sleeves Hunter Layered Armor Piece] [0100B04011743065][v0].nsp'
00:00:00.673 |N| Application AddAocItem: Found AddOnContent with TitleId 0100B04011743064 @ 'C:\Users\[redacted]\Downloads\Monster Hunter Rise [NSP]\264 DLC\Monster Hunter Rise [DLC Floral Yukata Hunter Layered Armor Piece] [0100B04011743064][v0].nsp'
00:00:00.673 |N| Application AddAocItem: Found AddOnContent with TitleId 0100B04011743066 @ 'C:\Users\[redacted]\Downloads\Monster Hunter Rise [NSP]\264 DLC\Monster Hunter Rise [DLC Floral Zori Hunter Layered Armor Piece] [0100B04011743066][v0].nsp'
00:00:00.674 |N| Application AddAocItem: Found AddOnContent with TitleId 0100B040117430F8 @ 'C:\Users\[redacted]\Downloads\Monster Hunter Rise [NSP]\264 DLC\Monster Hunter Rise [DLC Fluffy Fur Belt Hunter layered armor piece] [0100B040117430F8][v0].nsp'
00:00:00.674 |N| Application AddAocItem: Found AddOnContent with TitleId 0100B040117430F9 @ 'C:\Users\[redacted]\Downloads\Monster Hunter Rise [NSP]\264 DLC\Monster Hunter Rise [DLC Fluffy Fur Boots Hunter layered armor piece] [0100B040117430F9][v0].nsp'
00:00:00.674 |N| Application AddAocItem: Found AddOnContent with TitleId 0100B040117430F7 @ 'C:\Users\[redacted]\Downloads\Monster Hunter Rise [NSP]\264 DLC\Monster Hunter Rise [DLC Fluffy Fur Gloves Hunter layered armor piece] [0100B040117430F7][v0].nsp'
00:00:00.674 |N| Application AddAocItem: Found AddOnContent with TitleId 0100B040117430F5 @ 'C:\Users\[redacted]\Downloads\Monster Hunter Rise [NSP]\264 DLC\Monster Hunter Rise [DLC Fluffy Fur Hat Hunter layered armor piece] [0100B040117430F5][v0].nsp'
00:00:00.674 |N| Application AddAocItem: Found AddOnContent with TitleId 0100B040117430F6 @ 'C:\Users\[redacted]\Downloads\Monster Hunter Rise [NSP]\264 DLC\Monster Hunter Rise [DLC Fluffy Fur Robe Hunter layered armor piece] [0100B040117430F6][v0].nsp'
00:00:00.674 |N| Application AddAocItem: Found AddOnContent with TitleId 0100B0401174301A @ 'C:\Users\[redacted]\Downloads\Monster Hunter Rise [NSP]\264 DLC\Monster Hunter Rise [DLC Fluffy Hood Cohoot outfit] [0100B0401174301A][v0].nsp'
00:00:00.675 |N| Application AddAocItem: Found AddOnContent with TitleId 0100B040117430D2 @ 'C:\Users\[redacted]\Downloads\Monster Hunter Rise [NSP]\264 DLC\Monster Hunter Rise [DLC Fluffy Long Hairstyle] [0100B040117430D2][v0].nsp'
00:00:00.675 |N| Application AddAocItem: Found AddOnContent with TitleId 0100B040117430BB @ 'C:\Users\[redacted]\Downloads\Monster Hunter Rise [NSP]\264 DLC\Monster Hunter Rise [DLC For The Fans Gesture Set] [0100B040117430BB][v0].nsp'
00:00:00.675 |N| Application AddAocItem: Found AddOnContent with TitleId 0100B04011743026 @ 'C:\Users\[redacted]\Downloads\Monster Hunter Rise [NSP]\264 DLC\Monster Hunter Rise [DLC Fox Mask Hunter layered armor piece] [0100B04011743026][v0].nsp'
00:00:00.675 |N| Application AddAocItem: Found AddOnContent with TitleId 0100B0401174307F @ 'C:\Users\[redacted]\Downloads\Monster Hunter Rise [NSP]\264 DLC\Monster Hunter Rise [DLC Frilled Choker Hunter Layered Armor Piece] [0100B0401174307F][v0].nsp'
00:00:00.675 |N| Application AddAocItem: Found AddOnContent with TitleId 0100B040117430D3 @ 'C:\Users\[redacted]\Downloads\Monster Hunter Rise [NSP]\264 DLC\Monster Hunter Rise [DLC Ghost Face Paint] [0100B040117430D3][v0].nsp'
00:00:00.675 |N| Application AddAocItem: Found AddOnContent with TitleId 0100B04011743072 @ 'C:\Users\[redacted]\Downloads\Monster Hunter Rise [NSP]\264 DLC\Monster Hunter Rise [DLC Gorgeous Earrings Hunter Layered Armor Piece] [0100B04011743072][v0].nsp'
00:00:00.676 |N| Application AddAocItem: Found AddOnContent with TitleId 0100B04011743098 @ 'C:\Users\[redacted]\Downloads\Monster Hunter Rise [NSP]\264 DLC\Monster Hunter Rise [DLC Graceful Dance Gesture Set] [0100B04011743098][v0].nsp'
00:00:00.676 |N| Application AddAocItem: Found AddOnContent with TitleId 0100B0401174300D @ 'C:\Users\[redacted]\Downloads\Monster Hunter Rise [NSP]\264 DLC\Monster Hunter Rise [DLC Great Baggi Crest hairstyle] [0100B0401174300D][v0].nsp'
00:00:00.676 |N| Application AddAocItem: Found AddOnContent with TitleId 0100B0401174303D @ 'C:\Users\[redacted]\Downloads\Monster Hunter Rise [NSP]\264 DLC\Monster Hunter Rise [DLC Heart Collar Palamute Layered Armor] [0100B0401174303D][v0].nsp'
00:00:00.676 |N| Application AddAocItem: Found AddOnContent with TitleId 0100B04011743039 @ 'C:\Users\[redacted]\Downloads\Monster Hunter Rise [NSP]\264 DLC\Monster Hunter Rise [DLC Heart Collar Palico Layered Armor] [0100B04011743039][v0].nsp'
00:00:00.676 |N| Application AddAocItem: Found AddOnContent with TitleId 0100B04011743015 @ 'C:\Users\[redacted]\Downloads\Monster Hunter Rise [NSP]\264 DLC\Monster Hunter Rise [DLC Hero face paint] [0100B04011743015][v0].nsp'
00:00:00.676 |N| Application AddAocItem: Found AddOnContent with TitleId 0100B0401174304D @ 'C:\Users\[redacted]\Downloads\Monster Hunter Rise [NSP]\264 DLC\Monster Hunter Rise [DLC Hide Pose Set] [0100B0401174304D][v0].nsp'
00:00:00.677 |N| Application AddAocItem: Found AddOnContent with TitleId 0100B04011743023 @ 'C:\Users\[redacted]\Downloads\Monster Hunter Rise [NSP]\264 DLC\Monster Hunter Rise [DLC High Five gesture] [0100B04011743023][v0].nsp'
00:00:00.677 |N| Application AddAocItem: Found AddOnContent with TitleId 0100B040117430F3 @ 'C:\Users\[redacted]\Downloads\Monster Hunter Rise [NSP]\264 DLC\Monster Hunter Rise [DLC High-brows makeup] [0100B040117430F3][v0].nsp'
00:00:00.677 |N| Application AddAocItem: Found AddOnContent with TitleId 0100B04011743100 @ 'C:\Users\[redacted]\Downloads\Monster Hunter Rise [NSP]\264 DLC\Monster Hunter Rise [DLC Hinoa Hunter layered armor set] [0100B04011743100][v0].nsp'
00:00:00.677 |N| Application AddAocItem: Found AddOnContent with TitleId 0100B04011743079 @ 'C:\Users\[redacted]\Downloads\Monster Hunter Rise [NSP]\264 DLC\Monster Hunter Rise [DLC Hinoa Long Hairstyle] [0100B04011743079][v0].nsp'
00:00:00.677 |N| Application AddAocItem: Found AddOnContent with TitleId 0100B040117430DD @ 'C:\Users\[redacted]\Downloads\Monster Hunter Rise [NSP]\264 DLC\Monster Hunter Rise [DLC Hunter Voice Arlow] [0100B040117430DD][v0].nsp'
00:00:00.677 |N| Application AddAocItem: Found AddOnContent with TitleId 0100B040117430FD @ 'C:\Users\[redacted]\Downloads\Monster Hunter Rise [NSP]\264 DLC\Monster Hunter Rise [DLC Hunter Voice Bahari] [0100B040117430FD][v0].nsp'
00:00:00.677 |N| Application AddAocItem: Found AddOnContent with TitleId 0100B0401174306D @ 'C:\Users\[redacted]\Downloads\Monster Hunter Rise [NSP]\264 DLC\Monster Hunter Rise [DLC Hunter Voice Big Bro] [0100B0401174306D][v0].nsp'
00:00:00.678 |N| Application AddAocItem: Found AddOnContent with TitleId 0100B04011743049 @ 'C:\Users\[redacted]\Downloads\Monster Hunter Rise [NSP]\264 DLC\Monster Hunter Rise [DLC Hunter Voice Buddy Handler Iori] [0100B04011743049][v0].nsp'
00:00:00.678 |N| Application AddAocItem: Found AddOnContent with TitleId 0100B040117430FC @ 'C:\Users\[redacted]\Downloads\Monster Hunter Rise [NSP]\264 DLC\Monster Hunter Rise [DLC Hunter Voice Chichae] [0100B040117430FC][v0].nsp'
00:00:00.678 |N| Application AddAocItem: Found AddOnContent with TitleId 0100B0401174306E @ 'C:\Users\[redacted]\Downloads\Monster Hunter Rise [NSP]\264 DLC\Monster Hunter Rise [DLC Hunter Voice Cool Girl] [0100B0401174306E][v0].nsp'
00:00:00.678 |N| Application AddAocItem: Found AddOnContent with TitleId 0100B040117430C8 @ 'C:\Users\[redacted]\Downloads\Monster Hunter Rise [NSP]\264 DLC\Monster Hunter Rise [DLC Hunter Voice Fiorayne] [0100B040117430C8][v0].nsp'
00:00:00.678 |N| Application AddAocItem: Found AddOnContent with TitleId 0100B04011743030 @ 'C:\Users\[redacted]\Downloads\Monster Hunter Rise [NSP]\264 DLC\Monster Hunter Rise [DLC Hunter Voice Fugen] [0100B04011743030][v0].nsp'
00:00:00.679 |N| Application AddAocItem: Found AddOnContent with TitleId 0100B040117430C9 @ 'C:\Users\[redacted]\Downloads\Monster Hunter Rise [NSP]\264 DLC\Monster Hunter Rise [DLC Hunter Voice Galleus] [0100B040117430C9][v0].nsp'
00:00:00.679 |N| Application AddAocItem: Found AddOnContent with TitleId 0100B04011743011 @ 'C:\Users\[redacted]\Downloads\Monster Hunter Rise [NSP]\264 DLC\Monster Hunter Rise [DLC Hunter Voice Hinoa the Quest Maiden] [0100B04011743011][v0].nsp'
00:00:00.679 |N| Application AddAocItem: Found AddOnContent with TitleId 0100B0401174312A @ 'C:\Users\[redacted]\Downloads\Monster Hunter Rise [NSP]\264 DLC\Monster Hunter Rise [DLC Hunter Voice Jae] [0100B0401174312A][v0].nsp'
00:00:00.679 |N| Application AddAocItem: Found AddOnContent with TitleId 0100B040117430FE @ 'C:\Users\[redacted]\Downloads\Monster Hunter Rise [NSP]\264 DLC\Monster Hunter Rise [DLC Hunter Voice Kagami] [0100B040117430FE][v0].nsp'
00:00:00.679 |N| Application AddAocItem: Found AddOnContent with TitleId 0100B0401174305B @ 'C:\Users\[redacted]\Downloads\Monster Hunter Rise [NSP]\264 DLC\Monster Hunter Rise [DLC Hunter Voice Kagero The Merchant] [0100B0401174305B][v0].nsp'
00:00:00.679 |N| Application AddAocItem: Found AddOnContent with TitleId 0100B040117430DC @ 'C:\Users\[redacted]\Downloads\Monster Hunter Rise [NSP]\264 DLC\Monster Hunter Rise [DLC Hunter Voice Luchika] [0100B040117430DC][v0].nsp'
00:00:00.680 |N| Application AddAocItem: Found AddOnContent with TitleId 0100B04011743010 @ 'C:\Users\[redacted]\Downloads\Monster Hunter Rise [NSP]\264 DLC\Monster Hunter Rise [DLC Hunter Voice Master Utsushi] [0100B04011743010][v0].nsp'
00:00:00.680 |N| Application AddAocItem: Found AddOnContent with TitleId 0100B0401174311B @ 'C:\Users\[redacted]\Downloads\Monster Hunter Rise [NSP]\264 DLC\Monster Hunter Rise [DLC Hunter Voice Minayle] [0100B0401174311B][v0].nsp'
00:00:00.680 |N| Application AddAocItem: Found AddOnContent with TitleId 0100B04011743031 @ 'C:\Users\[redacted]\Downloads\Monster Hunter Rise [NSP]\264 DLC\Monster Hunter Rise [DLC Hunter Voice Minoto] [0100B04011743031][v0].nsp'
00:00:00.680 |N| Application AddAocItem: Found AddOnContent with TitleId 0100B04011743088 @ 'C:\Users\[redacted]\Downloads\Monster Hunter Rise [NSP]\264 DLC\Monster Hunter Rise [DLC Hunter Voice Mood Swings] [0100B04011743088][v0].nsp'
00:00:00.680 |N| Application AddAocItem: Found AddOnContent with TitleId 0100B04011743129 @ 'C:\Users\[redacted]\Downloads\Monster Hunter Rise [NSP]\264 DLC\Monster Hunter Rise [DLC Hunter Voice Oboro] [0100B04011743129][v0].nsp'
00:00:00.680 |N| Application AddAocItem: Found AddOnContent with TitleId 0100B0401174305C @ 'C:\Users\[redacted]\Downloads\Monster Hunter Rise [NSP]\264 DLC\Monster Hunter Rise [DLC Hunter Voice Rondine The Trader] [0100B0401174305C][v0].nsp'
00:00:00.681 |N| Application AddAocItem: Found AddOnContent with TitleId 0100B04011743087 @ 'C:\Users\[redacted]\Downloads\Monster Hunter Rise [NSP]\264 DLC\Monster Hunter Rise [DLC Hunter Voice Royal Pain] [0100B04011743087][v0].nsp'
00:00:00.681 |N| Application AddAocItem: Found AddOnContent with TitleId 0100B0401174311C @ 'C:\Users\[redacted]\Downloads\Monster Hunter Rise [NSP]\264 DLC\Monster Hunter Rise [DLC Hunter Voice Tador]i [0100B0401174311C][v0].nsp'
00:00:00.681 |N| Application AddAocItem: Found AddOnContent with TitleId 0100B0401174304A @ 'C:\Users\[redacted]\Downloads\Monster Hunter Rise [NSP]\264 DLC\Monster Hunter Rise [DLC Hunter Voice Yomogi The Chef] [0100B0401174304A][v0].nsp'
00:00:00.681 |N| Application AddAocItem: Found AddOnContent with TitleId 0100B04011743019 @ 'C:\Users\[redacted]\Downloads\Monster Hunter Rise [NSP]\264 DLC\Monster Hunter Rise [DLC Hurt pose set] [0100B04011743019][v0].nsp'
00:00:00.681 |N| Application AddAocItem: Found AddOnContent with TitleId 0100B04011743034 @ 'C:\Users\[redacted]\Downloads\Monster Hunter Rise [NSP]\264 DLC\Monster Hunter Rise [DLC Idol Pose Set] [0100B04011743034][v0].nsp'
00:00:00.681 |N| Application AddAocItem: Found AddOnContent with TitleId 0100B04011743112 @ 'C:\Users\[redacted]\Downloads\Monster Hunter Rise [NSP]\264 DLC\Monster Hunter Rise [DLC Jae Cut Hairstyle] [0100B04011743112][v0].nsp'
00:00:00.682 |N| Application AddAocItem: Found AddOnContent with TitleId 0100B04011743085 @ 'C:\Users\[redacted]\Downloads\Monster Hunter Rise [NSP]\264 DLC\Monster Hunter Rise [DLC Kamura Cloak Braces Hunter Layered Armor Piece] [0100B04011743085][v0].nsp'
00:00:00.682 |N| Application AddAocItem: Found AddOnContent with TitleId 0100B04011743084 @ 'C:\Users\[redacted]\Downloads\Monster Hunter Rise [NSP]\264 DLC\Monster Hunter Rise [DLC Kamura Cloak Garb Hunter Layered Armor Piece] [0100B04011743084][v0].nsp'
00:00:00.682 |N| Application AddAocItem: Found AddOnContent with TitleId 0100B04011743058 @ 'C:\Users\[redacted]\Downloads\Monster Hunter Rise [NSP]\264 DLC\Monster Hunter Rise [DLC Kamura Village Summer Remix BGM] [0100B04011743058][v0].nsp'
00:00:00.682 |N| Application AddAocItem: Found AddOnContent with TitleId 0100B04011743118 @ 'C:\Users\[redacted]\Downloads\Monster Hunter Rise [NSP]\264 DLC\Monster Hunter Rise [DLC Kit T Palico Layered Armor Set] [0100B04011743118][v0].nsp'
00:00:00.682 |N| Application AddAocItem: Found AddOnContent with TitleId 0100B04011743076 @ 'C:\Users\[redacted]\Downloads\Monster Hunter Rise [NSP]\264 DLC\Monster Hunter Rise [DLC Kunai Earrings Hunter Layered Armor Piece] [0100B04011743076][v0].nsp'
00:00:00.682 |N| Application AddAocItem: Found AddOnContent with TitleId 0100B04011743116 @ 'C:\Users\[redacted]\Downloads\Monster Hunter Rise [NSP]\264 DLC\Monster Hunter Rise [DLC Lance Gunn Hunter Layered Armor Set] [0100B04011743116][v0].nsp'
00:00:00.683 |N| Application AddAocItem: Found AddOnContent with TitleId 0100B0401174307D @ 'C:\Users\[redacted]\Downloads\Monster Hunter Rise [NSP]\264 DLC\Monster Hunter Rise [DLC Leather Choker Hunter Layered Armor Piece] [0100B0401174307D][v0].nsp'
00:00:00.683 |N| Application AddAocItem: Found AddOnContent with TitleId 0100B04011743050 @ 'C:\Users\[redacted]\Downloads\Monster Hunter Rise [NSP]\264 DLC\Monster Hunter Rise [DLC Lil Wingdrake Cohoot Outfit] [0100B04011743050][v0].nsp'
00:00:00.683 |N| Application AddAocItem: Found AddOnContent with TitleId 0100B04011743021 @ 'C:\Users\[redacted]\Downloads\Monster Hunter Rise [NSP]\264 DLC\Monster Hunter Rise [DLC Long Coat Costume Palamute layered armor set] [0100B04011743021][v0].nsp'
00:00:00.683 |N| Application AddAocItem: Found AddOnContent with TitleId 0100B040117430E5 @ 'C:\Users\[redacted]\Downloads\Monster Hunter Rise [NSP]\264 DLC\Monster Hunter Rise [DLC Lost Code Alos Hunter Layered Weapon Hunting Horn] [0100B040117430E5][v0].nsp'
00:00:00.683 |N| Application AddAocItem: Found AddOnContent with TitleId 0100B040117430E0 @ 'C:\Users\[redacted]\Downloads\Monster Hunter Rise [NSP]\264 DLC\Monster Hunter Rise [DLC Lost Code Asca Hunter Layered Weapon Great Sword] [0100B040117430E0][v0].nsp'
00:00:00.683 |N| Application AddAocItem: Found AddOnContent with TitleId 0100B040117430E2 @ 'C:\Users\[redacted]\Downloads\Monster Hunter Rise [NSP]\264 DLC\Monster Hunter Rise [DLC Lost Code Carnhan Hunter Layered Weapon Sword and Shield] [0100B040117430E2][v0].nsp'
00:00:00.684 |N| Application AddAocItem: Found AddOnContent with TitleId 0100B040117430ED @ 'C:\Users\[redacted]\Downloads\Monster Hunter Rise [NSP]\264 DLC\Monster Hunter Rise [DLC Lost Code Iru Hunter Layered Weapon Bow] [0100B040117430ED][v0].nsp'
00:00:00.684 |N| Application AddAocItem: Found AddOnContent with TitleId 0100B040117430EC @ 'C:\Users\[redacted]\Downloads\Monster Hunter Rise [NSP]\264 DLC\Monster Hunter Rise [DLC Lost Code Jura Hunter Layered Weapon Heavy Bowgun] [0100B040117430EC][v0].nsp'
00:00:00.684 |N| Application AddAocItem: Found AddOnContent with TitleId 0100B040117430EB @ 'C:\Users\[redacted]\Downloads\Monster Hunter Rise [NSP]\264 DLC\Monster Hunter Rise [DLC Lost Code Kera Hunter Layered Weapon Light Bowgun] [0100B040117430EB][v0].nsp'
00:00:00.684 |N| Application AddAocItem: Found AddOnContent with TitleId 0100B040117430E1 @ 'C:\Users\[redacted]\Downloads\Monster Hunter Rise [NSP]\264 DLC\Monster Hunter Rise [DLC Lost Code Kiri Hunter Layered Weapon Long Sword] [0100B040117430E1][v0].nsp'
00:00:00.684 |N| Application AddAocItem: Found AddOnContent with TitleId 0100B040117430E9 @ 'C:\Users\[redacted]\Downloads\Monster Hunter Rise [NSP]\264 DLC\Monster Hunter Rise [DLC Lost Code Labr Hunter Layered Weapon Switch Axe] [0100B040117430E9][v0].nsp'
00:00:00.684 |N| Application AddAocItem: Found AddOnContent with TitleId 0100B040117430E6 @ 'C:\Users\[redacted]\Downloads\Monster Hunter Rise [NSP]\264 DLC\Monster Hunter Rise [DLC Lost Code Mia Hunter Layered Weapon Lance] [0100B040117430E6][v0].nsp'
00:00:00.684 |N| Application AddAocItem: Found AddOnContent with TitleId 0100B040117430E4 @ 'C:\Users\[redacted]\Downloads\Monster Hunter Rise [NSP]\264 DLC\Monster Hunter Rise [DLC Lost Code Mjo Hunter Layered Weapon Hammer] [0100B040117430E4][v0].nsp'
00:00:00.685 |N| Application AddAocItem: Found AddOnContent with TitleId 0100B040117430E7 @ 'C:\Users\[redacted]\Downloads\Monster Hunter Rise [NSP]\264 DLC\Monster Hunter Rise [DLC Lost Code Nir Hunter Layered Weapon Gunlance] [0100B040117430E7][v0].nsp'
00:00:00.685 |N| Application AddAocItem: Found AddOnContent with TitleId 0100B040117430E3 @ 'C:\Users\[redacted]\Downloads\Monster Hunter Rise [NSP]\264 DLC\Monster Hunter Rise [DLC Lost Code Rah Hunter Layered Weapon Dual Blades] [0100B040117430E3][v0].nsp'
00:00:00.685 |N| Application AddAocItem: Found AddOnContent with TitleId 0100B040117430E8 @ 'C:\Users\[redacted]\Downloads\Monster Hunter Rise [NSP]\264 DLC\Monster Hunter Rise [DLC Lost Code Sara Hunter Layered Weapon Charge Blade] [0100B040117430E8][v0].nsp'
00:00:00.685 |N| Application AddAocItem: Found AddOnContent with TitleId 0100B040117430EA @ 'C:\Users\[redacted]\Downloads\Monster Hunter Rise [NSP]\264 DLC\Monster Hunter Rise [DLC Lost Code Telth Hunter Layered Weapon Insect Glaive] [0100B040117430EA][v0].nsp'
00:00:00.685 |N| Application AddAocItem: Found AddOnContent with TitleId 0100B040117430BF @ 'C:\Users\[redacted]\Downloads\Monster Hunter Rise [NSP]\264 DLC\Monster Hunter Rise [DLC Malzeno Menace Face Paint] [0100B040117430BF][v0].nsp'
00:00:00.685 |N| Application AddAocItem: Found AddOnContent with TitleId 0100B040117430BC @ 'C:\Users\[redacted]\Downloads\Monster Hunter Rise [NSP]\264 DLC\Monster Hunter Rise [DLC MC Pose Set] [0100B040117430BC][v0].nsp'
00:00:00.686 |N| Application AddAocItem: Found AddOnContent with TitleId 0100B04011743122 @ 'C:\Users\[redacted]\Downloads\Monster Hunter Rise [NSP]\264 DLC\Monster Hunter Rise [DLC Mechanical face paint] [0100B04011743122][v0].nsp'
00:00:00.686 |N| Application AddAocItem: Found AddOnContent with TitleId 0100B04011743036 @ 'C:\Users\[redacted]\Downloads\Monster Hunter Rise [NSP]\264 DLC\Monster Hunter Rise [DLC Menacing Macaw Cohoot Outfit] [0100B04011743036][v0].nsp'
00:00:00.686 |N| Application AddAocItem: Found AddOnContent with TitleId 0100B0401174311E @ 'C:\Users\[redacted]\Downloads\Monster Hunter Rise [NSP]\264 DLC\Monster Hunter Rise [DLC Minoto Hunter Layered Armor Set] [0100B0401174311E][v0].nsp'
00:00:00.686 |N| Application AddAocItem: Found AddOnContent with TitleId 0100B0401174307A @ 'C:\Users\[redacted]\Downloads\Monster Hunter Rise [NSP]\264 DLC\Monster Hunter Rise [DLC Minoto Long Hairstyle] [0100B0401174307A][v0].nsp'
00:00:00.686 |N| Application AddAocItem: Found AddOnContent with TitleId 0100B040117430F4 @ 'C:\Users\[redacted]\Downloads\Monster Hunter Rise [NSP]\264 DLC\Monster Hunter Rise [DLC Mizutsune face paint] [0100B040117430F4][v0].nsp'
00:00:00.687 |N| Application AddAocItem: Found AddOnContent with TitleId 0100B04011743110 @ 'C:\Users\[redacted]\Downloads\Monster Hunter Rise [NSP]\264 DLC\Monster Hunter Rise [DLC Model Walk Gesture Set] [0100B04011743110][v0].nsp'
00:00:00.687 |N| Application AddAocItem: Found AddOnContent with TitleId 0100B040117430DE @ 'C:\Users\[redacted]\Downloads\Monster Hunter Rise [NSP]\264 DLC\Monster Hunter Rise [DLC Monster and Elgado Music Jazz Version BGM] [0100B040117430DE][v0].nsp'
00:00:00.687 |N| Application AddAocItem: Found AddOnContent with TitleId 0100B0401174311D @ 'C:\Users\[redacted]\Downloads\Monster Hunter Rise [NSP]\264 DLC\Monster Hunter Rise [DLC Monster and Stage Music Chiptune Version BGM] [0100B0401174311D][v0].nsp'
00:00:00.687 |N| Application AddAocItem: Found AddOnContent with TitleId 0100B040117430CA @ 'C:\Users\[redacted]\Downloads\Monster Hunter Rise [NSP]\264 DLC\Monster Hunter Rise [DLC Monster and Title Music Piano Version BGM] [0100B040117430CA][v0].nsp'
00:00:00.687 |N| Application AddAocItem: Found AddOnContent with TitleId 0100B04011743045 @ 'C:\Users\[redacted]\Downloads\Monster Hunter Rise [NSP]\264 DLC\Monster Hunter Rise [DLC Monster Hunter Series Bases BGM] [0100B04011743045][v0].nsp'
00:00:00.688 |N| Application AddAocItem: Found AddOnContent with TitleId 0100B04011743046 @ 'C:\Users\[redacted]\Downloads\Monster Hunter Rise [NSP]\264 DLC\Monster Hunter Rise [DLC Monster Music Dance Version BGM] [0100B04011743046][v0].nsp'
00:00:00.688 |N| Application AddAocItem: Found AddOnContent with TitleId 0100B04011743080 @ 'C:\Users\[redacted]\Downloads\Monster Hunter Rise [NSP]\264 DLC\Monster Hunter Rise [DLC Monster Music Rock Version BGM] [0100B04011743080][v0].nsp'
00:00:00.688 |N| Application AddAocItem: Found AddOnContent with TitleId 0100B04011743111 @ 'C:\Users\[redacted]\Downloads\Monster Hunter Rise [NSP]\264 DLC\Monster Hunter Rise [DLC Musical Pose Set] [0100B04011743111][v0].nsp'
00:00:00.688 |N| Application AddAocItem: Found AddOnContent with TitleId 0100B04011743020 @ 'C:\Users\[redacted]\Downloads\Monster Hunter Rise [NSP]\264 DLC\Monster Hunter Rise [DLC Nine Tails Palico layered armor set] [0100B04011743020][v0].nsp'
00:00:00.689 |N| Application AddAocItem: Found AddOnContent with TitleId 0100B04011743047 @ 'C:\Users\[redacted]\Downloads\Monster Hunter Rise [NSP]\264 DLC\Monster Hunter Rise [DLC Noble Short Hairstyle] [0100B04011743047][v0].nsp'
00:00:00.689 |N| Application AddAocItem: Found AddOnContent with TitleId 0100B0401174309F @ 'C:\Users\[redacted]\Downloads\Monster Hunter Rise [NSP]\264 DLC\Monster Hunter Rise [DLC One Character Edit Voucher Batch 2] [0100B0401174309F][v0].nsp'
00:00:00.689 |N| Application AddAocItem: Found AddOnContent with TitleId 0100B0401174302B @ 'C:\Users\[redacted]\Downloads\Monster Hunter Rise [NSP]\264 DLC\Monster Hunter Rise [DLC One Character Edit Voucher Free] [0100B0401174302B][v0].nsp'
00:00:00.689 |N| Application AddAocItem: Found AddOnContent with TitleId 0100B04011743028 @ 'C:\Users\[redacted]\Downloads\Monster Hunter Rise [NSP]\264 DLC\Monster Hunter Rise [DLC One Character Edit Voucher] [0100B04011743028][v0].nsp'
00:00:00.689 |N| Application AddAocItem: Found AddOnContent with TitleId 0100B0401174304F @ 'C:\Users\[redacted]\Downloads\Monster Hunter Rise [NSP]\264 DLC\Monster Hunter Rise [DLC Out On The Hunt Cohoot Outfit] [0100B0401174304F][v0].nsp'
00:00:00.689 |N| Application AddAocItem: Found AddOnContent with TitleId 0100B04011743114 @ 'C:\Users\[redacted]\Downloads\Monster Hunter Rise [NSP]\264 DLC\Monster Hunter Rise [DLC Palico Makeup] [0100B04011743114][v0].nsp'
00:00:00.690 |N| Application AddAocItem: Found AddOnContent with TitleId 0100B0401174309D @ 'C:\Users\[redacted]\Downloads\Monster Hunter Rise [NSP]\264 DLC\Monster Hunter Rise [DLC Pawprint Face Paint] [0100B0401174309D][v0].nsp'
00:00:00.690 |N| Application AddAocItem: Found AddOnContent with TitleId 0100B04011743033 @ 'C:\Users\[redacted]\Downloads\Monster Hunter Rise [NSP]\264 DLC\Monster Hunter Rise [DLC Petit Face Makeup] [0100B04011743033][v0].nsp'
00:00:00.690 |N| Application AddAocItem: Found AddOnContent with TitleId 0100B04011743012 @ 'C:\Users\[redacted]\Downloads\Monster Hunter Rise [NSP]\264 DLC\Monster Hunter Rise [DLC Pre-Order Bonus Add-On Content] [0100B04011743012][v0].nsp'
00:00:00.690 |N| Application AddAocItem: Found AddOnContent with TitleId 0100B0401174301C @ 'C:\Users\[redacted]\Downloads\Monster Hunter Rise [NSP]\264 DLC\Monster Hunter Rise [DLC Pre-Order Bonus Add-On Content] [0100B0401174301C][v0].nsp'
00:00:00.690 |N| Application AddAocItem: Found AddOnContent with TitleId 0100B0401174301D @ 'C:\Users\[redacted]\Downloads\Monster Hunter Rise [NSP]\264 DLC\Monster Hunter Rise [DLC Pre-order bonus Add-on Content] [0100B0401174301D][v0].nsp'
00:00:00.690 |N| Application AddAocItem: Found AddOnContent with TitleId 0100B04011743082 @ 'C:\Users\[redacted]\Downloads\Monster Hunter Rise [NSP]\264 DLC\Monster Hunter Rise [DLC Pretty Present Cohoot Outfit] [0100B04011743082][v0].nsp'
00:00:00.691 |N| Application AddAocItem: Found AddOnContent with TitleId 0100B040117430F1 @ 'C:\Users\[redacted]\Downloads\Monster Hunter Rise [NSP]\264 DLC\Monster Hunter Rise [DLC Princely Tail hairstyle] [0100B040117430F1][v0].nsp'
00:00:00.691 |N| Application AddAocItem: Found AddOnContent with TitleId 0100B040117430F2 @ 'C:\Users\[redacted]\Downloads\Monster Hunter Rise [NSP]\264 DLC\Monster Hunter Rise [DLC Princess Curls hairstyle] [0100B040117430F2][v0].nsp'
00:00:00.691 |N| Application AddAocItem: Found AddOnContent with TitleId 0100B040117430FF @ 'C:\Users\[redacted]\Downloads\Monster Hunter Rise [NSP]\264 DLC\Monster Hunter Rise [DLC Proof of a Hero and Monster Music Various Arrangements BGM] [0100B040117430FF][v0].nsp'
00:00:00.691 |N| Application AddAocItem: Found AddOnContent with TitleId 0100B04011743060 @ 'C:\Users\[redacted]\Downloads\Monster Hunter Rise [NSP]\264 DLC\Monster Hunter Rise [DLC Puffy Penguin Cohoot Outfit] [0100B04011743060][v0].nsp'
00:00:00.691 |N| Application AddAocItem: Found AddOnContent with TitleId 0100B04011743119 @ 'C:\Users\[redacted]\Downloads\Monster Hunter Rise [NSP]\264 DLC\Monster Hunter Rise [DLC Pup R Palamute Layered Armor Set] [0100B04011743119][v0].nsp'
00:00:00.691 |N| Application AddAocItem: Found AddOnContent with TitleId 0100B04011743117 @ 'C:\Users\[redacted]\Downloads\Monster Hunter Rise [NSP]\264 DLC\Monster Hunter Rise [DLC Ran Page Hunter Layered Armor Set] [0100B04011743117][v0].nsp'
00:00:00.692 |N| Application AddAocItem: Found AddOnContent with TitleId 0100B04011743077 @ 'C:\Users\[redacted]\Downloads\Monster Hunter Rise [NSP]\264 DLC\Monster Hunter Rise [DLC Reindeer Party Cohoot Outfit] [0100B04011743077][v0].nsp'
00:00:00.692 |N| Application AddAocItem: Found AddOnContent with TitleId 0100B04011743095 @ 'C:\Users\[redacted]\Downloads\Monster Hunter Rise [NSP]\264 DLC\Monster Hunter Rise [DLC Relunea Bottoms Hunter Layered Armor Piece] [0100B04011743095][v0].nsp'
00:00:00.692 |N| Application AddAocItem: Found AddOnContent with TitleId 0100B04011743093 @ 'C:\Users\[redacted]\Downloads\Monster Hunter Rise [NSP]\264 DLC\Monster Hunter Rise [DLC Relunea Glasses Hunter Layered Armor Piece] [0100B04011743093][v0].nsp'
00:00:00.692 |N| Application AddAocItem: Found AddOnContent with TitleId 0100B04011743094 @ 'C:\Users\[redacted]\Downloads\Monster Hunter Rise [NSP]\264 DLC\Monster Hunter Rise [DLC Relunea Jacket Hunter Layered Armor Piece] [0100B04011743094][v0].nsp'
00:00:00.692 |N| Application AddAocItem: Found AddOnContent with TitleId 0100B0401174307B @ 'C:\Users\[redacted]\Downloads\Monster Hunter Rise [NSP]\264 DLC\Monster Hunter Rise [DLC Reverent Wrap Hunter Layered Armor Piece] [0100B0401174307B][v0].nsp'
00:00:00.692 |N| Application AddAocItem: Found AddOnContent with TitleId 0100B04011743123 @ 'C:\Users\[redacted]\Downloads\Monster Hunter Rise [NSP]\264 DLC\Monster Hunter Rise [DLC Risen face paint] [0100B04011743123][v0].nsp'
00:00:00.692 |N| Application AddAocItem: Found AddOnContent with TitleId 0100B0401174312C @ 'C:\Users\[redacted]\Downloads\Monster Hunter Rise [NSP]\264 DLC\Monster Hunter Rise [DLC Rondine Hunter layered armor set] [0100B0401174312C][v0].nsp'
00:00:00.693 |N| Application AddAocItem: Found AddOnContent with TitleId 0100B0401174305A @ 'C:\Users\[redacted]\Downloads\Monster Hunter Rise [NSP]\264 DLC\Monster Hunter Rise [DLC Royal Dreads hairstyle] [0100B0401174305A][v0].nsp'
00:00:00.693 |N| Application AddAocItem: Found AddOnContent with TitleId 0100B0401174302E @ 'C:\Users\[redacted]\Downloads\Monster Hunter Rise [NSP]\264 DLC\Monster Hunter Rise [DLC Samurai Hairstyle] [0100B0401174302E][v0].nsp'
00:00:00.693 |N| Application AddAocItem: Found AddOnContent with TitleId 0100B040117430CB @ 'C:\Users\[redacted]\Downloads\Monster Hunter Rise [NSP]\264 DLC\Monster Hunter Rise [DLC Series Bases Pt. 2 BGM] [0100B040117430CB][v0].nsp'
00:00:00.693 |N| Application AddAocItem: Found AddOnContent with TitleId 0100B040117430C0 @ 'C:\Users\[redacted]\Downloads\Monster Hunter Rise [NSP]\264 DLC\Monster Hunter Rise [DLC Single Stroke Cheek Face Paint] [0100B040117430C0][v0].nsp'
00:00:00.693 |N| Application AddAocItem: Found AddOnContent with TitleId 0100B04011743037 @ 'C:\Users\[redacted]\Downloads\Monster Hunter Rise [NSP]\264 DLC\Monster Hunter Rise [DLC Special Stickers 1 Sticker Set] [0100B04011743037][v0].nsp'
00:00:00.694 |N| Application AddAocItem: Found AddOnContent with TitleId 0100B040117430BA @ 'C:\Users\[redacted]\Downloads\Monster Hunter Rise [NSP]\264 DLC\Monster Hunter Rise [DLC Special Stickers 10 Sticker Set] [0100B040117430BA][v0].nsp'
00:00:00.694 |N| Application AddAocItem: Found AddOnContent with TitleId 0100B040117430CE @ 'C:\Users\[redacted]\Downloads\Monster Hunter Rise [NSP]\264 DLC\Monster Hunter Rise [DLC Special Stickers 11 Sticker Set] [0100B040117430CE][v0].nsp'
00:00:00.694 |N| Application AddAocItem: Found AddOnContent with TitleId 0100B040117430EE @ 'C:\Users\[redacted]\Downloads\Monster Hunter Rise [NSP]\264 DLC\Monster Hunter Rise [DLC Special Stickers 12 sticker set] [0100B040117430EE][v0].nsp'
00:00:00.694 |N| Application AddAocItem: Found AddOnContent with TitleId 0100B0401174310F @ 'C:\Users\[redacted]\Downloads\Monster Hunter Rise [NSP]\264 DLC\Monster Hunter Rise [DLC Special Stickers 13 Sticker Set] [0100B0401174310F][v0].nsp'
00:00:00.694 |N| Application AddAocItem: Found AddOnContent with TitleId 0100B0401174311F @ 'C:\Users\[redacted]\Downloads\Monster Hunter Rise [NSP]\264 DLC\Monster Hunter Rise [DLC Special Stickers 14 sticker set] [0100B0401174311F][v0].nsp'
00:00:00.694 |N| Application AddAocItem: Found AddOnContent with TitleId 0100B04011743044 @ 'C:\Users\[redacted]\Downloads\Monster Hunter Rise [NSP]\264 DLC\Monster Hunter Rise [DLC Special Stickers 2 Sticker Set] [0100B04011743044][v0].nsp'
00:00:00.695 |N| Application AddAocItem: Found AddOnContent with TitleId 0100B04011743057 @ 'C:\Users\[redacted]\Downloads\Monster Hunter Rise [NSP]\264 DLC\Monster Hunter Rise [DLC Special Stickers 3 Sticker Set] [0100B04011743057][v0].nsp'
00:00:00.698 |N| Application AddAocItem: Found AddOnContent with TitleId 0100B04011743068 @ 'C:\Users\[redacted]\Downloads\Monster Hunter Rise [NSP]\264 DLC\Monster Hunter Rise [DLC Special Stickers 4 sticker set] [0100B04011743068][v0].nsp'
00:00:00.699 |N| Application AddAocItem: Found AddOnContent with TitleId 0100B04011743069 @ 'C:\Users\[redacted]\Downloads\Monster Hunter Rise [NSP]\264 DLC\Monster Hunter Rise [DLC Special Stickers 5 sticker set] [0100B04011743069][v0].nsp'
00:00:00.699 |N| Application AddAocItem: Found AddOnContent with TitleId 0100B0401174306A @ 'C:\Users\[redacted]\Downloads\Monster Hunter Rise [NSP]\264 DLC\Monster Hunter Rise [DLC Special Stickers 6 sticker set] [0100B0401174306A][v0].nsp'
00:00:00.699 |N| Application AddAocItem: Found AddOnContent with TitleId 0100B04011743078 @ 'C:\Users\[redacted]\Downloads\Monster Hunter Rise [NSP]\264 DLC\Monster Hunter Rise [DLC Special Stickers 7 Sticker Set] [0100B04011743078][v0].nsp'
00:00:00.699 |N| Application AddAocItem: Found AddOnContent with TitleId 0100B04011743083 @ 'C:\Users\[redacted]\Downloads\Monster Hunter Rise [NSP]\264 DLC\Monster Hunter Rise [DLC Special Stickers 8 Sticker Set] [0100B04011743083][v0].nsp'
00:00:00.699 |N| Application AddAocItem: Found AddOnContent with TitleId 0100B0401174309E @ 'C:\Users\[redacted]\Downloads\Monster Hunter Rise [NSP]\264 DLC\Monster Hunter Rise [DLC Special Stickers 9 Sticker Set] [0100B0401174309E][v0].nsp'
00:00:00.699 |N| Application AddAocItem: Found AddOnContent with TitleId 0100B0401174303E @ 'C:\Users\[redacted]\Downloads\Monster Hunter Rise [NSP]\264 DLC\Monster Hunter Rise [DLC Spiked Collar Palamute Layered Armor] [0100B0401174303E][v0].nsp'
00:00:00.699 |N| Application AddAocItem: Found AddOnContent with TitleId 0100B0401174303A @ 'C:\Users\[redacted]\Downloads\Monster Hunter Rise [NSP]\264 DLC\Monster Hunter Rise [DLC Spiked Collar Palico Layered Armor] [0100B0401174303A][v0].nsp'
00:00:00.700 |N| Application AddAocItem: Found AddOnContent with TitleId 0100B04011743073 @ 'C:\Users\[redacted]\Downloads\Monster Hunter Rise [NSP]\264 DLC\Monster Hunter Rise [DLC Spiribird Earrings Hunter Layered Armor Piece] [0100B04011743073][v0].nsp'
00:00:00.701 |N| Application AddAocItem: Found AddOnContent with TitleId 0100B040117430BD @ 'C:\Users\[redacted]\Downloads\Monster Hunter Rise [NSP]\264 DLC\Monster Hunter Rise [DLC Spiribird Edge Hairstyle] [0100B040117430BD][v0].nsp'
00:00:00.701 |N| Application AddAocItem: Found AddOnContent with TitleId 0100B04011743013 @ 'C:\Users\[redacted]\Downloads\Monster Hunter Rise [NSP]\264 DLC\Monster Hunter Rise [DLC Spread Wings makeup] [0100B04011743013][v0].nsp'
00:00:00.701 |N| Application AddAocItem: Found AddOnContent with TitleId 0100B0401174312B @ 'C:\Users\[redacted]\Downloads\Monster Hunter Rise [NSP]\264 DLC\Monster Hunter Rise [DLC Stage & Title Music Chill Version BGM] [0100B0401174312B][v0].nsp'
00:00:00.701 |N| Application AddAocItem: Found AddOnContent with TitleId 0100B0401174304C @ 'C:\Users\[redacted]\Downloads\Monster Hunter Rise [NSP]\264 DLC\Monster Hunter Rise [DLC Stitches Face Paint] [0100B0401174304C][v0].nsp'
00:00:00.701 |N| Application AddAocItem: Found AddOnContent with TitleId 0100B04011743105 @ 'C:\Users\[redacted]\Downloads\Monster Hunter Rise [NSP]\264 DLC\Monster Hunter Rise [DLC Stuffed Diablos Hunter layered weapon Hammer] [0100B04011743105][v0].nsp'
00:00:00.702 |N| Application AddAocItem: Found AddOnContent with TitleId 0100B04011743109 @ 'C:\Users\[redacted]\Downloads\Monster Hunter Rise [NSP]\264 DLC\Monster Hunter Rise [DLC Stuffed Garangolm Hunter layered weapon Charge Blade] [0100B04011743109][v0].nsp'
00:00:00.702 |N| Application AddAocItem: Found AddOnContent with TitleId 0100B04011743104 @ 'C:\Users\[redacted]\Downloads\Monster Hunter Rise [NSP]\264 DLC\Monster Hunter Rise [DLC Stuffed Goss Harag Hunter layered weapon Dual Blades] [0100B04011743104][v0].nsp'
00:00:00.702 |N| Application AddAocItem: Found AddOnContent with TitleId 0100B0401174310C @ 'C:\Users\[redacted]\Downloads\Monster Hunter Rise [NSP]\264 DLC\Monster Hunter Rise [DLC Stuffed Khezu Hunter layered weapon Light Bowgun] [0100B0401174310C][v0].nsp'
00:00:00.702 |N| Application AddAocItem: Found AddOnContent with TitleId 0100B0401174310A @ 'C:\Users\[redacted]\Downloads\Monster Hunter Rise [NSP]\264 DLC\Monster Hunter Rise [DLC Stuffed Lunagaron Hunter layered weapon Switch Axe] [0100B0401174310A][v0].nsp'
00:00:00.702 |N| Application AddAocItem: Found AddOnContent with TitleId 0100B04011743108 @ 'C:\Users\[redacted]\Downloads\Monster Hunter Rise [NSP]\264 DLC\Monster Hunter Rise [DLC Stuffed Magnamalo Hunter layered weapon Gunlance] [0100B04011743108][v0].nsp'
00:00:00.703 |N| Application AddAocItem: Found AddOnContent with TitleId 0100B04011743107 @ 'C:\Users\[redacted]\Downloads\Monster Hunter Rise [NSP]\264 DLC\Monster Hunter Rise [DLC Stuffed Malzeno Hunter layered weapon Lance] [0100B04011743107][v0].nsp'
00:00:00.703 |N| Application AddAocItem: Found AddOnContent with TitleId 0100B0401174310D @ 'C:\Users\[redacted]\Downloads\Monster Hunter Rise [NSP]\264 DLC\Monster Hunter Rise [DLC Stuffed Mizutsune Hunter layered weapon Heavy Bowgun] [0100B0401174310D][v0].nsp'
00:00:00.703 |N| Application AddAocItem: Found AddOnContent with TitleId 0100B04011743102 @ 'C:\Users\[redacted]\Downloads\Monster Hunter Rise [NSP]\264 DLC\Monster Hunter Rise [DLC Stuffed Nargacuga Hunter layered weapon Long Sword] [0100B04011743102][v0].nsp'
00:00:00.703 |N| Application AddAocItem: Found AddOnContent with TitleId 0100B0401174310E @ 'C:\Users\[redacted]\Downloads\Monster Hunter Rise [NSP]\264 DLC\Monster Hunter Rise [DLC Stuffed Rajang Hunter layered weapon Bow] [0100B0401174310E][v0].nsp'
00:00:00.703 |N| Application AddAocItem: Found AddOnContent with TitleId 0100B0401174310B @ 'C:\Users\[redacted]\Downloads\Monster Hunter Rise [NSP]\264 DLC\Monster Hunter Rise [DLC Stuffed Rakna-Kadaki Hunter layered weapon Insect Glaive] [0100B0401174310B][v0].nsp'
00:00:00.704 |N| Application AddAocItem: Found AddOnContent with TitleId 0100B04011743101 @ 'C:\Users\[redacted]\Downloads\Monster Hunter Rise [NSP]\264 DLC\Monster Hunter Rise [DLC Stuffed Rathalos Hunter layered weapon Great Sword] [0100B04011743101][v0].nsp'
00:00:00.704 |N| Application AddAocItem: Found AddOnContent with TitleId 0100B04011743106 @ 'C:\Users\[redacted]\Downloads\Monster Hunter Rise [NSP]\264 DLC\Monster Hunter Rise [DLC Stuffed Tigrex Hunter layered weapon Hunting Horn] [0100B04011743106][v0].nsp'
00:00:00.704 |N| Application AddAocItem: Found AddOnContent with TitleId 0100B04011743103 @ 'C:\Users\[redacted]\Downloads\Monster Hunter Rise [NSP]\264 DLC\Monster Hunter Rise [DLC Stuffed Zinogre Hunter layered weapon Sword and Shield] [0100B04011743103][v0].nsp'
00:00:00.704 |N| Application AddAocItem: Found AddOnContent with TitleId 0100B040117430C4 @ 'C:\Users\[redacted]\Downloads\Monster Hunter Rise [NSP]\264 DLC\Monster Hunter Rise [DLC Summer Belt Hunter Layered Armor Piece] [0100B040117430C4][v0].nsp'
00:00:00.704 |N| Application AddAocItem: Found AddOnContent with TitleId 0100B040117430C3 @ 'C:\Users\[redacted]\Downloads\Monster Hunter Rise [NSP]\264 DLC\Monster Hunter Rise [DLC Summer Bracelets Hunter Layered Armor Piece] [0100B040117430C3][v0].nsp'
00:00:00.705 |N| Application AddAocItem: Found AddOnContent with TitleId 0100B040117430C1 @ 'C:\Users\[redacted]\Downloads\Monster Hunter Rise [NSP]\264 DLC\Monster Hunter Rise [DLC Summer Hat Hunter Layered Armor Piece] [0100B040117430C1][v0].nsp'
00:00:00.705 |N| Application AddAocItem: Found AddOnContent with TitleId 0100B040117430C5 @ 'C:\Users\[redacted]\Downloads\Monster Hunter Rise [NSP]\264 DLC\Monster Hunter Rise [DLC Summer Pants Hunter Layered Armor Piece] [0100B040117430C5][v0].nsp'
00:00:00.705 |N| Application AddAocItem: Found AddOnContent with TitleId 0100B040117430C2 @ 'C:\Users\[redacted]\Downloads\Monster Hunter Rise [NSP]\264 DLC\Monster Hunter Rise [DLC Summer Top Hunter Layered Armor Piece] [0100B040117430C2][v0].nsp'
00:00:00.705 |N| Application AddAocItem: Found AddOnContent with TitleId 0100B0401174305F @ 'C:\Users\[redacted]\Downloads\Monster Hunter Rise [NSP]\264 DLC\Monster Hunter Rise [DLC Summery Sailor Cohoot Outfit] [0100B0401174305F][v0].nsp'
00:00:00.705 |N| Application AddAocItem: Found AddOnContent with TitleId 0100B04011743091 @ 'C:\Users\[redacted]\Downloads\Monster Hunter Rise [NSP]\264 DLC\Monster Hunter Rise [DLC Sunbreak Bonus Add-On Content] [0100B04011743091][v0].nsp'
00:00:00.706 |N| Application AddAocItem: Found AddOnContent with TitleId 0100B04011743092 @ 'C:\Users\[redacted]\Downloads\Monster Hunter Rise [NSP]\264 DLC\Monster Hunter Rise [DLC Sunbreak Bonus Add-On Content] [0100B04011743092][v0].nsp'
00:00:00.706 |N| Application AddAocItem: Found AddOnContent with TitleId 0100B0401174308A @ 'C:\Users\[redacted]\Downloads\Monster Hunter Rise [NSP]\264 DLC\Monster Hunter Rise [DLC Sunbreak Deluxe Kit] [0100B0401174308A][v0].nsp'
00:00:00.706 |N| Application AddAocItem: Found AddOnContent with TitleId 0100B0401174308B @ 'C:\Users\[redacted]\Downloads\Monster Hunter Rise [NSP]\264 DLC\Monster Hunter Rise [DLC Sunbreak Deluxe Kit] [0100B0401174308B][v0].nsp'
00:00:00.706 |N| Application AddAocItem: Found AddOnContent with TitleId 0100B0401174308C @ 'C:\Users\[redacted]\Downloads\Monster Hunter Rise [NSP]\264 DLC\Monster Hunter Rise [DLC Sunbreak Deluxe Kit] [0100B0401174308C][v0].nsp'
00:00:00.706 |N| Application AddAocItem: Found AddOnContent with TitleId 0100B0401174308D @ 'C:\Users\[redacted]\Downloads\Monster Hunter Rise [NSP]\264 DLC\Monster Hunter Rise [DLC Sunbreak Deluxe Kit] [0100B0401174308D][v0].nsp'
00:00:00.707 |N| Application AddAocItem: Found AddOnContent with TitleId 0100B0401174308E @ 'C:\Users\[redacted]\Downloads\Monster Hunter Rise [NSP]\264 DLC\Monster Hunter Rise [DLC Sunbreak Deluxe Kit] [0100B0401174308E][v0].nsp'
00:00:00.710 |N| Application AddAocItem: Found AddOnContent with TitleId 0100B0401174308F @ 'C:\Users\[redacted]\Downloads\Monster Hunter Rise [NSP]\264 DLC\Monster Hunter Rise [DLC Sunbreak Deluxe Kit] [0100B0401174308F][v0].nsp'
00:00:00.711 |N| Application AddAocItem: Found AddOnContent with TitleId 0100B04011743090 @ 'C:\Users\[redacted]\Downloads\Monster Hunter Rise [NSP]\264 DLC\Monster Hunter Rise [DLC Sunbreak Deluxe Kit] [0100B04011743090][v0].nsp'
00:00:00.711 |N| Application AddAocItem: Found AddOnContent with TitleId 0100B04011743089 @ 'C:\Users\[redacted]\Downloads\Monster Hunter Rise [NSP]\264 DLC\Monster Hunter Rise [DLC Sunbreak] [0100B04011743089][v0].nsp'
00:00:00.711 |N| Application AddAocItem: Found AddOnContent with TitleId 0100B04011743043 @ 'C:\Users\[redacted]\Downloads\Monster Hunter Rise [NSP]\264 DLC\Monster Hunter Rise [DLC Swallow Boots Hunter Layered Armor Piece] [0100B04011743043][v0].nsp'
00:00:00.711 |N| Application AddAocItem: Found AddOnContent with TitleId 0100B04011743042 @ 'C:\Users\[redacted]\Downloads\Monster Hunter Rise [NSP]\264 DLC\Monster Hunter Rise [DLC Swallow Gloves Hunter Layered Armor Piece] [0100B04011743042][v0].nsp'
00:00:00.712 |N| Application AddAocItem: Found AddOnContent with TitleId 0100B04011743041 @ 'C:\Users\[redacted]\Downloads\Monster Hunter Rise [NSP]\264 DLC\Monster Hunter Rise [DLC Swallow Shirt Hunter Layered Armor Piece] [0100B04011743041][v0].nsp'
00:00:00.712 |N| Application AddAocItem: Found AddOnContent with TitleId 0100B04011743032 @ 'C:\Users\[redacted]\Downloads\Monster Hunter Rise [NSP]\264 DLC\Monster Hunter Rise [DLC Tear Face Paint] [0100B04011743032][v0].nsp'
00:00:00.712 |N| Application AddAocItem: Found AddOnContent with TitleId 0100B04011743027 @ 'C:\Users\[redacted]\Downloads\Monster Hunter Rise [NSP]\264 DLC\Monster Hunter Rise [DLC Theater Wig Hunter layered armor piece] [0100B04011743027][v0].nsp'
00:00:00.712 |N| Application AddAocItem: Found AddOnContent with TitleId 0100B0401174305D @ 'C:\Users\[redacted]\Downloads\Monster Hunter Rise [NSP]\264 DLC\Monster Hunter Rise [DLC Third Eye Face Paint] [0100B0401174305D][v0].nsp'
00:00:00.712 |N| Application AddAocItem: Found AddOnContent with TitleId 0100B040117430A1 @ 'C:\Users\[redacted]\Downloads\Monster Hunter Rise [NSP]\264 DLC\Monster Hunter Rise [DLC Three Character Edit Vouchers Batch 2] [0100B040117430A1][v0].nsp'
00:00:00.712 |N| Application AddAocItem: Found AddOnContent with TitleId 0100B0401174302A @ 'C:\Users\[redacted]\Downloads\Monster Hunter Rise [NSP]\264 DLC\Monster Hunter Rise [DLC Three Character Edit Vouchers] [0100B0401174302A][v0].nsp'
00:00:00.713 |N| Application AddAocItem: Found AddOnContent with TitleId 0100B04011743086 @ 'C:\Users\[redacted]\Downloads\Monster Hunter Rise [NSP]\264 DLC\Monster Hunter Rise [DLC Topknot Soul Hairstyle] [0100B04011743086][v0].nsp'
00:00:00.713 |N| Application AddAocItem: Found AddOnContent with TitleId 0100B04011743063 @ 'C:\Users\[redacted]\Downloads\Monster Hunter Rise [NSP]\264 DLC\Monster Hunter Rise [DLC Traditional Dance Gesture Set] [0100B04011743063][v0].nsp'
00:00:00.713 |N| Application AddAocItem: Found AddOnContent with TitleId 0100B0401174302F @ 'C:\Users\[redacted]\Downloads\Monster Hunter Rise [NSP]\264 DLC\Monster Hunter Rise [DLC Twin Ponytails Hairstyle] [0100B0401174302F][v0].nsp'
00:00:00.713 |N| Application AddAocItem: Found AddOnContent with TitleId 0100B040117430A0 @ 'C:\Users\[redacted]\Downloads\Monster Hunter Rise [NSP]\264 DLC\Monster Hunter Rise [DLC Two Character Edit Vouchers Batch 2] [0100B040117430A0][v0].nsp'
00:00:00.713 |N| Application AddAocItem: Found AddOnContent with TitleId 0100B04011743029 @ 'C:\Users\[redacted]\Downloads\Monster Hunter Rise [NSP]\264 DLC\Monster Hunter Rise [DLC Two Character Edit Vouchers] [0100B04011743029][v0].nsp'
00:00:00.714 |N| Application AddAocItem: Found AddOnContent with TitleId 0100B040117430D0 @ 'C:\Users\[redacted]\Downloads\Monster Hunter Rise [NSP]\264 DLC\Monster Hunter Rise [DLC Unique Pose Set] [0100B040117430D0][v0].nsp'
00:00:00.714 |N| Application AddAocItem: Found AddOnContent with TitleId 0100B0401174304E @ 'C:\Users\[redacted]\Downloads\Monster Hunter Rise [NSP]\264 DLC\Monster Hunter Rise [DLC Using The Wall Pose Set] [0100B0401174304E][v0].nsp'
00:00:00.714 |N| Application AddAocItem: Found AddOnContent with TitleId 0100B0401174306C @ 'C:\Users\[redacted]\Downloads\Monster Hunter Rise [NSP]\264 DLC\Monster Hunter Rise [DLC Utsushi Cut hairstyle] [0100B0401174306C][v0].nsp'
00:00:00.714 |N| Application AddAocItem: Found AddOnContent with TitleId 0100B040117430CD @ 'C:\Users\[redacted]\Downloads\Monster Hunter Rise [NSP]\264 DLC\Monster Hunter Rise [DLC Utsushi Hunter Layered Armor Set] [0100B040117430CD][v0].nsp'
00:00:00.715 |N| Application AddAocItem: Found AddOnContent with TitleId 0100B0401174311A @ 'C:\Users\[redacted]\Downloads\Monster Hunter Rise [NSP]\264 DLC\Monster Hunter Rise [DLC Velkhana Costume Palamute Layered Armor Set] [0100B0401174311A][v0].nsp'
00:00:00.715 |N| Application AddAocItem: Found AddOnContent with TitleId 0100B040117430D4 @ 'C:\Users\[redacted]\Downloads\Monster Hunter Rise [NSP]\264 DLC\Monster Hunter Rise [DLC Wide Eyeline Makeup] [0100B040117430D4][v0].nsp'
00:00:00.715 |N| Application AddAocItem: Found AddOnContent with TitleId 0100B040117430EF @ 'C:\Users\[redacted]\Downloads\Monster Hunter Rise [NSP]\264 DLC\Monster Hunter Rise [DLC Wild and Elegant gesture set] [0100B040117430EF][v0].nsp'
00:00:00.715 |N| Application AddAocItem: Found AddOnContent with TitleId 0100B04011743126 @ 'C:\Users\[redacted]\Downloads\Monster Hunter Rise [NSP]\264 DLC\Monster Hunter Rise [DLC Wild Arms Hunter layered armor piece] [0100B04011743126][v0].nsp'
00:00:00.716 |N| Application AddAocItem: Found AddOnContent with TitleId 0100B04011743125 @ 'C:\Users\[redacted]\Downloads\Monster Hunter Rise [NSP]\264 DLC\Monster Hunter Rise [DLC Wild Body Hunter layered armor piece] [0100B04011743125][v0].nsp'
00:00:00.716 |N| Application AddAocItem: Found AddOnContent with TitleId 0100B04011743128 @ 'C:\Users\[redacted]\Downloads\Monster Hunter Rise [NSP]\264 DLC\Monster Hunter Rise [DLC Wild Legs Hunter layered armor piece] [0100B04011743128][v0].nsp'
00:00:00.716 |N| Application AddAocItem: Found AddOnContent with TitleId 0100B0401174309A @ 'C:\Users\[redacted]\Downloads\Monster Hunter Rise [NSP]\264 DLC\Monster Hunter Rise [DLC Wild Pompadour Hairstyle] [0100B0401174309A][v0].nsp'
00:00:00.716 |N| Application AddAocItem: Found AddOnContent with TitleId 0100B04011743127 @ 'C:\Users\[redacted]\Downloads\Monster Hunter Rise [NSP]\264 DLC\Monster Hunter Rise [DLC Wild Waist Hunter layered armor piece] [0100B04011743127][v0].nsp'
00:00:00.716 |N| Application AddAocItem: Found AddOnContent with TitleId 0100B0401174301B @ 'C:\Users\[redacted]\Downloads\Monster Hunter Rise [NSP]\264 DLC\Monster Hunter Rise [DLC Wind-up Cohoot Cohoot outfit] [0100B0401174301B][v0].nsp'
00:00:00.717 |N| Application AddAocItem: Found AddOnContent with TitleId 0100B04011743074 @ 'C:\Users\[redacted]\Downloads\Monster Hunter Rise [NSP]\264 DLC\Monster Hunter Rise [DLC Woofpurr Earrings Hunter Layered Armor Piece] [0100B04011743074][v0].nsp'
00:00:00.717 |N| Application AddAocItem: Found AddOnContent with TitleId 0100B04011743025 @ 'C:\Users\[redacted]\Downloads\Monster Hunter Rise [NSP]\264 DLC\Monster Hunter Rise [DLC Wyverian Earrings Hunter layered armor piece] [0100B04011743025][v0].nsp'
00:00:00.804 |I| ModLoader QueryContentsDir: Searching mods for Application 0100B04011742000 in "C:\Users\[redacted]\AppData\Roaming\Ryujinx\mods\contents"
00:00:00.804 |I| ModLoader QueryContentsDir: Searching mods for DLC 0100B0401174300C in "C:\Users\[redacted]\AppData\Roaming\Ryujinx\mods\contents"
00:00:00.804 |I| ModLoader QueryContentsDir: Searching mods for DLC 0100B0401174300D in "C:\Users\[redacted]\AppData\Roaming\Ryujinx\mods\contents"
00:00:00.805 |I| ModLoader QueryContentsDir: Searching mods for DLC 0100B0401174300E in "C:\Users\[redacted]\AppData\Roaming\Ryujinx\mods\contents"
00:00:00.805 |I| ModLoader QueryContentsDir: Searching mods for DLC 0100B0401174300F in "C:\Users\[redacted]\AppData\Roaming\Ryujinx\mods\contents"
00:00:00.805 |I| ModLoader QueryContentsDir: Searching mods for DLC 0100B04011743010 in "C:\Users\[redacted]\AppData\Roaming\Ryujinx\mods\contents"
00:00:00.805 |I| ModLoader QueryContentsDir: Searching mods for DLC 0100B04011743011 in "C:\Users\[redacted]\AppData\Roaming\Ryujinx\mods\contents"
00:00:00.805 |I| ModLoader QueryContentsDir: Searching mods for DLC 0100B04011743012 in "C:\Users\[redacted]\AppData\Roaming\Ryujinx\mods\contents"
00:00:00.805 |I| ModLoader QueryContentsDir: Searching mods for DLC 0100B04011743013 in "C:\Users\[redacted]\AppData\Roaming\Ryujinx\mods\contents"
00:00:00.805 |I| ModLoader QueryContentsDir: Searching mods for DLC 0100B04011743014 in "C:\Users\[redacted]\AppData\Roaming\Ryujinx\mods\contents"
00:00:00.805 |I| ModLoader QueryContentsDir: Searching mods for DLC 0100B04011743015 in "C:\Users\[redacted]\AppData\Roaming\Ryujinx\mods\contents"
00:00:00.805 |I| ModLoader QueryContentsDir: Searching mods for DLC 0100B04011743016 in "C:\Users\[redacted]\AppData\Roaming\Ryujinx\mods\contents"
00:00:00.805 |I| ModLoader QueryContentsDir: Searching mods for DLC 0100B04011743017 in "C:\Users\[redacted]\AppData\Roaming\Ryujinx\mods\contents"
00:00:00.805 |I| ModLoader QueryContentsDir: Searching mods for DLC 0100B04011743018 in "C:\Users\[redacted]\AppData\Roaming\Ryujinx\mods\contents"
00:00:00.805 |I| ModLoader QueryContentsDir: Searching mods for DLC 0100B04011743019 in "C:\Users\[redacted]\AppData\Roaming\Ryujinx\mods\contents"
00:00:00.805 |I| ModLoader QueryContentsDir: Searching mods for DLC 0100B0401174301A in "C:\Users\[redacted]\AppData\Roaming\Ryujinx\mods\contents"
00:00:00.805 |I| ModLoader QueryContentsDir: Searching mods for DLC 0100B0401174301B in "C:\Users\[redacted]\AppData\Roaming\Ryujinx\mods\contents"
00:00:00.806 |I| ModLoader QueryContentsDir: Searching mods for DLC 0100B0401174301C in "C:\Users\[redacted]\AppData\Roaming\Ryujinx\mods\contents"
00:00:00.806 |I| ModLoader QueryContentsDir: Searching mods for DLC 0100B0401174301D in "C:\Users\[redacted]\AppData\Roaming\Ryujinx\mods\contents"
00:00:00.806 |I| ModLoader QueryContentsDir: Searching mods for DLC 0100B0401174301E in "C:\Users\[redacted]\AppData\Roaming\Ryujinx\mods\contents"
00:00:00.806 |I| ModLoader QueryContentsDir: Searching mods for DLC 0100B0401174301F in "C:\Users\[redacted]\AppData\Roaming\Ryujinx\mods\contents"
00:00:00.806 |I| ModLoader QueryContentsDir: Searching mods for DLC 0100B04011743020 in "C:\Users\[redacted]\AppData\Roaming\Ryujinx\mods\contents"
00:00:00.806 |I| ModLoader QueryContentsDir: Searching mods for DLC 0100B04011743021 in "C:\Users\[redacted]\AppData\Roaming\Ryujinx\mods\contents"
00:00:00.806 |I| ModLoader QueryContentsDir: Searching mods for DLC 0100B04011743022 in "C:\Users\[redacted]\AppData\Roaming\Ryujinx\mods\contents"
00:00:00.806 |I| ModLoader QueryContentsDir: Searching mods for DLC 0100B04011743023 in "C:\Users\[redacted]\AppData\Roaming\Ryujinx\mods\contents"
00:00:00.806 |I| ModLoader QueryContentsDir: Searching mods for DLC 0100B04011743024 in "C:\Users\[redacted]\AppData\Roaming\Ryujinx\mods\contents"
00:00:00.806 |I| ModLoader QueryContentsDir: Searching mods for DLC 0100B04011743025 in "C:\Users\[redacted]\AppData\Roaming\Ryujinx\mods\contents"
00:00:00.806 |I| ModLoader QueryContentsDir: Searching mods for DLC 0100B04011743026 in "C:\Users\[redacted]\AppData\Roaming\Ryujinx\mods\contents"
00:00:00.806 |I| ModLoader QueryContentsDir: Searching mods for DLC 0100B04011743027 in "C:\Users\[redacted]\AppData\Roaming\Ryujinx\mods\contents"
00:00:00.806 |I| ModLoader QueryContentsDir: Searching mods for DLC 0100B04011743028 in "C:\Users\[redacted]\AppData\Roaming\Ryujinx\mods\contents"
00:00:00.806 |I| ModLoader QueryContentsDir: Searching mods for DLC 0100B04011743029 in "C:\Users\[redacted]\AppData\Roaming\Ryujinx\mods\contents"
00:00:00.807 |I| ModLoader QueryContentsDir: Searching mods for DLC 0100B0401174302A in "C:\Users\[redacted]\AppData\Roaming\Ryujinx\mods\contents"
00:00:00.807 |I| ModLoader QueryContentsDir: Searching mods for DLC 0100B0401174302B in "C:\Users\[redacted]\AppData\Roaming\Ryujinx\mods\contents"
00:00:00.807 |I| ModLoader QueryContentsDir: Searching mods for DLC 0100B0401174302C in "C:\Users\[redacted]\AppData\Roaming\Ryujinx\mods\contents"
00:00:00.807 |I| ModLoader QueryContentsDir: Searching mods for DLC 0100B0401174302D in "C:\Users\[redacted]\AppData\Roaming\Ryujinx\mods\contents"
00:00:00.807 |I| ModLoader QueryContentsDir: Searching mods for DLC 0100B0401174302E in "C:\Users\[redacted]\AppData\Roaming\Ryujinx\mods\contents"
00:00:00.807 |I| ModLoader QueryContentsDir: Searching mods for DLC 0100B0401174302F in "C:\Users\[redacted]\AppData\Roaming\Ryujinx\mods\contents"
00:00:00.807 |I| ModLoader QueryContentsDir: Searching mods for DLC 0100B04011743030 in "C:\Users\[redacted]\AppData\Roaming\Ryujinx\mods\contents"
00:00:00.807 |I| ModLoader QueryContentsDir: Searching mods for DLC 0100B04011743031 in "C:\Users\[redacted]\AppData\Roaming\Ryujinx\mods\contents"
00:00:00.807 |I| ModLoader QueryContentsDir: Searching mods for DLC 0100B04011743032 in "C:\Users\[redacted]\AppData\Roaming\Ryujinx\mods\contents"
00:00:00.807 |I| ModLoader QueryContentsDir: Searching mods for DLC 0100B04011743033 in "C:\Users\[redacted]\AppData\Roaming\Ryujinx\mods\contents"
00:00:00.807 |I| ModLoader QueryContentsDir: Searching mods for DLC 0100B04011743034 in "C:\Users\[redacted]\AppData\Roaming\Ryujinx\mods\contents"
00:00:00.807 |I| ModLoader QueryContentsDir: Searching mods for DLC 0100B04011743035 in "C:\Users\[redacted]\AppData\Roaming\Ryujinx\mods\contents"
00:00:00.807 |I| ModLoader QueryContentsDir: Searching mods for DLC 0100B04011743036 in "C:\Users\[redacted]\AppData\Roaming\Ryujinx\mods\contents"
00:00:00.807 |I| ModLoader QueryContentsDir: Searching mods for DLC 0100B04011743037 in "C:\Users\[redacted]\AppData\Roaming\Ryujinx\mods\contents"
00:00:00.808 |I| ModLoader QueryContentsDir: Searching mods for DLC 0100B04011743038 in "C:\Users\[redacted]\AppData\Roaming\Ryujinx\mods\contents"
00:00:00.808 |I| ModLoader QueryContentsDir: Searching mods for DLC 0100B04011743039 in "C:\Users\[redacted]\AppData\Roaming\Ryujinx\mods\contents"
00:00:00.808 |I| ModLoader QueryContentsDir: Searching mods for DLC 0100B0401174303A in "C:\Users\[redacted]\AppData\Roaming\Ryujinx\mods\contents"
00:00:00.808 |I| ModLoader QueryContentsDir: Searching mods for DLC 0100B0401174303B in "C:\Users\[redacted]\AppData\Roaming\Ryujinx\mods\contents"
00:00:00.808 |I| ModLoader QueryContentsDir: Searching mods for DLC 0100B0401174303C in "C:\Users\[redacted]\AppData\Roaming\Ryujinx\mods\contents"
00:00:00.808 |I| ModLoader QueryContentsDir: Searching mods for DLC 0100B0401174303D in "C:\Users\[redacted]\AppData\Roaming\Ryujinx\mods\contents"
00:00:00.808 |I| ModLoader QueryContentsDir: Searching mods for DLC 0100B0401174303E in "C:\Users\[redacted]\AppData\Roaming\Ryujinx\mods\contents"
00:00:00.808 |I| ModLoader QueryContentsDir: Searching mods for DLC 0100B0401174303F in "C:\Users\[redacted]\AppData\Roaming\Ryujinx\mods\contents"
00:00:00.808 |I| ModLoader QueryContentsDir: Searching mods for DLC 0100B04011743040 in "C:\Users\[redacted]\AppData\Roaming\Ryujinx\mods\contents"
00:00:00.808 |I| ModLoader QueryContentsDir: Searching mods for DLC 0100B04011743041 in "C:\Users\[redacted]\AppData\Roaming\Ryujinx\mods\contents"
00:00:00.808 |I| ModLoader QueryContentsDir: Searching mods for DLC 0100B04011743042 in "C:\Users\[redacted]\AppData\Roaming\Ryujinx\mods\contents"
00:00:00.808 |I| ModLoader QueryContentsDir: Searching mods for DLC 0100B04011743043 in "C:\Users\[redacted]\AppData\Roaming\Ryujinx\mods\contents"
00:00:00.808 |I| ModLoader QueryContentsDir: Searching mods for DLC 0100B04011743044 in "C:\Users\[redacted]\AppData\Roaming\Ryujinx\mods\contents"
00:00:00.808 |I| ModLoader QueryContentsDir: Searching mods for DLC 0100B04011743045 in "C:\Users\[redacted]\AppData\Roaming\Ryujinx\mods\contents"
00:00:00.808 |I| ModLoader QueryContentsDir: Searching mods for DLC 0100B04011743046 in "C:\Users\[redacted]\AppData\Roaming\Ryujinx\mods\contents"
00:00:00.809 |I| ModLoader QueryContentsDir: Searching mods for DLC 0100B04011743047 in "C:\Users\[redacted]\AppData\Roaming\Ryujinx\mods\contents"
00:00:00.809 |I| ModLoader QueryContentsDir: Searching mods for DLC 0100B04011743048 in "C:\Users\[redacted]\AppData\Roaming\Ryujinx\mods\contents"
00:00:00.809 |I| ModLoader QueryContentsDir: Searching mods for DLC 0100B04011743049 in "C:\Users\[redacted]\AppData\Roaming\Ryujinx\mods\contents"
00:00:00.809 |I| ModLoader QueryContentsDir: Searching mods for DLC 0100B0401174304A in "C:\Users\[redacted]\AppData\Roaming\Ryujinx\mods\contents"
00:00:00.809 |I| ModLoader QueryContentsDir: Searching mods for DLC 0100B0401174304B in "C:\Users\[redacted]\AppData\Roaming\Ryujinx\mods\contents"
00:00:00.809 |I| ModLoader QueryContentsDir: Searching mods for DLC 0100B0401174304C in "C:\Users\[redacted]\AppData\Roaming\Ryujinx\mods\contents"
00:00:00.809 |I| ModLoader QueryContentsDir: Searching mods for DLC 0100B0401174304D in "C:\Users\[redacted]\AppData\Roaming\Ryujinx\mods\contents"
00:00:00.809 |I| ModLoader QueryContentsDir: Searching mods for DLC 0100B0401174304E in "C:\Users\[redacted]\AppData\Roaming\Ryujinx\mods\contents"
00:00:00.809 |I| ModLoader QueryContentsDir: Searching mods for DLC 0100B0401174304F in "C:\Users\[redacted]\AppData\Roaming\Ryujinx\mods\contents"
00:00:00.809 |I| ModLoader QueryContentsDir: Searching mods for DLC 0100B04011743050 in "C:\Users\[redacted]\AppData\Roaming\Ryujinx\mods\contents"
00:00:00.809 |I| ModLoader QueryContentsDir: Searching mods for DLC 0100B04011743051 in "C:\Users\[redacted]\AppData\Roaming\Ryujinx\mods\contents"
00:00:00.809 |I| ModLoader QueryContentsDir: Searching mods for DLC 0100B04011743052 in "C:\Users\[redacted]\AppData\Roaming\Ryujinx\mods\contents"
00:00:00.809 |I| ModLoader QueryContentsDir: Searching mods for DLC 0100B04011743053 in "C:\Users\[redacted]\AppData\Roaming\Ryujinx\mods\contents"
00:00:00.809 |I| ModLoader QueryContentsDir: Searching mods for DLC 0100B04011743054 in "C:\Users\[redacted]\AppData\Roaming\Ryujinx\mods\contents"
00:00:00.809 |I| ModLoader QueryContentsDir: Searching mods for DLC 0100B04011743055 in "C:\Users\[redacted]\AppData\Roaming\Ryujinx\mods\contents"
00:00:00.810 |I| ModLoader QueryContentsDir: Searching mods for DLC 0100B04011743056 in "C:\Users\[redacted]\AppData\Roaming\Ryujinx\mods\contents"
00:00:00.810 |I| ModLoader QueryContentsDir: Searching mods for DLC 0100B04011743057 in "C:\Users\[redacted]\AppData\Roaming\Ryujinx\mods\contents"
00:00:00.810 |I| ModLoader QueryContentsDir: Searching mods for DLC 0100B04011743058 in "C:\Users\[redacted]\AppData\Roaming\Ryujinx\mods\contents"
00:00:00.810 |I| ModLoader QueryContentsDir: Searching mods for DLC 0100B04011743059 in "C:\Users\[redacted]\AppData\Roaming\Ryujinx\mods\contents"
00:00:00.810 |I| ModLoader QueryContentsDir: Searching mods for DLC 0100B0401174305A in "C:\Users\[redacted]\AppData\Roaming\Ryujinx\mods\contents"
00:00:00.810 |I| ModLoader QueryContentsDir: Searching mods for DLC 0100B0401174305B in "C:\Users\[redacted]\AppData\Roaming\Ryujinx\mods\contents"
00:00:00.810 |I| ModLoader QueryContentsDir: Searching mods for DLC 0100B0401174305C in "C:\Users\[redacted]\AppData\Roaming\Ryujinx\mods\contents"
00:00:00.810 |I| ModLoader QueryContentsDir: Searching mods for DLC 0100B0401174305D in "C:\Users\[redacted]\AppData\Roaming\Ryujinx\mods\contents"
00:00:00.810 |I| ModLoader QueryContentsDir: Searching mods for DLC 0100B0401174305E in "C:\Users\[redacted]\AppData\Roaming\Ryujinx\mods\contents"
00:00:00.810 |I| ModLoader QueryContentsDir: Searching mods for DLC 0100B0401174305F in "C:\Users\[redacted]\AppData\Roaming\Ryujinx\mods\contents"
00:00:00.810 |I| ModLoader QueryContentsDir: Searching mods for DLC 0100B04011743060 in "C:\Users\[redacted]\AppData\Roaming\Ryujinx\mods\contents"
00:00:00.810 |I| ModLoader QueryContentsDir: Searching mods for DLC 0100B04011743061 in "C:\Users\[redacted]\AppData\Roaming\Ryujinx\mods\contents"
00:00:00.810 |I| ModLoader QueryContentsDir: Searching mods for DLC 0100B04011743062 in "C:\Users\[redacted]\AppData\Roaming\Ryujinx\mods\contents"
00:00:00.810 |I| ModLoader QueryContentsDir: Searching mods for DLC 0100B04011743063 in "C:\Users\[redacted]\AppData\Roaming\Ryujinx\mods\contents"
00:00:00.810 |I| ModLoader QueryContentsDir: Searching mods for DLC 0100B04011743064 in "C:\Users\[redacted]\AppData\Roaming\Ryujinx\mods\contents"
00:00:00.811 |I| ModLoader QueryContentsDir: Searching mods for DLC 0100B04011743065 in "C:\Users\[redacted]\AppData\Roaming\Ryujinx\mods\contents"
00:00:00.811 |I| ModLoader QueryContentsDir: Searching mods for DLC 0100B04011743066 in "C:\Users\[redacted]\AppData\Roaming\Ryujinx\mods\contents"
00:00:00.811 |I| ModLoader QueryContentsDir: Searching mods for DLC 0100B04011743067 in "C:\Users\[redacted]\AppData\Roaming\Ryujinx\mods\contents"
00:00:00.811 |I| ModLoader QueryContentsDir: Searching mods for DLC 0100B04011743068 in "C:\Users\[redacted]\AppData\Roaming\Ryujinx\mods\contents"
00:00:00.811 |I| ModLoader QueryContentsDir: Searching mods for DLC 0100B04011743069 in "C:\Users\[redacted]\AppData\Roaming\Ryujinx\mods\contents"
00:00:00.811 |I| ModLoader QueryContentsDir: Searching mods for DLC 0100B0401174306A in "C:\Users\[redacted]\AppData\Roaming\Ryujinx\mods\contents"
00:00:00.811 |I| ModLoader QueryContentsDir: Searching mods for DLC 0100B0401174306B in "C:\Users\[redacted]\AppData\Roaming\Ryujinx\mods\contents"
00:00:00.811 |I| ModLoader QueryContentsDir: Searching mods for DLC 0100B0401174306C in "C:\Users\[redacted]\AppData\Roaming\Ryujinx\mods\contents"
00:00:00.811 |I| ModLoader QueryContentsDir: Searching mods for DLC 0100B0401174306D in "C:\Users\[redacted]\AppData\Roaming\Ryujinx\mods\contents"
00:00:00.811 |I| ModLoader QueryContentsDir: Searching mods for DLC 0100B0401174306E in "C:\Users\[redacted]\AppData\Roaming\Ryujinx\mods\contents"
00:00:00.811 |I| ModLoader QueryContentsDir: Searching mods for DLC 0100B0401174306F in "C:\Users\[redacted]\AppData\Roaming\Ryujinx\mods\contents"
00:00:00.811 |I| ModLoader QueryContentsDir: Searching mods for DLC 0100B04011743070 in "C:\Users\[redacted]\AppData\Roaming\Ryujinx\mods\contents"
00:00:00.811 |I| ModLoader QueryContentsDir: Searching mods for DLC 0100B04011743071 in "C:\Users\[redacted]\AppData\Roaming\Ryujinx\mods\contents"
00:00:00.811 |I| ModLoader QueryContentsDir: Searching mods for DLC 0100B04011743072 in "C:\Users\[redacted]\AppData\Roaming\Ryujinx\mods\contents"
00:00:00.811 |I| ModLoader QueryContentsDir: Searching mods for DLC 0100B04011743073 in "C:\Users\[redacted]\AppData\Roaming\Ryujinx\mods\contents"
00:00:00.812 |I| ModLoader QueryContentsDir: Searching mods for DLC 0100B04011743074 in "C:\Users\[redacted]\AppData\Roaming\Ryujinx\mods\contents"
00:00:00.812 |I| ModLoader QueryContentsDir: Searching mods for DLC 0100B04011743075 in "C:\Users\[redacted]\AppData\Roaming\Ryujinx\mods\contents"
00:00:00.812 |I| ModLoader QueryContentsDir: Searching mods for DLC 0100B04011743076 in "C:\Users\[redacted]\AppData\Roaming\Ryujinx\mods\contents"
00:00:00.812 |I| ModLoader QueryContentsDir: Searching mods for DLC 0100B04011743077 in "C:\Users\[redacted]\AppData\Roaming\Ryujinx\mods\contents"
00:00:00.812 |I| ModLoader QueryContentsDir: Searching mods for DLC 0100B04011743078 in "C:\Users\[redacted]\AppData\Roaming\Ryujinx\mods\contents"
00:00:00.812 |I| ModLoader QueryContentsDir: Searching mods for DLC 0100B04011743079 in "C:\Users\[redacted]\AppData\Roaming\Ryujinx\mods\contents"
00:00:00.812 |I| ModLoader QueryContentsDir: Searching mods for DLC 0100B0401174307A in "C:\Users\[redacted]\AppData\Roaming\Ryujinx\mods\contents"
00:00:00.812 |I| ModLoader QueryContentsDir: Searching mods for DLC 0100B0401174307B in "C:\Users\[redacted]\AppData\Roaming\Ryujinx\mods\contents"
00:00:00.812 |I| ModLoader QueryContentsDir: Searching mods for DLC 0100B0401174307C in "C:\Users\[redacted]\AppData\Roaming\Ryujinx\mods\contents"
00:00:00.812 |I| ModLoader QueryContentsDir: Searching mods for DLC 0100B0401174307D in "C:\Users\[redacted]\AppData\Roaming\Ryujinx\mods\contents"
00:00:00.812 |I| ModLoader QueryContentsDir: Searching mods for DLC 0100B0401174307E in "C:\Users\[redacted]\AppData\Roaming\Ryujinx\mods\contents"
00:00:00.812 |I| ModLoader QueryContentsDir: Searching mods for DLC 0100B0401174307F in "C:\Users\[redacted]\AppData\Roaming\Ryujinx\mods\contents"
00:00:00.812 |I| ModLoader QueryContentsDir: Searching mods for DLC 0100B04011743080 in "C:\Users\[redacted]\AppData\Roaming\Ryujinx\mods\contents"
00:00:00.812 |I| ModLoader QueryContentsDir: Searching mods for DLC 0100B04011743081 in "C:\Users\[redacted]\AppData\Roaming\Ryujinx\mods\contents"
00:00:00.812 |I| ModLoader QueryContentsDir: Searching mods for DLC 0100B04011743082 in "C:\Users\[redacted]\AppData\Roaming\Ryujinx\mods\contents"
00:00:00.813 |I| ModLoader QueryContentsDir: Searching mods for DLC 0100B04011743083 in "C:\Users\[redacted]\AppData\Roaming\Ryujinx\mods\contents"
00:00:00.813 |I| ModLoader QueryContentsDir: Searching mods for DLC 0100B04011743084 in "C:\Users\[redacted]\AppData\Roaming\Ryujinx\mods\contents"
00:00:00.813 |I| ModLoader QueryContentsDir: Searching mods for DLC 0100B04011743085 in "C:\Users\[redacted]\AppData\Roaming\Ryujinx\mods\contents"
00:00:00.813 |I| ModLoader QueryContentsDir: Searching mods for DLC 0100B04011743086 in "C:\Users\[redacted]\AppData\Roaming\Ryujinx\mods\contents"
00:00:00.813 |I| ModLoader QueryContentsDir: Searching mods for DLC 0100B04011743087 in "C:\Users\[redacted]\AppData\Roaming\Ryujinx\mods\contents"
00:00:00.813 |I| ModLoader QueryContentsDir: Searching mods for DLC 0100B04011743088 in "C:\Users\[redacted]\AppData\Roaming\Ryujinx\mods\contents"
00:00:00.813 |I| ModLoader QueryContentsDir: Searching mods for DLC 0100B04011743089 in "C:\Users\[redacted]\AppData\Roaming\Ryujinx\mods\contents"
00:00:00.813 |I| ModLoader QueryContentsDir: Searching mods for DLC 0100B0401174308A in "C:\Users\[redacted]\AppData\Roaming\Ryujinx\mods\contents"
00:00:00.813 |I| ModLoader QueryContentsDir: Searching mods for DLC 0100B0401174308B in "C:\Users\[redacted]\AppData\Roaming\Ryujinx\mods\contents"
00:00:00.813 |I| ModLoader QueryContentsDir: Searching mods for DLC 0100B0401174308C in "C:\Users\[redacted]\AppData\Roaming\Ryujinx\mods\contents"
00:00:00.813 |I| ModLoader QueryContentsDir: Searching mods for DLC 0100B0401174308D in "C:\Users\[redacted]\AppData\Roaming\Ryujinx\mods\contents"
00:00:00.813 |I| ModLoader QueryContentsDir: Searching mods for DLC 0100B0401174308E in "C:\Users\[redacted]\AppData\Roaming\Ryujinx\mods\contents"
00:00:00.813 |I| ModLoader QueryContentsDir: Searching mods for DLC 0100B0401174308F in "C:\Users\[redacted]\AppData\Roaming\Ryujinx\mods\contents"
00:00:00.813 |I| ModLoader QueryContentsDir: Searching mods for DLC 0100B04011743090 in "C:\Users\[redacted]\AppData\Roaming\Ryujinx\mods\contents"
00:00:00.813 |I| ModLoader QueryContentsDir: Searching mods for DLC 0100B04011743091 in "C:\Users\[redacted]\AppData\Roaming\Ryujinx\mods\contents"
00:00:00.814 |I| ModLoader QueryContentsDir: Searching mods for DLC 0100B04011743092 in "C:\Users\[redacted]\AppData\Roaming\Ryujinx\mods\contents"
00:00:00.814 |I| ModLoader QueryContentsDir: Searching mods for DLC 0100B04011743093 in "C:\Users\[redacted]\AppData\Roaming\Ryujinx\mods\contents"
00:00:00.814 |I| ModLoader QueryContentsDir: Searching mods for DLC 0100B04011743094 in "C:\Users\[redacted]\AppData\Roaming\Ryujinx\mods\contents"
00:00:00.814 |I| ModLoader QueryContentsDir: Searching mods for DLC 0100B04011743095 in "C:\Users\[redacted]\AppData\Roaming\Ryujinx\mods\contents"
00:00:00.814 |I| ModLoader QueryContentsDir: Searching mods for DLC 0100B04011743096 in "C:\Users\[redacted]\AppData\Roaming\Ryujinx\mods\contents"
00:00:00.814 |I| ModLoader QueryContentsDir: Searching mods for DLC 0100B04011743097 in "C:\Users\[redacted]\AppData\Roaming\Ryujinx\mods\contents"
00:00:00.814 |I| ModLoader QueryContentsDir: Searching mods for DLC 0100B04011743098 in "C:\Users\[redacted]\AppData\Roaming\Ryujinx\mods\contents"
00:00:00.814 |I| ModLoader QueryContentsDir: Searching mods for DLC 0100B04011743099 in "C:\Users\[redacted]\AppData\Roaming\Ryujinx\mods\contents"
00:00:00.814 |I| ModLoader QueryContentsDir: Searching mods for DLC 0100B0401174309A in "C:\Users\[redacted]\AppData\Roaming\Ryujinx\mods\contents"
00:00:00.814 |I| ModLoader QueryContentsDir: Searching mods for DLC 0100B0401174309B in "C:\Users\[redacted]\AppData\Roaming\Ryujinx\mods\contents"
00:00:00.814 |I| ModLoader QueryContentsDir: Searching mods for DLC 0100B0401174309C in "C:\Users\[redacted]\AppData\Roaming\Ryujinx\mods\contents"
00:00:00.814 |I| ModLoader QueryContentsDir: Searching mods for DLC 0100B0401174309D in "C:\Users\[redacted]\AppData\Roaming\Ryujinx\mods\contents"
00:00:00.814 |I| ModLoader QueryContentsDir: Searching mods for DLC 0100B0401174309E in "C:\Users\[redacted]\AppData\Roaming\Ryujinx\mods\contents"
00:00:00.814 |I| ModLoader QueryContentsDir: Searching mods for DLC 0100B0401174309F in "C:\Users\[redacted]\AppData\Roaming\Ryujinx\mods\contents"
00:00:00.814 |I| ModLoader QueryContentsDir: Searching mods for DLC 0100B040117430A0 in "C:\Users\[redacted]\AppData\Roaming\Ryujinx\mods\contents"
00:00:00.815 |I| ModLoader QueryContentsDir: Searching mods for DLC 0100B040117430A1 in "C:\Users\[redacted]\AppData\Roaming\Ryujinx\mods\contents"
00:00:00.815 |I| ModLoader QueryContentsDir: Searching mods for DLC 0100B040117430BA in "C:\Users\[redacted]\AppData\Roaming\Ryujinx\mods\contents"
00:00:00.815 |I| ModLoader QueryContentsDir: Searching mods for DLC 0100B040117430BB in "C:\Users\[redacted]\AppData\Roaming\Ryujinx\mods\contents"
00:00:00.815 |I| ModLoader QueryContentsDir: Searching mods for DLC 0100B040117430BC in "C:\Users\[redacted]\AppData\Roaming\Ryujinx\mods\contents"
00:00:00.815 |I| ModLoader QueryContentsDir: Searching mods for DLC 0100B040117430BD in "C:\Users\[redacted]\AppData\Roaming\Ryujinx\mods\contents"
00:00:00.815 |I| ModLoader QueryContentsDir: Searching mods for DLC 0100B040117430BE in "C:\Users\[redacted]\AppData\Roaming\Ryujinx\mods\contents"
00:00:00.815 |I| ModLoader QueryContentsDir: Searching mods for DLC 0100B040117430BF in "C:\Users\[redacted]\AppData\Roaming\Ryujinx\mods\contents"
00:00:00.815 |I| ModLoader QueryContentsDir: Searching mods for DLC 0100B040117430C0 in "C:\Users\[redacted]\AppData\Roaming\Ryujinx\mods\contents"
00:00:00.815 |I| ModLoader QueryContentsDir: Searching mods for DLC 0100B040117430C1 in "C:\Users\[redacted]\AppData\Roaming\Ryujinx\mods\contents"
00:00:00.815 |I| ModLoader QueryContentsDir: Searching mods for DLC 0100B040117430C2 in "C:\Users\[redacted]\AppData\Roaming\Ryujinx\mods\contents"
00:00:00.815 |I| ModLoader QueryContentsDir: Searching mods for DLC 0100B040117430C3 in "C:\Users\[redacted]\AppData\Roaming\Ryujinx\mods\contents"
00:00:00.815 |I| ModLoader QueryContentsDir: Searching mods for DLC 0100B040117430C4 in "C:\Users\[redacted]\AppData\Roaming\Ryujinx\mods\contents"
00:00:00.815 |I| ModLoader QueryContentsDir: Searching mods for DLC 0100B040117430C5 in "C:\Users\[redacted]\AppData\Roaming\Ryujinx\mods\contents"
00:00:00.815 |I| ModLoader QueryContentsDir: Searching mods for DLC 0100B040117430C6 in "C:\Users\[redacted]\AppData\Roaming\Ryujinx\mods\contents"
00:00:00.815 |I| ModLoader QueryContentsDir: Searching mods for DLC 0100B040117430C7 in "C:\Users\[redacted]\AppData\Roaming\Ryujinx\mods\contents"
00:00:00.816 |I| ModLoader QueryContentsDir: Searching mods for DLC 0100B040117430C8 in "C:\Users\[redacted]\AppData\Roaming\Ryujinx\mods\contents"
00:00:00.816 |I| ModLoader QueryContentsDir: Searching mods for DLC 0100B040117430C9 in "C:\Users\[redacted]\AppData\Roaming\Ryujinx\mods\contents"
00:00:00.816 |I| ModLoader QueryContentsDir: Searching mods for DLC 0100B040117430CA in "C:\Users\[redacted]\AppData\Roaming\Ryujinx\mods\contents"
00:00:00.816 |I| ModLoader QueryContentsDir: Searching mods for DLC 0100B040117430CB in "C:\Users\[redacted]\AppData\Roaming\Ryujinx\mods\contents"
00:00:00.816 |I| ModLoader QueryContentsDir: Searching mods for DLC 0100B040117430CC in "C:\Users\[redacted]\AppData\Roaming\Ryujinx\mods\contents"
00:00:00.816 |I| ModLoader QueryContentsDir: Searching mods for DLC 0100B040117430CD in "C:\Users\[redacted]\AppData\Roaming\Ryujinx\mods\contents"
00:00:00.816 |I| ModLoader QueryContentsDir: Searching mods for DLC 0100B040117430CE in "C:\Users\[redacted]\AppData\Roaming\Ryujinx\mods\contents"
00:00:00.816 |I| ModLoader QueryContentsDir: Searching mods for DLC 0100B040117430CF in "C:\Users\[redacted]\AppData\Roaming\Ryujinx\mods\contents"
00:00:00.816 |I| ModLoader QueryContentsDir: Searching mods for DLC 0100B040117430D0 in "C:\Users\[redacted]\AppData\Roaming\Ryujinx\mods\contents"
00:00:00.816 |I| ModLoader QueryContentsDir: Searching mods for DLC 0100B040117430D1 in "C:\Users\[redacted]\AppData\Roaming\Ryujinx\mods\contents"
00:00:00.816 |I| ModLoader QueryContentsDir: Searching mods for DLC 0100B040117430D2 in "C:\Users\[redacted]\AppData\Roaming\Ryujinx\mods\contents"
00:00:00.816 |I| ModLoader QueryContentsDir: Searching mods for DLC 0100B040117430D3 in "C:\Users\[redacted]\AppData\Roaming\Ryujinx\mods\contents"
00:00:00.816 |I| ModLoader QueryContentsDir: Searching mods for DLC 0100B040117430D4 in "C:\Users\[redacted]\AppData\Roaming\Ryujinx\mods\contents"
00:00:00.816 |I| ModLoader QueryContentsDir: Searching mods for DLC 0100B040117430D5 in "C:\Users\[redacted]\AppData\Roaming\Ryujinx\mods\contents"
00:00:00.816 |I| ModLoader QueryContentsDir: Searching mods for DLC 0100B040117430D6 in "C:\Users\[redacted]\AppData\Roaming\Ryujinx\mods\contents"
00:00:00.817 |I| ModLoader QueryContentsDir: Searching mods for DLC 0100B040117430D7 in "C:\Users\[redacted]\AppData\Roaming\Ryujinx\mods\contents"
00:00:00.817 |I| ModLoader QueryContentsDir: Searching mods for DLC 0100B040117430D8 in "C:\Users\[redacted]\AppData\Roaming\Ryujinx\mods\contents"
00:00:00.817 |I| ModLoader QueryContentsDir: Searching mods for DLC 0100B040117430D9 in "C:\Users\[redacted]\AppData\Roaming\Ryujinx\mods\contents"
00:00:00.817 |I| ModLoader QueryContentsDir: Searching mods for DLC 0100B040117430DA in "C:\Users\[redacted]\AppData\Roaming\Ryujinx\mods\contents"
00:00:00.817 |I| ModLoader QueryContentsDir: Searching mods for DLC 0100B040117430DB in "C:\Users\[redacted]\AppData\Roaming\Ryujinx\mods\contents"
00:00:00.817 |I| ModLoader QueryContentsDir: Searching mods for DLC 0100B040117430DC in "C:\Users\[redacted]\AppData\Roaming\Ryujinx\mods\contents"
00:00:00.817 |I| ModLoader QueryContentsDir: Searching mods for DLC 0100B040117430DD in "C:\Users\[redacted]\AppData\Roaming\Ryujinx\mods\contents"
00:00:00.817 |I| ModLoader QueryContentsDir: Searching mods for DLC 0100B040117430DE in "C:\Users\[redacted]\AppData\Roaming\Ryujinx\mods\contents"
00:00:00.817 |I| ModLoader QueryContentsDir: Searching mods for DLC 0100B040117430DF in "C:\Users\[redacted]\AppData\Roaming\Ryujinx\mods\contents"
00:00:00.817 |I| ModLoader QueryContentsDir: Searching mods for DLC 0100B040117430E0 in "C:\Users\[redacted]\AppData\Roaming\Ryujinx\mods\contents"
00:00:00.817 |I| ModLoader QueryContentsDir: Searching mods for DLC 0100B040117430E1 in "C:\Users\[redacted]\AppData\Roaming\Ryujinx\mods\contents"
00:00:00.817 |I| ModLoader QueryContentsDir: Searching mods for DLC 0100B040117430E2 in "C:\Users\[redacted]\AppData\Roaming\Ryujinx\mods\contents"
00:00:00.817 |I| ModLoader QueryContentsDir: Searching mods for DLC 0100B040117430E3 in "C:\Users\[redacted]\AppData\Roaming\Ryujinx\mods\contents"
00:00:00.817 |I| ModLoader QueryContentsDir: Searching mods for DLC 0100B040117430E4 in "C:\Users\[redacted]\AppData\Roaming\Ryujinx\mods\contents"
00:00:00.817 |I| ModLoader QueryContentsDir: Searching mods for DLC 0100B040117430E5 in "C:\Users\[redacted]\AppData\Roaming\Ryujinx\mods\contents"
00:00:00.818 |I| ModLoader QueryContentsDir: Searching mods for DLC 0100B040117430E6 in "C:\Users\[redacted]\AppData\Roaming\Ryujinx\mods\contents"
00:00:00.818 |I| ModLoader QueryContentsDir: Searching mods for DLC 0100B040117430E7 in "C:\Users\[redacted]\AppData\Roaming\Ryujinx\mods\contents"
00:00:00.818 |I| ModLoader QueryContentsDir: Searching mods for DLC 0100B040117430E8 in "C:\Users\[redacted]\AppData\Roaming\Ryujinx\mods\contents"
00:00:00.818 |I| ModLoader QueryContentsDir: Searching mods for DLC 0100B040117430E9 in "C:\Users\[redacted]\AppData\Roaming\Ryujinx\mods\contents"
00:00:00.818 |I| ModLoader QueryContentsDir: Searching mods for DLC 0100B040117430EA in "C:\Users\[redacted]\AppData\Roaming\Ryujinx\mods\contents"
00:00:00.818 |I| ModLoader QueryContentsDir: Searching mods for DLC 0100B040117430EB in "C:\Users\[redacted]\AppData\Roaming\Ryujinx\mods\contents"
00:00:00.818 |I| ModLoader QueryContentsDir: Searching mods for DLC 0100B040117430EC in "C:\Users\[redacted]\AppData\Roaming\Ryujinx\mods\contents"
00:00:00.818 |I| ModLoader QueryContentsDir: Searching mods for DLC 0100B040117430ED in "C:\Users\[redacted]\AppData\Roaming\Ryujinx\mods\contents"
00:00:00.818 |I| ModLoader QueryContentsDir: Searching mods for DLC 0100B040117430EE in "C:\Users\[redacted]\AppData\Roaming\Ryujinx\mods\contents"
00:00:00.818 |I| ModLoader QueryContentsDir: Searching mods for DLC 0100B040117430EF in "C:\Users\[redacted]\AppData\Roaming\Ryujinx\mods\contents"
00:00:00.818 |I| ModLoader QueryContentsDir: Searching mods for DLC 0100B040117430F0 in "C:\Users\[redacted]\AppData\Roaming\Ryujinx\mods\contents"
00:00:00.818 |I| ModLoader QueryContentsDir: Searching mods for DLC 0100B040117430F1 in "C:\Users\[redacted]\AppData\Roaming\Ryujinx\mods\contents"
00:00:00.818 |I| ModLoader QueryContentsDir: Searching mods for DLC 0100B040117430F2 in "C:\Users\[redacted]\AppData\Roaming\Ryujinx\mods\contents"
00:00:00.818 |I| ModLoader QueryContentsDir: Searching mods for DLC 0100B040117430F3 in "C:\Users\[redacted]\AppData\Roaming\Ryujinx\mods\contents"
00:00:00.818 |I| ModLoader QueryContentsDir: Searching mods for DLC 0100B040117430F4 in "C:\Users\[redacted]\AppData\Roaming\Ryujinx\mods\contents"
00:00:00.819 |I| ModLoader QueryContentsDir: Searching mods for DLC 0100B040117430F5 in "C:\Users\[redacted]\AppData\Roaming\Ryujinx\mods\contents"
00:00:00.819 |I| ModLoader QueryContentsDir: Searching mods for DLC 0100B040117430F6 in "C:\Users\[redacted]\AppData\Roaming\Ryujinx\mods\contents"
00:00:00.819 |I| ModLoader QueryContentsDir: Searching mods for DLC 0100B040117430F7 in "C:\Users\[redacted]\AppData\Roaming\Ryujinx\mods\contents"
00:00:00.819 |I| ModLoader QueryContentsDir: Searching mods for DLC 0100B040117430F8 in "C:\Users\[redacted]\AppData\Roaming\Ryujinx\mods\contents"
00:00:00.819 |I| ModLoader QueryContentsDir: Searching mods for DLC 0100B040117430F9 in "C:\Users\[redacted]\AppData\Roaming\Ryujinx\mods\contents"
00:00:00.819 |I| ModLoader QueryContentsDir: Searching mods for DLC 0100B040117430FA in "C:\Users\[redacted]\AppData\Roaming\Ryujinx\mods\contents"
00:00:00.819 |I| ModLoader QueryContentsDir: Searching mods for DLC 0100B040117430FB in "C:\Users\[redacted]\AppData\Roaming\Ryujinx\mods\contents"
00:00:00.819 |I| ModLoader QueryContentsDir: Searching mods for DLC 0100B040117430FC in "C:\Users\[redacted]\AppData\Roaming\Ryujinx\mods\contents"
00:00:00.819 |I| ModLoader QueryContentsDir: Searching mods for DLC 0100B040117430FD in "C:\Users\[redacted]\AppData\Roaming\Ryujinx\mods\contents"
00:00:00.819 |I| ModLoader QueryContentsDir: Searching mods for DLC 0100B040117430FE in "C:\Users\[redacted]\AppData\Roaming\Ryujinx\mods\contents"
00:00:00.819 |I| ModLoader QueryContentsDir: Searching mods for DLC 0100B040117430FF in "C:\Users\[redacted]\AppData\Roaming\Ryujinx\mods\contents"
00:00:00.819 |I| ModLoader QueryContentsDir: Searching mods for DLC 0100B04011743100 in "C:\Users\[redacted]\AppData\Roaming\Ryujinx\mods\contents"
00:00:00.819 |I| ModLoader QueryContentsDir: Searching mods for DLC 0100B04011743101 in "C:\Users\[redacted]\AppData\Roaming\Ryujinx\mods\contents"
00:00:00.819 |I| ModLoader QueryContentsDir: Searching mods for DLC 0100B04011743102 in "C:\Users\[redacted]\AppData\Roaming\Ryujinx\mods\contents"
00:00:00.819 |I| ModLoader QueryContentsDir: Searching mods for DLC 0100B04011743103 in "C:\Users\[redacted]\AppData\Roaming\Ryujinx\mods\contents"
00:00:00.820 |I| ModLoader QueryContentsDir: Searching mods for DLC 0100B04011743104 in "C:\Users\[redacted]\AppData\Roaming\Ryujinx\mods\contents"
00:00:00.820 |I| ModLoader QueryContentsDir: Searching mods for DLC 0100B04011743105 in "C:\Users\[redacted]\AppData\Roaming\Ryujinx\mods\contents"
00:00:00.820 |I| ModLoader QueryContentsDir: Searching mods for DLC 0100B04011743106 in "C:\Users\[redacted]\AppData\Roaming\Ryujinx\mods\contents"
00:00:00.820 |I| ModLoader QueryContentsDir: Searching mods for DLC 0100B04011743107 in "C:\Users\[redacted]\AppData\Roaming\Ryujinx\mods\contents"
00:00:00.820 |I| ModLoader QueryContentsDir: Searching mods for DLC 0100B04011743108 in "C:\Users\[redacted]\AppData\Roaming\Ryujinx\mods\contents"
00:00:00.820 |I| ModLoader QueryContentsDir: Searching mods for DLC 0100B04011743109 in "C:\Users\[redacted]\AppData\Roaming\Ryujinx\mods\contents"
00:00:00.820 |I| ModLoader QueryContentsDir: Searching mods for DLC 0100B0401174310A in "C:\Users\[redacted]\AppData\Roaming\Ryujinx\mods\contents"
00:00:00.820 |I| ModLoader QueryContentsDir: Searching mods for DLC 0100B0401174310B in "C:\Users\[redacted]\AppData\Roaming\Ryujinx\mods\contents"
00:00:00.820 |I| ModLoader QueryContentsDir: Searching mods for DLC 0100B0401174310C in "C:\Users\[redacted]\AppData\Roaming\Ryujinx\mods\contents"
00:00:00.820 |I| ModLoader QueryContentsDir: Searching mods for DLC 0100B0401174310D in "C:\Users\[redacted]\AppData\Roaming\Ryujinx\mods\contents"
00:00:00.821 |I| ModLoader QueryContentsDir: Searching mods for DLC 0100B0401174310E in "C:\Users\[redacted]\AppData\Roaming\Ryujinx\mods\contents"
00:00:00.821 |I| ModLoader QueryContentsDir: Searching mods for DLC 0100B0401174310F in "C:\Users\[redacted]\AppData\Roaming\Ryujinx\mods\contents"
00:00:00.821 |I| ModLoader QueryContentsDir: Searching mods for DLC 0100B04011743110 in "C:\Users\[redacted]\AppData\Roaming\Ryujinx\mods\contents"
00:00:00.821 |I| ModLoader QueryContentsDir: Searching mods for DLC 0100B04011743111 in "C:\Users\[redacted]\AppData\Roaming\Ryujinx\mods\contents"
00:00:00.821 |I| ModLoader QueryContentsDir: Searching mods for DLC 0100B04011743112 in "C:\Users\[redacted]\AppData\Roaming\Ryujinx\mods\contents"
00:00:00.821 |I| ModLoader QueryContentsDir: Searching mods for DLC 0100B04011743113 in "C:\Users\[redacted]\AppData\Roaming\Ryujinx\mods\contents"
00:00:00.821 |I| ModLoader QueryContentsDir: Searching mods for DLC 0100B04011743114 in "C:\Users\[redacted]\AppData\Roaming\Ryujinx\mods\contents"
00:00:00.821 |I| ModLoader QueryContentsDir: Searching mods for DLC 0100B04011743115 in "C:\Users\[redacted]\AppData\Roaming\Ryujinx\mods\contents"
00:00:00.821 |I| ModLoader QueryContentsDir: Searching mods for DLC 0100B04011743116 in "C:\Users\[redacted]\AppData\Roaming\Ryujinx\mods\contents"
00:00:00.821 |I| ModLoader QueryContentsDir: Searching mods for DLC 0100B04011743117 in "C:\Users\[redacted]\AppData\Roaming\Ryujinx\mods\contents"
00:00:00.821 |I| ModLoader QueryContentsDir: Searching mods for DLC 0100B04011743118 in "C:\Users\[redacted]\AppData\Roaming\Ryujinx\mods\contents"
00:00:00.821 |I| ModLoader QueryContentsDir: Searching mods for DLC 0100B04011743119 in "C:\Users\[redacted]\AppData\Roaming\Ryujinx\mods\contents"
00:00:00.821 |I| ModLoader QueryContentsDir: Searching mods for DLC 0100B0401174311A in "C:\Users\[redacted]\AppData\Roaming\Ryujinx\mods\contents"
00:00:00.821 |I| ModLoader QueryContentsDir: Searching mods for DLC 0100B0401174311B in "C:\Users\[redacted]\AppData\Roaming\Ryujinx\mods\contents"
00:00:00.821 |I| ModLoader QueryContentsDir: Searching mods for DLC 0100B0401174311C in "C:\Users\[redacted]\AppData\Roaming\Ryujinx\mods\contents"
00:00:00.822 |I| ModLoader QueryContentsDir: Searching mods for DLC 0100B0401174311D in "C:\Users\[redacted]\AppData\Roaming\Ryujinx\mods\contents"
00:00:00.822 |I| ModLoader QueryContentsDir: Searching mods for DLC 0100B0401174311E in "C:\Users\[redacted]\AppData\Roaming\Ryujinx\mods\contents"
00:00:00.822 |I| ModLoader QueryContentsDir: Searching mods for DLC 0100B0401174311F in "C:\Users\[redacted]\AppData\Roaming\Ryujinx\mods\contents"
00:00:00.822 |I| ModLoader QueryContentsDir: Searching mods for DLC 0100B04011743120 in "C:\Users\[redacted]\AppData\Roaming\Ryujinx\mods\contents"
00:00:00.822 |I| ModLoader QueryContentsDir: Searching mods for DLC 0100B04011743121 in "C:\Users\[redacted]\AppData\Roaming\Ryujinx\mods\contents"
00:00:00.822 |I| ModLoader QueryContentsDir: Searching mods for DLC 0100B04011743122 in "C:\Users\[redacted]\AppData\Roaming\Ryujinx\mods\contents"
00:00:00.822 |I| ModLoader QueryContentsDir: Searching mods for DLC 0100B04011743123 in "C:\Users\[redacted]\AppData\Roaming\Ryujinx\mods\contents"
00:00:00.822 |I| ModLoader QueryContentsDir: Searching mods for DLC 0100B04011743125 in "C:\Users\[redacted]\AppData\Roaming\Ryujinx\mods\contents"
00:00:00.822 |I| ModLoader QueryContentsDir: Searching mods for DLC 0100B04011743126 in "C:\Users\[redacted]\AppData\Roaming\Ryujinx\mods\contents"
00:00:00.822 |I| ModLoader QueryContentsDir: Searching mods for DLC 0100B04011743127 in "C:\Users\[redacted]\AppData\Roaming\Ryujinx\mods\contents"
00:00:00.822 |I| ModLoader QueryContentsDir: Searching mods for DLC 0100B04011743128 in "C:\Users\[redacted]\AppData\Roaming\Ryujinx\mods\contents"
00:00:00.822 |I| ModLoader QueryContentsDir: Searching mods for DLC 0100B04011743129 in "C:\Users\[redacted]\AppData\Roaming\Ryujinx\mods\contents"
00:00:00.822 |I| ModLoader QueryContentsDir: Searching mods for DLC 0100B0401174312A in "C:\Users\[redacted]\AppData\Roaming\Ryujinx\mods\contents"
00:00:00.822 |I| ModLoader QueryContentsDir: Searching mods for DLC 0100B0401174312B in "C:\Users\[redacted]\AppData\Roaming\Ryujinx\mods\contents"
00:00:00.822 |I| ModLoader QueryContentsDir: Searching mods for DLC 0100B0401174312C in "C:\Users\[redacted]\AppData\Roaming\Ryujinx\mods\contents"
00:00:00.824 |I| ModLoader QueryContentsDir: Searching mods for Application 0100B04011742000 in "C:\Users\[redacted]\AppData\Roaming\Ryujinx\sdcard\atmosphere\contents"
00:00:00.824 |I| ModLoader QueryContentsDir: Searching mods for DLC 0100B0401174300C in "C:\Users\[redacted]\AppData\Roaming\Ryujinx\sdcard\atmosphere\contents"
00:00:00.824 |I| ModLoader QueryContentsDir: Searching mods for DLC 0100B0401174300D in "C:\Users\[redacted]\AppData\Roaming\Ryujinx\sdcard\atmosphere\contents"
00:00:00.824 |I| ModLoader QueryContentsDir: Searching mods for DLC 0100B0401174300E in "C:\Users\[redacted]\AppData\Roaming\Ryujinx\sdcard\atmosphere\contents"
00:00:00.824 |I| ModLoader QueryContentsDir: Searching mods for DLC 0100B0401174300F in "C:\Users\[redacted]\AppData\Roaming\Ryujinx\sdcard\atmosphere\contents"
00:00:00.824 |I| ModLoader QueryContentsDir: Searching mods for DLC 0100B04011743010 in "C:\Users\[redacted]\AppData\Roaming\Ryujinx\sdcard\atmosphere\contents"
00:00:00.824 |I| ModLoader QueryContentsDir: Searching mods for DLC 0100B04011743011 in "C:\Users\[redacted]\AppData\Roaming\Ryujinx\sdcard\atmosphere\contents"
00:00:00.824 |I| ModLoader QueryContentsDir: Searching mods for DLC 0100B04011743012 in "C:\Users\[redacted]\AppData\Roaming\Ryujinx\sdcard\atmosphere\contents"
00:00:00.824 |I| ModLoader QueryContentsDir: Searching mods for DLC 0100B04011743013 in "C:\Users\[redacted]\AppData\Roaming\Ryujinx\sdcard\atmosphere\contents"
00:00:00.824 |I| ModLoader QueryContentsDir: Searching mods for DLC 0100B04011743014 in "C:\Users\[redacted]\AppData\Roaming\Ryujinx\sdcard\atmosphere\contents"
00:00:00.825 |I| ModLoader QueryContentsDir: Searching mods for DLC 0100B04011743015 in "C:\Users\[redacted]\AppData\Roaming\Ryujinx\sdcard\atmosphere\contents"
00:00:00.825 |I| ModLoader QueryContentsDir: Searching mods for DLC 0100B04011743016 in "C:\Users\[redacted]\AppData\Roaming\Ryujinx\sdcard\atmosphere\contents"
00:00:00.825 |I| ModLoader QueryContentsDir: Searching mods for DLC 0100B04011743017 in "C:\Users\[redacted]\AppData\Roaming\Ryujinx\sdcard\atmosphere\contents"
00:00:00.825 |I| ModLoader QueryContentsDir: Searching mods for DLC 0100B04011743018 in "C:\Users\[redacted]\AppData\Roaming\Ryujinx\sdcard\atmosphere\contents"
00:00:00.825 |I| ModLoader QueryContentsDir: Searching mods for DLC 0100B04011743019 in "C:\Users\[redacted]\AppData\Roaming\Ryujinx\sdcard\atmosphere\contents"
00:00:00.825 |I| ModLoader QueryContentsDir: Searching mods for DLC 0100B0401174301A in "C:\Users\[redacted]\AppData\Roaming\Ryujinx\sdcard\atmosphere\contents"
00:00:00.825 |I| ModLoader QueryContentsDir: Searching mods for DLC 0100B0401174301B in "C:\Users\[redacted]\AppData\Roaming\Ryujinx\sdcard\atmosphere\contents"
00:00:00.825 |I| ModLoader QueryContentsDir: Searching mods for DLC 0100B0401174301C in "C:\Users\[redacted]\AppData\Roaming\Ryujinx\sdcard\atmosphere\contents"
00:00:00.825 |I| ModLoader QueryContentsDir: Searching mods for DLC 0100B0401174301D in "C:\Users\[redacted]\AppData\Roaming\Ryujinx\sdcard\atmosphere\contents"
00:00:00.825 |I| ModLoader QueryContentsDir: Searching mods for DLC 0100B0401174301E in "C:\Users\[redacted]\AppData\Roaming\Ryujinx\sdcard\atmosphere\contents"
00:00:00.825 |I| ModLoader QueryContentsDir: Searching mods for DLC 0100B0401174301F in "C:\Users\[redacted]\AppData\Roaming\Ryujinx\sdcard\atmosphere\contents"
00:00:00.825 |I| ModLoader QueryContentsDir: Searching mods for DLC 0100B04011743020 in "C:\Users\[redacted]\AppData\Roaming\Ryujinx\sdcard\atmosphere\contents"
00:00:00.825 |I| ModLoader QueryContentsDir: Searching mods for DLC 0100B04011743021 in "C:\Users\[redacted]\AppData\Roaming\Ryujinx\sdcard\atmosphere\contents"
00:00:00.825 |I| ModLoader QueryContentsDir: Searching mods for DLC 0100B04011743022 in "C:\Users\[redacted]\AppData\Roaming\Ryujinx\sdcard\atmosphere\contents"
00:00:00.826 |I| ModLoader QueryContentsDir: Searching mods for DLC 0100B04011743023 in "C:\Users\[redacted]\AppData\Roaming\Ryujinx\sdcard\atmosphere\contents"
00:00:00.826 |I| ModLoader QueryContentsDir: Searching mods for DLC 0100B04011743024 in "C:\Users\[redacted]\AppData\Roaming\Ryujinx\sdcard\atmosphere\contents"
00:00:00.826 |I| ModLoader QueryContentsDir: Searching mods for DLC 0100B04011743025 in "C:\Users\[redacted]\AppData\Roaming\Ryujinx\sdcard\atmosphere\contents"
00:00:00.826 |I| ModLoader QueryContentsDir: Searching mods for DLC 0100B04011743026 in "C:\Users\[redacted]\AppData\Roaming\Ryujinx\sdcard\atmosphere\contents"
00:00:00.826 |I| ModLoader QueryContentsDir: Searching mods for DLC 0100B04011743027 in "C:\Users\[redacted]\AppData\Roaming\Ryujinx\sdcard\atmosphere\contents"
00:00:00.826 |I| ModLoader QueryContentsDir: Searching mods for DLC 0100B04011743028 in "C:\Users\[redacted]\AppData\Roaming\Ryujinx\sdcard\atmosphere\contents"
00:00:00.826 |I| ModLoader QueryContentsDir: Searching mods for DLC 0100B04011743029 in "C:\Users\[redacted]\AppData\Roaming\Ryujinx\sdcard\atmosphere\contents"
00:00:00.826 |I| ModLoader QueryContentsDir: Searching mods for DLC 0100B0401174302A in "C:\Users\[redacted]\AppData\Roaming\Ryujinx\sdcard\atmosphere\contents"
00:00:00.826 |I| ModLoader QueryContentsDir: Searching mods for DLC 0100B0401174302B in "C:\Users\[redacted]\AppData\Roaming\Ryujinx\sdcard\atmosphere\contents"
00:00:00.826 |I| ModLoader QueryContentsDir: Searching mods for DLC 0100B0401174302C in "C:\Users\[redacted]\AppData\Roaming\Ryujinx\sdcard\atmosphere\contents"
00:00:00.826 |I| ModLoader QueryContentsDir: Searching mods for DLC 0100B0401174302D in "C:\Users\[redacted]\AppData\Roaming\Ryujinx\sdcard\atmosphere\contents"
00:00:00.826 |I| ModLoader QueryContentsDir: Searching mods for DLC 0100B0401174302E in "C:\Users\[redacted]\AppData\Roaming\Ryujinx\sdcard\atmosphere\contents"
00:00:00.826 |I| ModLoader QueryContentsDir: Searching mods for DLC 0100B0401174302F in "C:\Users\[redacted]\AppData\Roaming\Ryujinx\sdcard\atmosphere\contents"
00:00:00.826 |I| ModLoader QueryContentsDir: Searching mods for DLC 0100B04011743030 in "C:\Users\[redacted]\AppData\Roaming\Ryujinx\sdcard\atmosphere\contents"
00:00:00.826 |I| ModLoader QueryContentsDir: Searching mods for DLC 0100B04011743031 in "C:\Users\[redacted]\AppData\Roaming\Ryujinx\sdcard\atmosphere\contents"
00:00:00.827 |I| ModLoader QueryContentsDir: Searching mods for DLC 0100B04011743032 in "C:\Users\[redacted]\AppData\Roaming\Ryujinx\sdcard\atmosphere\contents"
00:00:00.827 |I| ModLoader QueryContentsDir: Searching mods for DLC 0100B04011743033 in "C:\Users\[redacted]\AppData\Roaming\Ryujinx\sdcard\atmosphere\contents"
00:00:00.827 |I| ModLoader QueryContentsDir: Searching mods for DLC 0100B04011743034 in "C:\Users\[redacted]\AppData\Roaming\Ryujinx\sdcard\atmosphere\contents"
00:00:00.827 |I| ModLoader QueryContentsDir: Searching mods for DLC 0100B04011743035 in "C:\Users\[redacted]\AppData\Roaming\Ryujinx\sdcard\atmosphere\contents"
00:00:00.827 |I| ModLoader QueryContentsDir: Searching mods for DLC 0100B04011743036 in "C:\Users\[redacted]\AppData\Roaming\Ryujinx\sdcard\atmosphere\contents"
00:00:00.827 |I| ModLoader QueryContentsDir: Searching mods for DLC 0100B04011743037 in "C:\Users\[redacted]\AppData\Roaming\Ryujinx\sdcard\atmosphere\contents"
00:00:00.827 |I| ModLoader QueryContentsDir: Searching mods for DLC 0100B04011743038 in "C:\Users\[redacted]\AppData\Roaming\Ryujinx\sdcard\atmosphere\contents"
00:00:00.827 |I| ModLoader QueryContentsDir: Searching mods for DLC 0100B04011743039 in "C:\Users\[redacted]\AppData\Roaming\Ryujinx\sdcard\atmosphere\contents"
00:00:00.827 |I| ModLoader QueryContentsDir: Searching mods for DLC 0100B0401174303A in "C:\Users\[redacted]\AppData\Roaming\Ryujinx\sdcard\atmosphere\contents"
00:00:00.827 |I| ModLoader QueryContentsDir: Searching mods for DLC 0100B0401174303B in "C:\Users\[redacted]\AppData\Roaming\Ryujinx\sdcard\atmosphere\contents"
00:00:00.827 |I| ModLoader QueryContentsDir: Searching mods for DLC 0100B0401174303C in "C:\Users\[redacted]\AppData\Roaming\Ryujinx\sdcard\atmosphere\contents"
00:00:00.827 |I| ModLoader QueryContentsDir: Searching mods for DLC 0100B0401174303D in "C:\Users\[redacted]\AppData\Roaming\Ryujinx\sdcard\atmosphere\contents"
00:00:00.827 |I| ModLoader QueryContentsDir: Searching mods for DLC 0100B0401174303E in "C:\Users\[redacted]\AppData\Roaming\Ryujinx\sdcard\atmosphere\contents"
00:00:00.827 |I| ModLoader QueryContentsDir: Searching mods for DLC 0100B0401174303F in "C:\Users\[redacted]\AppData\Roaming\Ryujinx\sdcard\atmosphere\contents"
00:00:00.827 |I| ModLoader QueryContentsDir: Searching mods for DLC 0100B04011743040 in "C:\Users\[redacted]\AppData\Roaming\Ryujinx\sdcard\atmosphere\contents"
00:00:00.828 |I| ModLoader QueryContentsDir: Searching mods for DLC 0100B04011743041 in "C:\Users\[redacted]\AppData\Roaming\Ryujinx\sdcard\atmosphere\contents"
00:00:00.828 |I| ModLoader QueryContentsDir: Searching mods for DLC 0100B04011743042 in "C:\Users\[redacted]\AppData\Roaming\Ryujinx\sdcard\atmosphere\contents"
00:00:00.828 |I| ModLoader QueryContentsDir: Searching mods for DLC 0100B04011743043 in "C:\Users\[redacted]\AppData\Roaming\Ryujinx\sdcard\atmosphere\contents"
00:00:00.828 |I| ModLoader QueryContentsDir: Searching mods for DLC 0100B04011743044 in "C:\Users\[redacted]\AppData\Roaming\Ryujinx\sdcard\atmosphere\contents"
00:00:00.828 |I| ModLoader QueryContentsDir: Searching mods for DLC 0100B04011743045 in "C:\Users\[redacted]\AppData\Roaming\Ryujinx\sdcard\atmosphere\contents"
00:00:00.828 |I| ModLoader QueryContentsDir: Searching mods for DLC 0100B04011743046 in "C:\Users\[redacted]\AppData\Roaming\Ryujinx\sdcard\atmosphere\contents"
00:00:00.828 |I| ModLoader QueryContentsDir: Searching mods for DLC 0100B04011743047 in "C:\Users\[redacted]\AppData\Roaming\Ryujinx\sdcard\atmosphere\contents"
00:00:00.828 |I| ModLoader QueryContentsDir: Searching mods for DLC 0100B04011743048 in "C:\Users\[redacted]\AppData\Roaming\Ryujinx\sdcard\atmosphere\contents"
00:00:00.828 |I| ModLoader QueryContentsDir: Searching mods for DLC 0100B04011743049 in "C:\Users\[redacted]\AppData\Roaming\Ryujinx\sdcard\atmosphere\contents"
00:00:00.828 |I| ModLoader QueryContentsDir: Searching mods for DLC 0100B0401174304A in "C:\Users\[redacted]\AppData\Roaming\Ryujinx\sdcard\atmosphere\contents"
00:00:00.828 |I| ModLoader QueryContentsDir: Searching mods for DLC 0100B0401174304B in "C:\Users\[redacted]\AppData\Roaming\Ryujinx\sdcard\atmosphere\contents"
00:00:00.828 |I| ModLoader QueryContentsDir: Searching mods for DLC 0100B0401174304C in "C:\Users\[redacted]\AppData\Roaming\Ryujinx\sdcard\atmosphere\contents"
00:00:00.828 |I| ModLoader QueryContentsDir: Searching mods for DLC 0100B0401174304D in "C:\Users\[redacted]\AppData\Roaming\Ryujinx\sdcard\atmosphere\contents"
00:00:00.828 |I| ModLoader QueryContentsDir: Searching mods for DLC 0100B0401174304E in "C:\Users\[redacted]\AppData\Roaming\Ryujinx\sdcard\atmosphere\contents"
00:00:00.828 |I| ModLoader QueryContentsDir: Searching mods for DLC 0100B0401174304F in "C:\Users\[redacted]\AppData\Roaming\Ryujinx\sdcard\atmosphere\contents"
00:00:00.829 |I| ModLoader QueryContentsDir: Searching mods for DLC 0100B04011743050 in "C:\Users\[redacted]\AppData\Roaming\Ryujinx\sdcard\atmosphere\contents"
00:00:00.829 |I| ModLoader QueryContentsDir: Searching mods for DLC 0100B04011743051 in "C:\Users\[redacted]\AppData\Roaming\Ryujinx\sdcard\atmosphere\contents"
00:00:00.829 |I| ModLoader QueryContentsDir: Searching mods for DLC 0100B04011743052 in "C:\Users\[redacted]\AppData\Roaming\Ryujinx\sdcard\atmosphere\contents"
00:00:00.829 |I| ModLoader QueryContentsDir: Searching mods for DLC 0100B04011743053 in "C:\Users\[redacted]\AppData\Roaming\Ryujinx\sdcard\atmosphere\contents"
00:00:00.829 |I| ModLoader QueryContentsDir: Searching mods for DLC 0100B04011743054 in "C:\Users\[redacted]\AppData\Roaming\Ryujinx\sdcard\atmosphere\contents"
00:00:00.829 |I| ModLoader QueryContentsDir: Searching mods for DLC 0100B04011743055 in "C:\Users\[redacted]\AppData\Roaming\Ryujinx\sdcard\atmosphere\contents"
00:00:00.829 |I| ModLoader QueryContentsDir: Searching mods for DLC 0100B04011743056 in "C:\Users\[redacted]\AppData\Roaming\Ryujinx\sdcard\atmosphere\contents"
00:00:00.829 |I| ModLoader QueryContentsDir: Searching mods for DLC 0100B04011743057 in "C:\Users\[redacted]\AppData\Roaming\Ryujinx\sdcard\atmosphere\contents"
00:00:00.829 |I| ModLoader QueryContentsDir: Searching mods for DLC 0100B04011743058 in "C:\Users\[redacted]\AppData\Roaming\Ryujinx\sdcard\atmosphere\contents"
00:00:00.829 |I| ModLoader QueryContentsDir: Searching mods for DLC 0100B04011743059 in "C:\Users\[redacted]\AppData\Roaming\Ryujinx\sdcard\atmosphere\contents"
00:00:00.829 |I| ModLoader QueryContentsDir: Searching mods for DLC 0100B0401174305A in "C:\Users\[redacted]\AppData\Roaming\Ryujinx\sdcard\atmosphere\contents"
00:00:00.829 |I| ModLoader QueryContentsDir: Searching mods for DLC 0100B0401174305B in "C:\Users\[redacted]\AppData\Roaming\Ryujinx\sdcard\atmosphere\contents"
00:00:00.829 |I| ModLoader QueryContentsDir: Searching mods for DLC 0100B0401174305C in "C:\Users\[redacted]\AppData\Roaming\Ryujinx\sdcard\atmosphere\contents"
00:00:00.829 |I| ModLoader QueryContentsDir: Searching mods for DLC 0100B0401174305D in "C:\Users\[redacted]\AppData\Roaming\Ryujinx\sdcard\atmosphere\contents"
00:00:00.830 |I| ModLoader QueryContentsDir: Searching mods for DLC 0100B0401174305E in "C:\Users\[redacted]\AppData\Roaming\Ryujinx\sdcard\atmosphere\contents"
00:00:00.830 |I| ModLoader QueryContentsDir: Searching mods for DLC 0100B0401174305F in "C:\Users\[redacted]\AppData\Roaming\Ryujinx\sdcard\atmosphere\contents"
00:00:00.830 |I| ModLoader QueryContentsDir: Searching mods for DLC 0100B04011743060 in "C:\Users\[redacted]\AppData\Roaming\Ryujinx\sdcard\atmosphere\contents"
00:00:00.830 |I| ModLoader QueryContentsDir: Searching mods for DLC 0100B04011743061 in "C:\Users\[redacted]\AppData\Roaming\Ryujinx\sdcard\atmosphere\contents"
00:00:00.830 |I| ModLoader QueryContentsDir: Searching mods for DLC 0100B04011743062 in "C:\Users\[redacted]\AppData\Roaming\Ryujinx\sdcard\atmosphere\contents"
00:00:00.830 |I| ModLoader QueryContentsDir: Searching mods for DLC 0100B04011743063 in "C:\Users\[redacted]\AppData\Roaming\Ryujinx\sdcard\atmosphere\contents"
00:00:00.830 |I| ModLoader QueryContentsDir: Searching mods for DLC 0100B04011743064 in "C:\Users\[redacted]\AppData\Roaming\Ryujinx\sdcard\atmosphere\contents"
00:00:00.830 |I| ModLoader QueryContentsDir: Searching mods for DLC 0100B04011743065 in "C:\Users\[redacted]\AppData\Roaming\Ryujinx\sdcard\atmosphere\contents"
00:00:00.830 |I| ModLoader QueryContentsDir: Searching mods for DLC 0100B04011743066 in "C:\Users\[redacted]\AppData\Roaming\Ryujinx\sdcard\atmosphere\contents"
00:00:00.830 |I| ModLoader QueryContentsDir: Searching mods for DLC 0100B04011743067 in "C:\Users\[redacted]\AppData\Roaming\Ryujinx\sdcard\atmosphere\contents"
00:00:00.830 |I| ModLoader QueryContentsDir: Searching mods for DLC 0100B04011743068 in "C:\Users\[redacted]\AppData\Roaming\Ryujinx\sdcard\atmosphere\contents"
00:00:00.830 |I| ModLoader QueryContentsDir: Searching mods for DLC 0100B04011743069 in "C:\Users\[redacted]\AppData\Roaming\Ryujinx\sdcard\atmosphere\contents"
00:00:00.830 |I| ModLoader QueryContentsDir: Searching mods for DLC 0100B0401174306A in "C:\Users\[redacted]\AppData\Roaming\Ryujinx\sdcard\atmosphere\contents"
00:00:00.830 |I| ModLoader QueryContentsDir: Searching mods for DLC 0100B0401174306B in "C:\Users\[redacted]\AppData\Roaming\Ryujinx\sdcard\atmosphere\contents"
00:00:00.830 |I| ModLoader QueryContentsDir: Searching mods for DLC 0100B0401174306C in "C:\Users\[redacted]\AppData\Roaming\Ryujinx\sdcard\atmosphere\contents"
00:00:00.831 |I| ModLoader QueryContentsDir: Searching mods for DLC 0100B0401174306D in "C:\Users\[redacted]\AppData\Roaming\Ryujinx\sdcard\atmosphere\contents"
00:00:00.831 |I| ModLoader QueryContentsDir: Searching mods for DLC 0100B0401174306E in "C:\Users\[redacted]\AppData\Roaming\Ryujinx\sdcard\atmosphere\contents"
00:00:00.831 |I| ModLoader QueryContentsDir: Searching mods for DLC 0100B0401174306F in "C:\Users\[redacted]\AppData\Roaming\Ryujinx\sdcard\atmosphere\contents"
00:00:00.831 |I| ModLoader QueryContentsDir: Searching mods for DLC 0100B04011743070 in "C:\Users\[redacted]\AppData\Roaming\Ryujinx\sdcard\atmosphere\contents"
00:00:00.831 |I| ModLoader QueryContentsDir: Searching mods for DLC 0100B04011743071 in "C:\Users\[redacted]\AppData\Roaming\Ryujinx\sdcard\atmosphere\contents"
00:00:00.831 |I| ModLoader QueryContentsDir: Searching mods for DLC 0100B04011743072 in "C:\Users\[redacted]\AppData\Roaming\Ryujinx\sdcard\atmosphere\contents"
00:00:00.831 |I| ModLoader QueryContentsDir: Searching mods for DLC 0100B04011743073 in "C:\Users\[redacted]\AppData\Roaming\Ryujinx\sdcard\atmosphere\contents"
00:00:00.831 |I| ModLoader QueryContentsDir: Searching mods for DLC 0100B04011743074 in "C:\Users\[redacted]\AppData\Roaming\Ryujinx\sdcard\atmosphere\contents"
00:00:00.831 |I| ModLoader QueryContentsDir: Searching mods for DLC 0100B04011743075 in "C:\Users\[redacted]\AppData\Roaming\Ryujinx\sdcard\atmosphere\contents"
00:00:00.831 |I| ModLoader QueryContentsDir: Searching mods for DLC 0100B04011743076 in "C:\Users\[redacted]\AppData\Roaming\Ryujinx\sdcard\atmosphere\contents"
00:00:00.831 |I| ModLoader QueryContentsDir: Searching mods for DLC 0100B04011743077 in "C:\Users\[redacted]\AppData\Roaming\Ryujinx\sdcard\atmosphere\contents"
00:00:00.831 |I| ModLoader QueryContentsDir: Searching mods for DLC 0100B04011743078 in "C:\Users\[redacted]\AppData\Roaming\Ryujinx\sdcard\atmosphere\contents"
00:00:00.831 |I| ModLoader QueryContentsDir: Searching mods for DLC 0100B04011743079 in "C:\Users\[redacted]\AppData\Roaming\Ryujinx\sdcard\atmosphere\contents"
00:00:00.831 |I| ModLoader QueryContentsDir: Searching mods for DLC 0100B0401174307A in "C:\Users\[redacted]\AppData\Roaming\Ryujinx\sdcard\atmosphere\contents"
00:00:00.831 |I| ModLoader QueryContentsDir: Searching mods for DLC 0100B0401174307B in "C:\Users\[redacted]\AppData\Roaming\Ryujinx\sdcard\atmosphere\contents"
00:00:00.832 |I| ModLoader QueryContentsDir: Searching mods for DLC 0100B0401174307C in "C:\Users\[redacted]\AppData\Roaming\Ryujinx\sdcard\atmosphere\contents"
00:00:00.832 |I| ModLoader QueryContentsDir: Searching mods for DLC 0100B0401174307D in "C:\Users\[redacted]\AppData\Roaming\Ryujinx\sdcard\atmosphere\contents"
00:00:00.832 |I| ModLoader QueryContentsDir: Searching mods for DLC 0100B0401174307E in "C:\Users\[redacted]\AppData\Roaming\Ryujinx\sdcard\atmosphere\contents"
00:00:00.832 |I| ModLoader QueryContentsDir: Searching mods for DLC 0100B0401174307F in "C:\Users\[redacted]\AppData\Roaming\Ryujinx\sdcard\atmosphere\contents"
00:00:00.832 |I| ModLoader QueryContentsDir: Searching mods for DLC 0100B04011743080 in "C:\Users\[redacted]\AppData\Roaming\Ryujinx\sdcard\atmosphere\contents"
00:00:00.832 |I| ModLoader QueryContentsDir: Searching mods for DLC 0100B04011743081 in "C:\Users\[redacted]\AppData\Roaming\Ryujinx\sdcard\atmosphere\contents"
00:00:00.832 |I| ModLoader QueryContentsDir: Searching mods for DLC 0100B04011743082 in "C:\Users\[redacted]\AppData\Roaming\Ryujinx\sdcard\atmosphere\contents"
00:00:00.832 |I| ModLoader QueryContentsDir: Searching mods for DLC 0100B04011743083 in "C:\Users\[redacted]\AppData\Roaming\Ryujinx\sdcard\atmosphere\contents"
00:00:00.832 |I| ModLoader QueryContentsDir: Searching mods for DLC 0100B04011743084 in "C:\Users\[redacted]\AppData\Roaming\Ryujinx\sdcard\atmosphere\contents"
00:00:00.832 |I| ModLoader QueryContentsDir: Searching mods for DLC 0100B04011743085 in "C:\Users\[redacted]\AppData\Roaming\Ryujinx\sdcard\atmosphere\contents"
00:00:00.832 |I| ModLoader QueryContentsDir: Searching mods for DLC 0100B04011743086 in "C:\Users\[redacted]\AppData\Roaming\Ryujinx\sdcard\atmosphere\contents"
00:00:00.832 |I| ModLoader QueryContentsDir: Searching mods for DLC 0100B04011743087 in "C:\Users\[redacted]\AppData\Roaming\Ryujinx\sdcard\atmosphere\contents"
00:00:00.832 |I| ModLoader QueryContentsDir: Searching mods for DLC 0100B04011743088 in "C:\Users\[redacted]\AppData\Roaming\Ryujinx\sdcard\atmosphere\contents"
00:00:00.832 |I| ModLoader QueryContentsDir: Searching mods for DLC 0100B04011743089 in "C:\Users\[redacted]\AppData\Roaming\Ryujinx\sdcard\atmosphere\contents"
00:00:00.832 |I| ModLoader QueryContentsDir: Searching mods for DLC 0100B0401174308A in "C:\Users\[redacted]\AppData\Roaming\Ryujinx\sdcard\atmosphere\contents"
00:00:00.833 |I| ModLoader QueryContentsDir: Searching mods for DLC 0100B0401174308B in "C:\Users\[redacted]\AppData\Roaming\Ryujinx\sdcard\atmosphere\contents"
00:00:00.833 |I| ModLoader QueryContentsDir: Searching mods for DLC 0100B0401174308C in "C:\Users\[redacted]\AppData\Roaming\Ryujinx\sdcard\atmosphere\contents"
00:00:00.833 |I| ModLoader QueryContentsDir: Searching mods for DLC 0100B0401174308D in "C:\Users\[redacted]\AppData\Roaming\Ryujinx\sdcard\atmosphere\contents"
00:00:00.833 |I| ModLoader QueryContentsDir: Searching mods for DLC 0100B0401174308E in "C:\Users\[redacted]\AppData\Roaming\Ryujinx\sdcard\atmosphere\contents"
00:00:00.833 |I| ModLoader QueryContentsDir: Searching mods for DLC 0100B0401174308F in "C:\Users\[redacted]\AppData\Roaming\Ryujinx\sdcard\atmosphere\contents"
00:00:00.833 |I| ModLoader QueryContentsDir: Searching mods for DLC 0100B04011743090 in "C:\Users\[redacted]\AppData\Roaming\Ryujinx\sdcard\atmosphere\contents"
00:00:00.833 |I| ModLoader QueryContentsDir: Searching mods for DLC 0100B04011743091 in "C:\Users\[redacted]\AppData\Roaming\Ryujinx\sdcard\atmosphere\contents"
00:00:00.833 |I| ModLoader QueryContentsDir: Searching mods for DLC 0100B04011743092 in "C:\Users\[redacted]\AppData\Roaming\Ryujinx\sdcard\atmosphere\contents"
00:00:00.833 |I| ModLoader QueryContentsDir: Searching mods for DLC 0100B04011743093 in "C:\Users\[redacted]\AppData\Roaming\Ryujinx\sdcard\atmosphere\contents"
00:00:00.833 |I| ModLoader QueryContentsDir: Searching mods for DLC 0100B04011743094 in "C:\Users\[redacted]\AppData\Roaming\Ryujinx\sdcard\atmosphere\contents"
00:00:00.833 |I| ModLoader QueryContentsDir: Searching mods for DLC 0100B04011743095 in "C:\Users\[redacted]\AppData\Roaming\Ryujinx\sdcard\atmosphere\contents"
00:00:00.833 |I| ModLoader QueryContentsDir: Searching mods for DLC 0100B04011743096 in "C:\Users\[redacted]\AppData\Roaming\Ryujinx\sdcard\atmosphere\contents"
00:00:00.833 |I| ModLoader QueryContentsDir: Searching mods for DLC 0100B04011743097 in "C:\Users\[redacted]\AppData\Roaming\Ryujinx\sdcard\atmosphere\contents"
00:00:00.833 |I| ModLoader QueryContentsDir: Searching mods for DLC 0100B04011743098 in "C:\Users\[redacted]\AppData\Roaming\Ryujinx\sdcard\atmosphere\contents"
00:00:00.834 |I| ModLoader QueryContentsDir: Searching mods for DLC 0100B04011743099 in "C:\Users\[redacted]\AppData\Roaming\Ryujinx\sdcard\atmosphere\contents"
00:00:00.834 |I| ModLoader QueryContentsDir: Searching mods for DLC 0100B0401174309A in "C:\Users\[redacted]\AppData\Roaming\Ryujinx\sdcard\atmosphere\contents"
00:00:00.834 |I| ModLoader QueryContentsDir: Searching mods for DLC 0100B0401174309B in "C:\Users\[redacted]\AppData\Roaming\Ryujinx\sdcard\atmosphere\contents"
00:00:00.834 |I| ModLoader QueryContentsDir: Searching mods for DLC 0100B0401174309C in "C:\Users\[redacted]\AppData\Roaming\Ryujinx\sdcard\atmosphere\contents"
00:00:00.834 |I| ModLoader QueryContentsDir: Searching mods for DLC 0100B0401174309D in "C:\Users\[redacted]\AppData\Roaming\Ryujinx\sdcard\atmosphere\contents"
00:00:00.834 |I| ModLoader QueryContentsDir: Searching mods for DLC 0100B0401174309E in "C:\Users\[redacted]\AppData\Roaming\Ryujinx\sdcard\atmosphere\contents"
00:00:00.834 |I| ModLoader QueryContentsDir: Searching mods for DLC 0100B0401174309F in "C:\Users\[redacted]\AppData\Roaming\Ryujinx\sdcard\atmosphere\contents"
00:00:00.834 |I| ModLoader QueryContentsDir: Searching mods for DLC 0100B040117430A0 in "C:\Users\[redacted]\AppData\Roaming\Ryujinx\sdcard\atmosphere\contents"
00:00:00.834 |I| ModLoader QueryContentsDir: Searching mods for DLC 0100B040117430A1 in "C:\Users\[redacted]\AppData\Roaming\Ryujinx\sdcard\atmosphere\contents"
00:00:00.834 |I| ModLoader QueryContentsDir: Searching mods for DLC 0100B040117430BA in "C:\Users\[redacted]\AppData\Roaming\Ryujinx\sdcard\atmosphere\contents"
00:00:00.834 |I| ModLoader QueryContentsDir: Searching mods for DLC 0100B040117430BB in "C:\Users\[redacted]\AppData\Roaming\Ryujinx\sdcard\atmosphere\contents"
00:00:00.834 |I| ModLoader QueryContentsDir: Searching mods for DLC 0100B040117430BC in "C:\Users\[redacted]\AppData\Roaming\Ryujinx\sdcard\atmosphere\contents"
00:00:00.834 |I| ModLoader QueryContentsDir: Searching mods for DLC 0100B040117430BD in "C:\Users\[redacted]\AppData\Roaming\Ryujinx\sdcard\atmosphere\contents"
00:00:00.834 |I| ModLoader QueryContentsDir: Searching mods for DLC 0100B040117430BE in "C:\Users\[redacted]\AppData\Roaming\Ryujinx\sdcard\atmosphere\contents"
00:00:00.835 |I| ModLoader QueryContentsDir: Searching mods for DLC 0100B040117430BF in "C:\Users\[redacted]\AppData\Roaming\Ryujinx\sdcard\atmosphere\contents"
00:00:00.835 |I| ModLoader QueryContentsDir: Searching mods for DLC 0100B040117430C0 in "C:\Users\[redacted]\AppData\Roaming\Ryujinx\sdcard\atmosphere\contents"
00:00:00.835 |I| ModLoader QueryContentsDir: Searching mods for DLC 0100B040117430C1 in "C:\Users\[redacted]\AppData\Roaming\Ryujinx\sdcard\atmosphere\contents"
00:00:00.835 |I| ModLoader QueryContentsDir: Searching mods for DLC 0100B040117430C2 in "C:\Users\[redacted]\AppData\Roaming\Ryujinx\sdcard\atmosphere\contents"
00:00:00.835 |I| ModLoader QueryContentsDir: Searching mods for DLC 0100B040117430C3 in "C:\Users\[redacted]\AppData\Roaming\Ryujinx\sdcard\atmosphere\contents"
00:00:00.835 |I| ModLoader QueryContentsDir: Searching mods for DLC 0100B040117430C4 in "C:\Users\[redacted]\AppData\Roaming\Ryujinx\sdcard\atmosphere\contents"
00:00:00.835 |I| ModLoader QueryContentsDir: Searching mods for DLC 0100B040117430C5 in "C:\Users\[redacted]\AppData\Roaming\Ryujinx\sdcard\atmosphere\contents"
00:00:00.835 |I| ModLoader QueryContentsDir: Searching mods for DLC 0100B040117430C6 in "C:\Users\[redacted]\AppData\Roaming\Ryujinx\sdcard\atmosphere\contents"
00:00:00.835 |I| ModLoader QueryContentsDir: Searching mods for DLC 0100B040117430C7 in "C:\Users\[redacted]\AppData\Roaming\Ryujinx\sdcard\atmosphere\contents"
00:00:00.835 |I| ModLoader QueryContentsDir: Searching mods for DLC 0100B040117430C8 in "C:\Users\[redacted]\AppData\Roaming\Ryujinx\sdcard\atmosphere\contents"
00:00:00.835 |I| ModLoader QueryContentsDir: Searching mods for DLC 0100B040117430C9 in "C:\Users\[redacted]\AppData\Roaming\Ryujinx\sdcard\atmosphere\contents"
00:00:00.835 |I| ModLoader QueryContentsDir: Searching mods for DLC 0100B040117430CA in "C:\Users\[redacted]\AppData\Roaming\Ryujinx\sdcard\atmosphere\contents"
00:00:00.835 |I| ModLoader QueryContentsDir: Searching mods for DLC 0100B040117430CB in "C:\Users\[redacted]\AppData\Roaming\Ryujinx\sdcard\atmosphere\contents"
00:00:00.835 |I| ModLoader QueryContentsDir: Searching mods for DLC 0100B040117430CC in "C:\Users\[redacted]\AppData\Roaming\Ryujinx\sdcard\atmosphere\contents"
00:00:00.835 |I| ModLoader QueryContentsDir: Searching mods for DLC 0100B040117430CD in "C:\Users\[redacted]\AppData\Roaming\Ryujinx\sdcard\atmosphere\contents"
00:00:00.836 |I| ModLoader QueryContentsDir: Searching mods for DLC 0100B040117430CE in "C:\Users\[redacted]\AppData\Roaming\Ryujinx\sdcard\atmosphere\contents"
00:00:00.836 |I| ModLoader QueryContentsDir: Searching mods for DLC 0100B040117430CF in "C:\Users\[redacted]\AppData\Roaming\Ryujinx\sdcard\atmosphere\contents"
00:00:00.836 |I| ModLoader QueryContentsDir: Searching mods for DLC 0100B040117430D0 in "C:\Users\[redacted]\AppData\Roaming\Ryujinx\sdcard\atmosphere\contents"
00:00:00.836 |I| ModLoader QueryContentsDir: Searching mods for DLC 0100B040117430D1 in "C:\Users\[redacted]\AppData\Roaming\Ryujinx\sdcard\atmosphere\contents"
00:00:00.836 |I| ModLoader QueryContentsDir: Searching mods for DLC 0100B040117430D2 in "C:\Users\[redacted]\AppData\Roaming\Ryujinx\sdcard\atmosphere\contents"
00:00:00.836 |I| ModLoader QueryContentsDir: Searching mods for DLC 0100B040117430D3 in "C:\Users\[redacted]\AppData\Roaming\Ryujinx\sdcard\atmosphere\contents"
00:00:00.836 |I| ModLoader QueryContentsDir: Searching mods for DLC 0100B040117430D4 in "C:\Users\[redacted]\AppData\Roaming\Ryujinx\sdcard\atmosphere\contents"
00:00:00.836 |I| ModLoader QueryContentsDir: Searching mods for DLC 0100B040117430D5 in "C:\Users\[redacted]\AppData\Roaming\Ryujinx\sdcard\atmosphere\contents"
00:00:00.836 |I| ModLoader QueryContentsDir: Searching mods for DLC 0100B040117430D6 in "C:\Users\[redacted]\AppData\Roaming\Ryujinx\sdcard\atmosphere\contents"
00:00:00.836 |I| ModLoader QueryContentsDir: Searching mods for DLC 0100B040117430D7 in "C:\Users\[redacted]\AppData\Roaming\Ryujinx\sdcard\atmosphere\contents"
00:00:00.836 |I| ModLoader QueryContentsDir: Searching mods for DLC 0100B040117430D8 in "C:\Users\[redacted]\AppData\Roaming\Ryujinx\sdcard\atmosphere\contents"
00:00:00.836 |I| ModLoader QueryContentsDir: Searching mods for DLC 0100B040117430D9 in "C:\Users\[redacted]\AppData\Roaming\Ryujinx\sdcard\atmosphere\contents"
00:00:00.837 |I| ModLoader QueryContentsDir: Searching mods for DLC 0100B040117430DA in "C:\Users\[redacted]\AppData\Roaming\Ryujinx\sdcard\atmosphere\contents"
00:00:00.837 |I| ModLoader QueryContentsDir: Searching mods for DLC 0100B040117430DB in "C:\Users\[redacted]\AppData\Roaming\Ryujinx\sdcard\atmosphere\contents"
00:00:00.837 |I| ModLoader QueryContentsDir: Searching mods for DLC 0100B040117430DC in "C:\Users\[redacted]\AppData\Roaming\Ryujinx\sdcard\atmosphere\contents"
00:00:00.837 |I| ModLoader QueryContentsDir: Searching mods for DLC 0100B040117430DD in "C:\Users\[redacted]\AppData\Roaming\Ryujinx\sdcard\atmosphere\contents"
00:00:00.837 |I| ModLoader QueryContentsDir: Searching mods for DLC 0100B040117430DE in "C:\Users\[redacted]\AppData\Roaming\Ryujinx\sdcard\atmosphere\contents"
00:00:00.837 |I| ModLoader QueryContentsDir: Searching mods for DLC 0100B040117430DF in "C:\Users\[redacted]\AppData\Roaming\Ryujinx\sdcard\atmosphere\contents"
00:00:00.837 |I| ModLoader QueryContentsDir: Searching mods for DLC 0100B040117430E0 in "C:\Users\[redacted]\AppData\Roaming\Ryujinx\sdcard\atmosphere\contents"
00:00:00.837 |I| ModLoader QueryContentsDir: Searching mods for DLC 0100B040117430E1 in "C:\Users\[redacted]\AppData\Roaming\Ryujinx\sdcard\atmosphere\contents"
00:00:00.837 |I| ModLoader QueryContentsDir: Searching mods for DLC 0100B040117430E2 in "C:\Users\[redacted]\AppData\Roaming\Ryujinx\sdcard\atmosphere\contents"
00:00:00.837 |I| ModLoader QueryContentsDir: Searching mods for DLC 0100B040117430E3 in "C:\Users\[redacted]\AppData\Roaming\Ryujinx\sdcard\atmosphere\contents"
00:00:00.837 |I| ModLoader QueryContentsDir: Searching mods for DLC 0100B040117430E4 in "C:\Users\[redacted]\AppData\Roaming\Ryujinx\sdcard\atmosphere\contents"
00:00:00.837 |I| ModLoader QueryContentsDir: Searching mods for DLC 0100B040117430E5 in "C:\Users\[redacted]\AppData\Roaming\Ryujinx\sdcard\atmosphere\contents"
00:00:00.837 |I| ModLoader QueryContentsDir: Searching mods for DLC 0100B040117430E6 in "C:\Users\[redacted]\AppData\Roaming\Ryujinx\sdcard\atmosphere\contents"
00:00:00.837 |I| ModLoader QueryContentsDir: Searching mods for DLC 0100B040117430E7 in "C:\Users\[redacted]\AppData\Roaming\Ryujinx\sdcard\atmosphere\contents"
00:00:00.838 |I| ModLoader QueryContentsDir: Searching mods for DLC 0100B040117430E8 in "C:\Users\[redacted]\AppData\Roaming\Ryujinx\sdcard\atmosphere\contents"
00:00:00.838 |I| ModLoader QueryContentsDir: Searching mods for DLC 0100B040117430E9 in "C:\Users\[redacted]\AppData\Roaming\Ryujinx\sdcard\atmosphere\contents"
00:00:00.838 |I| ModLoader QueryContentsDir: Searching mods for DLC 0100B040117430EA in "C:\Users\[redacted]\AppData\Roaming\Ryujinx\sdcard\atmosphere\contents"
00:00:00.838 |I| ModLoader QueryContentsDir: Searching mods for DLC 0100B040117430EB in "C:\Users\[redacted]\AppData\Roaming\Ryujinx\sdcard\atmosphere\contents"
00:00:00.838 |I| ModLoader QueryContentsDir: Searching mods for DLC 0100B040117430EC in "C:\Users\[redacted]\AppData\Roaming\Ryujinx\sdcard\atmosphere\contents"
00:00:00.838 |I| ModLoader QueryContentsDir: Searching mods for DLC 0100B040117430ED in "C:\Users\[redacted]\AppData\Roaming\Ryujinx\sdcard\atmosphere\contents"
00:00:00.838 |I| ModLoader QueryContentsDir: Searching mods for DLC 0100B040117430EE in "C:\Users\[redacted]\AppData\Roaming\Ryujinx\sdcard\atmosphere\contents"
00:00:00.838 |I| ModLoader QueryContentsDir: Searching mods for DLC 0100B040117430EF in "C:\Users\[redacted]\AppData\Roaming\Ryujinx\sdcard\atmosphere\contents"
00:00:00.838 |I| ModLoader QueryContentsDir: Searching mods for DLC 0100B040117430F0 in "C:\Users\[redacted]\AppData\Roaming\Ryujinx\sdcard\atmosphere\contents"
00:00:00.838 |I| ModLoader QueryContentsDir: Searching mods for DLC 0100B040117430F1 in "C:\Users\[redacted]\AppData\Roaming\Ryujinx\sdcard\atmosphere\contents"
00:00:00.838 |I| ModLoader QueryContentsDir: Searching mods for DLC 0100B040117430F2 in "C:\Users\[redacted]\AppData\Roaming\Ryujinx\sdcard\atmosphere\contents"
00:00:00.838 |I| ModLoader QueryContentsDir: Searching mods for DLC 0100B040117430F3 in "C:\Users\[redacted]\AppData\Roaming\Ryujinx\sdcard\atmosphere\contents"
00:00:00.838 |I| ModLoader QueryContentsDir: Searching mods for DLC 0100B040117430F4 in "C:\Users\[redacted]\AppData\Roaming\Ryujinx\sdcard\atmosphere\contents"
00:00:00.839 |I| ModLoader QueryContentsDir: Searching mods for DLC 0100B040117430F5 in "C:\Users\[redacted]\AppData\Roaming\Ryujinx\sdcard\atmosphere\contents"
00:00:00.839 |I| ModLoader QueryContentsDir: Searching mods for DLC 0100B040117430F6 in "C:\Users\[redacted]\AppData\Roaming\Ryujinx\sdcard\atmosphere\contents"
00:00:00.839 |I| ModLoader QueryContentsDir: Searching mods for DLC 0100B040117430F7 in "C:\Users\[redacted]\AppData\Roaming\Ryujinx\sdcard\atmosphere\contents"
00:00:00.839 |I| ModLoader QueryContentsDir: Searching mods for DLC 0100B040117430F8 in "C:\Users\[redacted]\AppData\Roaming\Ryujinx\sdcard\atmosphere\contents"
00:00:00.839 |I| ModLoader QueryContentsDir: Searching mods for DLC 0100B040117430F9 in "C:\Users\[redacted]\AppData\Roaming\Ryujinx\sdcard\atmosphere\contents"
00:00:00.839 |I| ModLoader QueryContentsDir: Searching mods for DLC 0100B040117430FA in "C:\Users\[redacted]\AppData\Roaming\Ryujinx\sdcard\atmosphere\contents"
00:00:00.839 |I| ModLoader QueryContentsDir: Searching mods for DLC 0100B040117430FB in "C:\Users\[redacted]\AppData\Roaming\Ryujinx\sdcard\atmosphere\contents"
00:00:00.839 |I| ModLoader QueryContentsDir: Searching mods for DLC 0100B040117430FC in "C:\Users\[redacted]\AppData\Roaming\Ryujinx\sdcard\atmosphere\contents"
00:00:00.839 |I| ModLoader QueryContentsDir: Searching mods for DLC 0100B040117430FD in "C:\Users\[redacted]\AppData\Roaming\Ryujinx\sdcard\atmosphere\contents"
00:00:00.839 |I| ModLoader QueryContentsDir: Searching mods for DLC 0100B040117430FE in "C:\Users\[redacted]\AppData\Roaming\Ryujinx\sdcard\atmosphere\contents"
00:00:00.839 |I| ModLoader QueryContentsDir: Searching mods for DLC 0100B040117430FF in "C:\Users\[redacted]\AppData\Roaming\Ryujinx\sdcard\atmosphere\contents"
00:00:00.839 |I| ModLoader QueryContentsDir: Searching mods for DLC 0100B04011743100 in "C:\Users\[redacted]\AppData\Roaming\Ryujinx\sdcard\atmosphere\contents"
00:00:00.839 |I| ModLoader QueryContentsDir: Searching mods for DLC 0100B04011743101 in "C:\Users\[redacted]\AppData\Roaming\Ryujinx\sdcard\atmosphere\contents"
00:00:00.840 |I| ModLoader QueryContentsDir: Searching mods for DLC 0100B04011743102 in "C:\Users\[redacted]\AppData\Roaming\Ryujinx\sdcard\atmosphere\contents"
00:00:00.840 |I| ModLoader QueryContentsDir: Searching mods for DLC 0100B04011743103 in "C:\Users\[redacted]\AppData\Roaming\Ryujinx\sdcard\atmosphere\contents"
00:00:00.840 |I| ModLoader QueryContentsDir: Searching mods for DLC 0100B04011743104 in "C:\Users\[redacted]\AppData\Roaming\Ryujinx\sdcard\atmosphere\contents"
00:00:00.840 |I| ModLoader QueryContentsDir: Searching mods for DLC 0100B04011743105 in "C:\Users\[redacted]\AppData\Roaming\Ryujinx\sdcard\atmosphere\contents"
00:00:00.840 |I| ModLoader QueryContentsDir: Searching mods for DLC 0100B04011743106 in "C:\Users\[redacted]\AppData\Roaming\Ryujinx\sdcard\atmosphere\contents"
00:00:00.840 |I| ModLoader QueryContentsDir: Searching mods for DLC 0100B04011743107 in "C:\Users\[redacted]\AppData\Roaming\Ryujinx\sdcard\atmosphere\contents"
00:00:00.840 |I| ModLoader QueryContentsDir: Searching mods for DLC 0100B04011743108 in "C:\Users\[redacted]\AppData\Roaming\Ryujinx\sdcard\atmosphere\contents"
00:00:00.840 |I| ModLoader QueryContentsDir: Searching mods for DLC 0100B04011743109 in "C:\Users\[redacted]\AppData\Roaming\Ryujinx\sdcard\atmosphere\contents"
00:00:00.840 |I| ModLoader QueryContentsDir: Searching mods for DLC 0100B0401174310A in "C:\Users\[redacted]\AppData\Roaming\Ryujinx\sdcard\atmosphere\contents"
00:00:00.840 |I| ModLoader QueryContentsDir: Searching mods for DLC 0100B0401174310B in "C:\Users\[redacted]\AppData\Roaming\Ryujinx\sdcard\atmosphere\contents"
00:00:00.840 |I| ModLoader QueryContentsDir: Searching mods for DLC 0100B0401174310C in "C:\Users\[redacted]\AppData\Roaming\Ryujinx\sdcard\atmosphere\contents"
00:00:00.840 |I| ModLoader QueryContentsDir: Searching mods for DLC 0100B0401174310D in "C:\Users\[redacted]\AppData\Roaming\Ryujinx\sdcard\atmosphere\contents"
00:00:00.840 |I| ModLoader QueryContentsDir: Searching mods for DLC 0100B0401174310E in "C:\Users\[redacted]\AppData\Roaming\Ryujinx\sdcard\atmosphere\contents"
00:00:00.840 |I| ModLoader QueryContentsDir: Searching mods for DLC 0100B0401174310F in "C:\Users\[redacted]\AppData\Roaming\Ryujinx\sdcard\atmosphere\contents"
00:00:00.840 |I| ModLoader QueryContentsDir: Searching mods for DLC 0100B04011743110 in "C:\Users\[redacted]\AppData\Roaming\Ryujinx\sdcard\atmosphere\contents"
00:00:00.841 |I| ModLoader QueryContentsDir: Searching mods for DLC 0100B04011743111 in "C:\Users\[redacted]\AppData\Roaming\Ryujinx\sdcard\atmosphere\contents"
00:00:00.841 |I| ModLoader QueryContentsDir: Searching mods for DLC 0100B04011743112 in "C:\Users\[redacted]\AppData\Roaming\Ryujinx\sdcard\atmosphere\contents"
00:00:00.841 |I| ModLoader QueryContentsDir: Searching mods for DLC 0100B04011743113 in "C:\Users\[redacted]\AppData\Roaming\Ryujinx\sdcard\atmosphere\contents"
00:00:00.841 |I| ModLoader QueryContentsDir: Searching mods for DLC 0100B04011743114 in "C:\Users\[redacted]\AppData\Roaming\Ryujinx\sdcard\atmosphere\contents"
00:00:00.841 |I| ModLoader QueryContentsDir: Searching mods for DLC 0100B04011743115 in "C:\Users\[redacted]\AppData\Roaming\Ryujinx\sdcard\atmosphere\contents"
00:00:00.841 |I| ModLoader QueryContentsDir: Searching mods for DLC 0100B04011743116 in "C:\Users\[redacted]\AppData\Roaming\Ryujinx\sdcard\atmosphere\contents"
00:00:00.841 |I| ModLoader QueryContentsDir: Searching mods for DLC 0100B04011743117 in "C:\Users\[redacted]\AppData\Roaming\Ryujinx\sdcard\atmosphere\contents"
00:00:00.841 |I| ModLoader QueryContentsDir: Searching mods for DLC 0100B04011743118 in "C:\Users\[redacted]\AppData\Roaming\Ryujinx\sdcard\atmosphere\contents"
00:00:00.841 |I| ModLoader QueryContentsDir: Searching mods for DLC 0100B04011743119 in "C:\Users\[redacted]\AppData\Roaming\Ryujinx\sdcard\atmosphere\contents"
00:00:00.841 |I| ModLoader QueryContentsDir: Searching mods for DLC 0100B0401174311A in "C:\Users\[redacted]\AppData\Roaming\Ryujinx\sdcard\atmosphere\contents"
00:00:00.841 |I| ModLoader QueryContentsDir: Searching mods for DLC 0100B0401174311B in "C:\Users\[redacted]\AppData\Roaming\Ryujinx\sdcard\atmosphere\contents"
00:00:00.841 |I| ModLoader QueryContentsDir: Searching mods for DLC 0100B0401174311C in "C:\Users\[redacted]\AppData\Roaming\Ryujinx\sdcard\atmosphere\contents"
00:00:00.841 |I| ModLoader QueryContentsDir: Searching mods for DLC 0100B0401174311D in "C:\Users\[redacted]\AppData\Roaming\Ryujinx\sdcard\atmosphere\contents"
00:00:00.841 |I| ModLoader QueryContentsDir: Searching mods for DLC 0100B0401174311E in "C:\Users\[redacted]\AppData\Roaming\Ryujinx\sdcard\atmosphere\contents"
00:00:00.841 |I| ModLoader QueryContentsDir: Searching mods for DLC 0100B0401174311F in "C:\Users\[redacted]\AppData\Roaming\Ryujinx\sdcard\atmosphere\contents"
00:00:00.842 |I| ModLoader QueryContentsDir: Searching mods for DLC 0100B04011743120 in "C:\Users\[redacted]\AppData\Roaming\Ryujinx\sdcard\atmosphere\contents"
00:00:00.842 |I| ModLoader QueryContentsDir: Searching mods for DLC 0100B04011743121 in "C:\Users\[redacted]\AppData\Roaming\Ryujinx\sdcard\atmosphere\contents"
00:00:00.842 |I| ModLoader QueryContentsDir: Searching mods for DLC 0100B04011743122 in "C:\Users\[redacted]\AppData\Roaming\Ryujinx\sdcard\atmosphere\contents"
00:00:00.842 |I| ModLoader QueryContentsDir: Searching mods for DLC 0100B04011743123 in "C:\Users\[redacted]\AppData\Roaming\Ryujinx\sdcard\atmosphere\contents"
00:00:00.842 |I| ModLoader QueryContentsDir: Searching mods for DLC 0100B04011743125 in "C:\Users\[redacted]\AppData\Roaming\Ryujinx\sdcard\atmosphere\contents"
00:00:00.842 |I| ModLoader QueryContentsDir: Searching mods for DLC 0100B04011743126 in "C:\Users\[redacted]\AppData\Roaming\Ryujinx\sdcard\atmosphere\contents"
00:00:00.842 |I| ModLoader QueryContentsDir: Searching mods for DLC 0100B04011743127 in "C:\Users\[redacted]\AppData\Roaming\Ryujinx\sdcard\atmosphere\contents"
00:00:00.842 |I| ModLoader QueryContentsDir: Searching mods for DLC 0100B04011743128 in "C:\Users\[redacted]\AppData\Roaming\Ryujinx\sdcard\atmosphere\contents"
00:00:00.842 |I| ModLoader QueryContentsDir: Searching mods for DLC 0100B04011743129 in "C:\Users\[redacted]\AppData\Roaming\Ryujinx\sdcard\atmosphere\contents"
00:00:00.842 |I| ModLoader QueryContentsDir: Searching mods for DLC 0100B0401174312A in "C:\Users\[redacted]\AppData\Roaming\Ryujinx\sdcard\atmosphere\contents"
00:00:00.842 |I| ModLoader QueryContentsDir: Searching mods for DLC 0100B0401174312B in "C:\Users\[redacted]\AppData\Roaming\Ryujinx\sdcard\atmosphere\contents"
00:00:00.842 |I| ModLoader QueryContentsDir: Searching mods for DLC 0100B0401174312C in "C:\Users\[redacted]\AppData\Roaming\Ryujinx\sdcard\atmosphere\contents"
00:00:00.847 |I| Loader Load: Loading rtld...
00:00:00.863 |I| Loader PrintRoSectionInfo: rtld:
    Module: nnrtld
00:00:00.863 |I| Loader Load: Loading main...
00:00:03.358 |I| Loader PrintRoSectionInfo: main:
    Module: D:\RELauncher\engines\0\bin\Master\runtime_il2cpp.nss
    SDK Libraries: SDK MW+Nintendo+NintendoSDK_libcurl-11_4_3-Release
                   SDK MW+Nintendo+NintendoSDK_WebSocket-11_4_3-Release
                   SDK MW+Nintendo+Wslay-1_1_0-Release
                   SDK MW+Nintendo+NintendoSDK_NPLN-1_0_5-Release
                   SDK MW+Nintendo+NintendoSDK_Google_APIs_For_NPLN-1_0_5-Release
                   SDK MW+Nintendo+NintendoSDK_gRPC_For_NPLN-0_0_0-Release
                   SDK MW+Nintendo+NintendoSDK_OpenSSL_For_NPLN-0_0_0-Release
                   SDK MW+Nintendo+NintendoSDK_WebRTC_For_NPLN-0_0_0-Release
                   SDK MW+Nintendo+54374
                   SDK MW+Nintendo+PiaCommon-5_33_0
                   SDK MW+Nintendo+Pia-5_33_0
                   SDK MW+Nintendo+PiaLocal-5_33_0
                   SDK MW+Nintendo+PiaSession-5_33_0
                   SDK MW+Nintendo+PiaTransport-5_33_0
00:00:03.358 |I| Loader Load: Loading subsdk0...
00:00:03.405 |I| Loader PrintRoSectionInfo: subsdk0:
    Module: multimedia
    SDK Libraries: SDK MW+Nintendo+NintendoSDK_movie-11_4_3-Release
00:00:03.405 |I| Loader Load: Loading sdk...
00:00:03.514 |I| Loader PrintRoSectionInfo: sdk:
    Module: nnSdk
    FS SDK Version: 11.4.3
    SDK Libraries: SDK MW+Nintendo+NintendoSDK_libz-11_4_3-Release
                   SDK MW+Nintendo+NintendoSdk_nnSdk-11_4_3-Release
                   SDK MW+Nintendo+NintendoSDK_NVN-11_4_3-Release
00:00:03.530 |W| Loader LoadNsos: [Nextendo] NPDM meta.Flags=0x27 (bit0/Is64Bit=1, addrSpace=3) execCount=4
00:00:03.530 |N| Loader LoadNsos: [Nextendo] identifiant(s) de build : 6F8B1226CC8CD958021D6BFD226EBF23F892AB9B000000000000000000000000, C9A3DD7702075ECD90101F45553895822804D38F000000000000000000000000, 507F19D1240D09D00992248E8A0FD77EBD784EB4000000000000000000000000, 2D369D9999E3E10E665106F840FFFF9BDAA0BB8E000000000000000000000000
00:00:04.064 |I| Ptc Initialize: Initializing Profiled Persistent Translation Cache v7019
		 (title: 0100b04011742000, version: '16.0.2', selector: 'default', enabled: True).
00:00:09.090 |I| Ptc Load: Loaded Translation Cache (size: 176389107 bytes, translated functions: 64798).
00:00:09.119 |I| Ptc Load: Loaded Profiling Info (size: 283246 bytes, profiled functions: 65269).
00:00:09.130 |I| Application ParseCapability: Application requested cores with index range 0 to 2
00:00:09.132 |I| Loader LoadNsos: Loading image 0 at 0x0000000008500000...
00:00:09.134 |I| Loader LoadNsos: Loading image 1 at 0x0000000008504000...
00:00:09.308 |I| Loader LoadNsos: Loading image 2 at 0x000000001b0d6000...
00:00:09.312 |I| Loader LoadNsos: Loading image 3 at 0x000000001b77c000...
00:00:09.322 |I| ModLoader LoadCheats: Build ids found for application 0100B04011742000:
    6F8B1226CC8CD958021D6BFD226EBF23F892AB9B000000000000000000000000
    C9A3DD7702075ECD90101F45553895822804D38F000000000000000000000000
    507F19D1240D09D00992248E8A0FD77EBD784EB4000000000000000000000000
    2D369D9999E3E10E665106F840FFFF9BDAA0BB8E000000000000000000000000
00:00:09.323 |I| Application .ctor: metaLoader: LibHac.Loader.MetaLoader
00:00:09.330 |I| ModLoader Appliquer: [Nextendo] Ecran-titre : appel pour 0100B04011742000 (romfs present)
00:00:09.333 |I| Application EnsureSaveData: Ensuring required savedata exists.
00:00:09.353 |I| Application EnsureSaveData: [Nextendo] cache de livraison BCAT pret pour 0100B04011742000 (0 octets).
00:00:09.447 |I| Loader Start: Application Loaded: MONSTER HUNTER RISE v16.0.2 [0100b04011742000] [64-bit]
00:00:09.452 |I| Loader Start: Process identity: Application pid=109 program=0100b04011742000 application=0100b04011742000 index=0 version=16.0.2
00:00:09.529 |I| GUI.WindowThread Hid Configure: Configured Controller ProController to Player1
00:00:09.554 |I| GUI.WindowThread Hid SetupNpad: Connected Controller ProController to Player1
00:00:09.695 |I| Application PrimeAsync: [Nextendo][notif] in-game start — baseline 0 request(s), 0 friend(s), 0 in a game
00:00:10.132 |N| GUI.RenderThread Gpu PrintGpuInformation: AMD Radeon(TM) Vega 8 Graphics (Vulkan v1.3.260, Driver v2.0.279)
00:00:10.133 |N| GUI.RenderThread Gpu PrintGpuInformation: GPU Memory: 1024 MiB
00:00:10.156 |I| GPU.MainThread Gpu LoadShaders: Loading 256 shaders from the cache...
00:00:10.777 |I| GPU.MainThread Gpu LoadShaders: Shader cache loaded.
00:00:11.968 |W| HLE.GuestThread.28 Cpu Allocate: JIT Cache of size 256 MB exhausted, creating new Cache Region (512 MB Total Allocation).
00:00:13.546 |W| HLE.GuestThread.28 Cpu Allocate: JIT Cache of size 512 MB exhausted, creating new Cache Region (768 MB Total Allocation).
00:00:15.381 |W| HLE.GuestThread.28 Cpu Allocate: JIT Cache of size 768 MB exhausted, creating new Cache Region (1 GB Total Allocation).
00:00:15.441 |I| HLE.GuestThread.28 Ptc LoadTranslations: 64573 translated functions loaded
00:00:15.469 |I| HLE.GuestThread.28 Ptc MakeAndSaveTranslations: 0 of 696 functions translated | Thread count: 1
00:00:28.590 |I| HLE.GuestThread.28 Ptc MakeAndSaveTranslations: 696 of 696 functions translated in 12,8144767 seconds | 0 functions blacklisted | Thread count: 1
00:00:29.011 |S| {Common} ServiceAm GetAppletResourceUserId: Stubbed. {appletResourceUserId: 1}
00:00:29.045 |S| {Common} ServiceAm AcquireForegroundRights: Stubbed. 
00:00:29.053 |S| {Common} ServiceAm SetFocusHandlingMode: Stubbed. {unknownFlag1: False ; unknownFlag2: False ; unknownFlag3: True}
00:00:29.055 |S| {Common} ServiceAm SetOutOfFocusSuspendingEnabled: Stubbed. {outOfFocusSuspendingEnabled: False}
00:00:29.081 |S| {Common} ServicePctl Initialize: Stubbed. 
00:00:35.527 |S| {Bsd} ServiceBsd RegisterClient: Stubbed. 
00:00:35.537 |S| {Bsd} ServiceBsd StartMonitoring: Stubbed. {unknown0: 0}
00:00:35.540 |S| {Common} ServiceSsl SetInterfaceVersion: Stubbed. {interfaceVersion: 3}
00:00:39.906 |I| Ptc.DiskWriter Ptc Save: Saved Translation Cache (size: 177806001 bytes, translated functions: 65494).
00:00:40.552 |S| {Common} ServiceAm SetFocusHandlingMode: Stubbed. {unknownFlag1: True ; unknownFlag2: True ; unknownFlag3: False}
00:00:40.552 |S| {Common} ServiceAm SetOutOfFocusSuspendingEnabled: Stubbed. {outOfFocusSuspendingEnabled: False}
00:00:40.554 |S| {Common} ServiceAm SetRestartMessageEnabled: Stubbed. {restartMessageEnabled: True}
00:00:40.556 |S| {Common} ServiceAm SetOperationModeChangedNotification: Stubbed. {operationModeChangedNotification: True}
00:00:40.557 |S| {Common} ServiceAm SetPerformanceModeChangedNotification: Stubbed. {performanceModeChangedNotification: True}
00:00:40.558 |S| {Common} ServiceAm LockExit: Stubbed. 
00:00:40.578 |S| {Common} ServiceAcc InitializeApplicationInfo: Stubbed. {TitleId: 72251383255146496}
00:00:40.592 |W| {Common} Loader GetProcess: Process metadata for pid 110 was not found. Falling back to active application metadata.
00:00:40.592 |S| {Common} ServiceAcc IsUserAccountSwitchLocked: Stubbed. 
00:00:40.933 |S| {Nv} ServiceNv FinishInitialize: Stubbed. 
00:00:40.960 |I| {Common} SurfaceFlinger CreateLayerFromId: Creating layer 1
00:00:40.970 |I| {Common} SurfaceFlinger CreateLayerFromId: Creating layer 2
00:00:41.050 |I| {Nv} Gpu Initialize: AutoDelete Cache Allocated VRAM : 0 GiB
00:00:41.058 |S| {Nv} ServiceNv InitializeEx: Stubbed. 
00:00:41.104 |S| {Nv} ServiceNv GetActiveSlotMask: Stubbed. 
00:00:41.106 |S| {Nv} ServiceNv ZbcSetTable: Stubbed. 
00:00:41.107 |S| {Nv} ServiceNv GetActiveSlotMask: Stubbed. 
00:00:41.251 |S| {Nv} ServiceNv SetNvMapFd: Stubbed. 
00:00:41.252 |S| {Nv} ServiceNv AllocGpfifoEx2: Stubbed. 
00:00:41.254 |S| {Nv} ServiceNv AllocObjCtx: Stubbed. 
00:00:41.256 |S| {Nv} ServiceNv SetErrorNotifier: Stubbed. 
00:00:41.256 |S| {Nv} ServiceNv SetUserData: Stubbed. 
00:00:41.257 |S| {Nv} ServiceNv SetTimeout: Stubbed. 
00:00:41.258 |S| {Nv} ServiceNv SetTimeslice: Stubbed. 
00:00:41.265 |S| {Nv} ServiceNv ZcullBind: Stubbed. 
00:00:41.405 |S| {Common} ServiceAm GetDefaultDisplayResolutionChangeEvent: Stubbed. 
00:00:41.596 |W| <MainThread> KernelSvc : MapSharedMemory() = InvalidMemoryRegion
00:00:41.601 |S| {Hid} ServiceHid ActiveNpadImpl: Stubbed. {appletResourceUserId: 1 ; revision: 3}
00:00:41.604 |I| GUI.WindowThread Hid SetupNpad: Disconnected Controller ProController from Player1
00:00:41.607 |W| GUI.WindowThread Hid Remap: No matching controllers found. Application requests 'ProController, Handheld, JoyconPair, JoyconLeft, JoyconRight' on 'Player1, Player2, Player3, Player4, Player5, Player6, Player7, Player8, Handheld'
00:00:41.608 |S| {Hid} ServiceHid SetSupportedNpadIdType: Stubbed. 9 Players: Handheld,Player1,Player2,Player3,Player4,Player5,Player6,Player7,Player8
00:00:41.609 |I| GUI.WindowThread Hid SetupNpad: Connected Controller ProController to Player1
00:00:41.609 |S| {Hid} ServiceHid SetSupportedNpadStyleSet: Stubbed. {pid: 109 ; appletResourceUserId: 1 ; type: ProController, Handheld, JoyconPair, JoyconLeft, JoyconRight}
00:00:41.614 |S| {Hid} ServiceHid SetNpadHandheldActivationMode: Stubbed. {appletResourceUserId: 1 ; _npadHandheldActivationMode: Single}
00:00:41.615 |S| {Hid} ServiceHid StartSixAxisSensor: Stubbed. {appletResourceUserId: 1 ; sixAxisSensorHandle: 139268}
00:00:41.625 |S| {Hid} ServiceHid ActivateKeyboard: Stubbed. {appletResourceUserId: 1}
00:00:41.626 |S| {Hid} ServiceHid ActivateMouse: Stubbed. {appletResourceUserId: 1}
00:00:41.630 |S| {Hid} ServiceHid ActivateTouchScreen: Stubbed. {appletResourceUserId: 1}
00:00:41.631 |S| {Hid} ServiceHid ActivateGesture: Stubbed. {appletResourceUserId: 1 ; unknown0: 1}
00:00:41.879 |S| {Hid} ServiceHid StartSixAxisSensor: Stubbed. {appletResourceUserId: 1 ; sixAxisSensorHandle: 131075}
00:00:41.880 |S| {Hid} ServiceHid StartSixAxisSensor: Stubbed. {appletResourceUserId: 1 ; sixAxisSensorHandle: 5}
00:00:41.881 |S| {Hid} ServiceHid StartSixAxisSensor: Stubbed. {appletResourceUserId: 1 ; sixAxisSensorHandle: 65541}
00:00:41.882 |S| {Hid} ServiceHid StartSixAxisSensor: Stubbed. {appletResourceUserId: 1 ; sixAxisSensorHandle: 6}
00:00:41.883 |S| {Hid} ServiceHid StartSixAxisSensor: Stubbed. {appletResourceUserId: 1 ; sixAxisSensorHandle: 65543}
00:00:41.887 |S| {Common} ServiceAm GetLibraryAppletLaunchableEvent: Stubbed. 
00:00:41.893 |I| {Common} ServiceAm .ctor: Applet 'SoftwareKeyboard' created.
00:00:41.900 |S| {Common} ServiceAm PresetLibraryAppletGpuTimeSliceZero: Stubbed. 
00:00:41.988 |S| {Common} ServiceAm OnBackgroundInteractiveData: Inline keyboard request UseChangedStringV2
00:00:41.995 |S| {Common} ServiceAm OnBackgroundInteractiveData: Inline keyboard request UseMovedCursorV2
00:00:42.304 |W| {Nv} ServiceNv Wait: GPU processing thread is too slow, waiting on CPU...
00:00:44.269 |I| HLE.OsThread.11 AudioRenderer AcquireSessionId: Registered new output (0)
00:00:44.333 |I| HLE.OsThread.11 Audio EnsureAudioStreamSetup: New audio stream setup with a target sample count of 1024
00:00:57.719 |S| {Hid} ServiceHid SetSupportedNpadStyleSet: Stubbed. {pid: 109 ; appletResourceUserId: 1 ; type: ProController, Handheld, JoyconPair}
00:00:57.927 |S| {Common} ServicePctl CheckFreeCommunicationPermission: Stubbed. 
00:00:58.617 |I| Ptc.DiskWriter Ptc Save: Saved Profiling Info (size: 283311 bytes, profiled functions: 65280).
00:01:02.648 |S| {Nv} ServiceNv SetNvMapFd: Stubbed. 
00:01:02.658 |I| HLE.OsThread.19 ServiceMm : Initialized module=NvDec requestId=1 autoClearEvent=False
00:01:02.682 |S| {Nv} ServiceNv SetNvMapFd: Stubbed. 
00:01:02.683 |S| {Nv} ServiceNv SetSubmitTimeout: Stubbed. 
00:01:03.919 |S| {Common} ServicePctl IsFreeCommunicationAvailable: Stubbed. 
00:01:06.975 |S| {Nv} ServiceNv SetNvMapFd: Stubbed. 
00:01:08.301 |I| HLE.OsThread.19 ServiceMm : Finalized requestId=1
00:01:08.930 |S| {Common} ServicePctl IsFreeCommunicationAvailable: Stubbed. 
00:01:13.957 |S| {Common} ServicePctl IsFreeCommunicationAvailable: Stubbed. 
00:01:14.359 |S| {Common} ServiceNs PrepareAddOnContentImpl: Stubbed. {index: 12}
00:01:14.381 |I| {Fs} Loader OpenDataStorageByDataId: Opened AddOnContent Data TitleID=0100B0401174300C
00:01:14.384 |S| {Common} ServiceNs PrepareAddOnContentImpl: Stubbed. {index: 12}
00:01:14.387 |I| {Fs} Loader OpenDataStorageByDataId: Opened AddOnContent Data TitleID=0100B0401174300C
00:01:14.389 |S| {Common} ServiceNs PrepareAddOnContentImpl: Stubbed. {index: 13}
00:01:14.393 |I| {Fs} Loader OpenDataStorageByDataId: Opened AddOnContent Data TitleID=0100B0401174300D
00:01:14.395 |S| {Common} ServiceNs PrepareAddOnContentImpl: Stubbed. {index: 13}
00:01:14.396 |I| {Fs} Loader OpenDataStorageByDataId: Opened AddOnContent Data TitleID=0100B0401174300D
00:01:14.398 |S| {Common} ServiceNs PrepareAddOnContentImpl: Stubbed. {index: 14}
00:01:14.404 |I| {Fs} Loader OpenDataStorageByDataId: Opened AddOnContent Data TitleID=0100B0401174300E
00:01:14.405 |S| {Common} ServiceNs PrepareAddOnContentImpl: Stubbed. {index: 14}
00:01:14.406 |I| {Fs} Loader OpenDataStorageByDataId: Opened AddOnContent Data TitleID=0100B0401174300E
00:01:14.407 |S| {Common} ServiceNs PrepareAddOnContentImpl: Stubbed. {index: 15}
00:01:14.410 |I| {Fs} Loader OpenDataStorageByDataId: Opened AddOnContent Data TitleID=0100B0401174300F
00:01:14.416 |S| {Common} ServiceNs PrepareAddOnContentImpl: Stubbed. {index: 15}
00:01:14.420 |I| {Fs} Loader OpenDataStorageByDataId: Opened AddOnContent Data TitleID=0100B0401174300F
00:01:14.423 |S| {Common} ServiceNs PrepareAddOnContentImpl: Stubbed. {index: 16}
00:01:14.428 |I| {Fs} Loader OpenDataStorageByDataId: Opened AddOnContent Data TitleID=0100B04011743010
00:01:14.430 |S| {Common} ServiceNs PrepareAddOnContentImpl: Stubbed. {index: 16}
00:01:14.430 |I| {Fs} Loader OpenDataStorageByDataId: Opened AddOnContent Data TitleID=0100B04011743010
00:01:14.432 |S| {Common} ServiceNs PrepareAddOnContentImpl: Stubbed. {index: 17}
00:01:14.439 |I| {Fs} Loader OpenDataStorageByDataId: Opened AddOnContent Data TitleID=0100B04011743011
00:01:14.440 |S| {Common} ServiceNs PrepareAddOnContentImpl: Stubbed. {index: 17}
00:01:14.441 |I| {Fs} Loader OpenDataStorageByDataId: Opened AddOnContent Data TitleID=0100B04011743011
00:01:14.441 |S| {Common} ServiceNs PrepareAddOnContentImpl: Stubbed. {index: 18}
00:01:14.443 |I| {Fs} Loader OpenDataStorageByDataId: Opened AddOnContent Data TitleID=0100B04011743012
00:01:14.444 |S| {Common} ServiceNs PrepareAddOnContentImpl: Stubbed. {index: 18}
00:01:14.444 |I| {Fs} Loader OpenDataStorageByDataId: Opened AddOnContent Data TitleID=0100B04011743012
00:01:14.445 |S| {Common} ServiceNs PrepareAddOnContentImpl: Stubbed. {index: 19}
00:01:14.451 |I| {Fs} Loader OpenDataStorageByDataId: Opened AddOnContent Data TitleID=0100B04011743013
00:01:14.454 |S| {Common} ServiceNs PrepareAddOnContentImpl: Stubbed. {index: 19}
00:01:14.455 |I| {Fs} Loader OpenDataStorageByDataId: Opened AddOnContent Data TitleID=0100B04011743013
00:01:14.459 |S| {Common} ServiceNs PrepareAddOnContentImpl: Stubbed. {index: 20}
00:01:14.472 |I| {Fs} Loader OpenDataStorageByDataId: Opened AddOnContent Data TitleID=0100B04011743014
00:01:14.473 |S| {Common} ServiceNs PrepareAddOnContentImpl: Stubbed. {index: 20}
00:01:14.474 |I| {Fs} Loader OpenDataStorageByDataId: Opened AddOnContent Data TitleID=0100B04011743014
00:01:14.475 |S| {Common} ServiceNs PrepareAddOnContentImpl: Stubbed. {index: 21}
00:01:14.476 |I| {Fs} Loader OpenDataStorageByDataId: Opened AddOnContent Data TitleID=0100B04011743015
00:01:14.476 |S| {Common} ServiceNs PrepareAddOnContentImpl: Stubbed. {index: 21}
00:01:14.477 |I| {Fs} Loader OpenDataStorageByDataId: Opened AddOnContent Data TitleID=0100B04011743015
00:01:14.478 |S| {Common} ServiceNs PrepareAddOnContentImpl: Stubbed. {index: 22}
00:01:14.479 |I| {Fs} Loader OpenDataStorageByDataId: Opened AddOnContent Data TitleID=0100B04011743016
00:01:14.480 |S| {Common} ServiceNs PrepareAddOnContentImpl: Stubbed. {index: 22}
00:01:14.480 |I| {Fs} Loader OpenDataStorageByDataId: Opened AddOnContent Data TitleID=0100B04011743016
00:01:14.482 |S| {Common} ServiceNs PrepareAddOnContentImpl: Stubbed. {index: 23}
00:01:14.482 |I| {Fs} Loader OpenDataStorageByDataId: Opened AddOnContent Data TitleID=0100B04011743017
00:01:14.483 |S| {Common} ServiceNs PrepareAddOnContentImpl: Stubbed. {index: 23}
00:01:14.483 |I| {Fs} Loader OpenDataStorageByDataId: Opened AddOnContent Data TitleID=0100B04011743017
00:01:14.488 |S| {Common} ServiceNs PrepareAddOnContentImpl: Stubbed. {index: 24}
00:01:14.490 |I| {Fs} Loader OpenDataStorageByDataId: Opened AddOnContent Data TitleID=0100B04011743018
00:01:14.491 |S| {Common} ServiceNs PrepareAddOnContentImpl: Stubbed. {index: 24}
00:01:14.491 |I| {Fs} Loader OpenDataStorageByDataId: Opened AddOnContent Data TitleID=0100B04011743018
00:01:14.494 |S| {Common} ServiceNs PrepareAddOnContentImpl: Stubbed. {index: 25}
00:01:14.496 |I| {Fs} Loader OpenDataStorageByDataId: Opened AddOnContent Data TitleID=0100B04011743019
00:01:14.498 |S| {Common} ServiceNs PrepareAddOnContentImpl: Stubbed. {index: 25}
00:01:14.499 |I| {Fs} Loader OpenDataStorageByDataId: Opened AddOnContent Data TitleID=0100B04011743019
00:01:14.501 |S| {Common} ServiceNs PrepareAddOnContentImpl: Stubbed. {index: 26}
00:01:14.503 |I| {Fs} Loader OpenDataStorageByDataId: Opened AddOnContent Data TitleID=0100B0401174301A
00:01:14.505 |S| {Common} ServiceNs PrepareAddOnContentImpl: Stubbed. {index: 26}
00:01:14.505 |I| {Fs} Loader OpenDataStorageByDataId: Opened AddOnContent Data TitleID=0100B0401174301A
00:01:14.506 |S| {Common} ServiceNs PrepareAddOnContentImpl: Stubbed. {index: 27}
00:01:14.507 |I| {Fs} Loader OpenDataStorageByDataId: Opened AddOnContent Data TitleID=0100B0401174301B
00:01:14.508 |S| {Common} ServiceNs PrepareAddOnContentImpl: Stubbed. {index: 27}
00:01:14.508 |I| {Fs} Loader OpenDataStorageByDataId: Opened AddOnContent Data TitleID=0100B0401174301B
00:01:14.510 |S| {Common} ServiceNs PrepareAddOnContentImpl: Stubbed. {index: 28}
00:01:14.511 |I| {Fs} Loader OpenDataStorageByDataId: Opened AddOnContent Data TitleID=0100B0401174301C
00:01:14.511 |S| {Common} ServiceNs PrepareAddOnContentImpl: Stubbed. {index: 28}
00:01:14.512 |I| {Fs} Loader OpenDataStorageByDataId: Opened AddOnContent Data TitleID=0100B0401174301C
00:01:14.513 |S| {Common} ServiceNs PrepareAddOnContentImpl: Stubbed. {index: 29}
00:01:14.514 |I| {Fs} Loader OpenDataStorageByDataId: Opened AddOnContent Data TitleID=0100B0401174301D
00:01:14.515 |S| {Common} ServiceNs PrepareAddOnContentImpl: Stubbed. {index: 29}
00:01:14.515 |I| {Fs} Loader OpenDataStorageByDataId: Opened AddOnContent Data TitleID=0100B0401174301D
00:01:14.516 |S| {Common} ServiceNs PrepareAddOnContentImpl: Stubbed. {index: 30}
00:01:14.523 |I| {Fs} Loader OpenDataStorageByDataId: Opened AddOnContent Data TitleID=0100B0401174301E
00:01:14.525 |S| {Common} ServiceNs PrepareAddOnContentImpl: Stubbed. {index: 30}
00:01:14.526 |I| {Fs} Loader OpenDataStorageByDataId: Opened AddOnContent Data TitleID=0100B0401174301E
00:01:14.529 |S| {Common} ServiceNs PrepareAddOnContentImpl: Stubbed. {index: 31}
00:01:14.531 |I| {Fs} Loader OpenDataStorageByDataId: Opened AddOnContent Data TitleID=0100B0401174301F
00:01:14.533 |S| {Common} ServiceNs PrepareAddOnContentImpl: Stubbed. {index: 31}
00:01:14.536 |I| {Fs} Loader OpenDataStorageByDataId: Opened AddOnContent Data TitleID=0100B0401174301F
00:01:14.537 |S| {Common} ServiceNs PrepareAddOnContentImpl: Stubbed. {index: 32}
00:01:14.538 |I| {Fs} Loader OpenDataStorageByDataId: Opened AddOnContent Data TitleID=0100B04011743020
00:01:14.539 |S| {Common} ServiceNs PrepareAddOnContentImpl: Stubbed. {index: 32}
00:01:14.539 |I| {Fs} Loader OpenDataStorageByDataId: Opened AddOnContent Data TitleID=0100B04011743020
00:01:14.540 |S| {Common} ServiceNs PrepareAddOnContentImpl: Stubbed. {index: 33}
00:01:14.541 |I| {Fs} Loader OpenDataStorageByDataId: Opened AddOnContent Data TitleID=0100B04011743021
00:01:14.542 |S| {Common} ServiceNs PrepareAddOnContentImpl: Stubbed. {index: 33}
00:01:14.543 |I| {Fs} Loader OpenDataStorageByDataId: Opened AddOnContent Data TitleID=0100B04011743021
00:01:14.544 |S| {Common} ServiceNs PrepareAddOnContentImpl: Stubbed. {index: 34}
00:01:14.544 |I| {Fs} Loader OpenDataStorageByDataId: Opened AddOnContent Data TitleID=0100B04011743022
00:01:14.545 |S| {Common} ServiceNs PrepareAddOnContentImpl: Stubbed. {index: 34}
00:01:14.546 |I| {Fs} Loader OpenDataStorageByDataId: Opened AddOnContent Data TitleID=0100B04011743022
00:01:14.547 |S| {Common} ServiceNs PrepareAddOnContentImpl: Stubbed. {index: 35}
00:01:14.548 |I| {Fs} Loader OpenDataStorageByDataId: Opened AddOnContent Data TitleID=0100B04011743023
00:01:14.549 |S| {Common} ServiceNs PrepareAddOnContentImpl: Stubbed. {index: 35}
00:01:14.549 |I| {Fs} Loader OpenDataStorageByDataId: Opened AddOnContent Data TitleID=0100B04011743023
00:01:14.550 |S| {Common} ServiceNs PrepareAddOnContentImpl: Stubbed. {index: 36}
00:01:14.551 |I| {Fs} Loader OpenDataStorageByDataId: Opened AddOnContent Data TitleID=0100B04011743024
00:01:14.554 |S| {Common} ServiceNs PrepareAddOnContentImpl: Stubbed. {index: 36}
00:01:14.555 |I| {Fs} Loader OpenDataStorageByDataId: Opened AddOnContent Data TitleID=0100B04011743024
00:01:14.556 |S| {Common} ServiceNs PrepareAddOnContentImpl: Stubbed. {index: 37}
00:01:14.557 |I| {Fs} Loader OpenDataStorageByDataId: Opened AddOnContent Data TitleID=0100B04011743025
00:01:14.559 |S| {Common} ServiceNs PrepareAddOnContentImpl: Stubbed. {index: 37}
00:01:14.559 |I| {Fs} Loader OpenDataStorageByDataId: Opened AddOnContent Data TitleID=0100B04011743025
00:01:14.563 |S| {Common} ServiceNs PrepareAddOnContentImpl: Stubbed. {index: 38}
00:01:14.565 |I| {Fs} Loader OpenDataStorageByDataId: Opened AddOnContent Data TitleID=0100B04011743026
00:01:14.569 |S| {Common} ServiceNs PrepareAddOnContentImpl: Stubbed. {index: 38}
00:01:14.571 |I| {Fs} Loader OpenDataStorageByDataId: Opened AddOnContent Data TitleID=0100B04011743026
00:01:14.572 |S| {Common} ServiceNs PrepareAddOnContentImpl: Stubbed. {index: 39}
00:01:14.574 |I| {Fs} Loader OpenDataStorageByDataId: Opened AddOnContent Data TitleID=0100B04011743027
00:01:14.575 |S| {Common} ServiceNs PrepareAddOnContentImpl: Stubbed. {index: 39}
00:01:14.575 |I| {Fs} Loader OpenDataStorageByDataId: Opened AddOnContent Data TitleID=0100B04011743027
00:01:14.576 |S| {Common} ServiceNs PrepareAddOnContentImpl: Stubbed. {index: 40}
00:01:14.576 |I| {Fs} Loader OpenDataStorageByDataId: Opened AddOnContent Data TitleID=0100B04011743028
00:01:14.577 |S| {Common} ServiceNs PrepareAddOnContentImpl: Stubbed. {index: 40}
00:01:14.578 |I| {Fs} Loader OpenDataStorageByDataId: Opened AddOnContent Data TitleID=0100B04011743028
00:01:14.579 |S| {Common} ServiceNs PrepareAddOnContentImpl: Stubbed. {index: 41}
00:01:14.580 |I| {Fs} Loader OpenDataStorageByDataId: Opened AddOnContent Data TitleID=0100B04011743029
00:01:14.581 |S| {Common} ServiceNs PrepareAddOnContentImpl: Stubbed. {index: 41}
00:01:14.581 |I| {Fs} Loader OpenDataStorageByDataId: Opened AddOnContent Data TitleID=0100B04011743029
00:01:14.582 |S| {Common} ServiceNs PrepareAddOnContentImpl: Stubbed. {index: 42}
00:01:14.583 |I| {Fs} Loader OpenDataStorageByDataId: Opened AddOnContent Data TitleID=0100B0401174302A
00:01:14.584 |S| {Common} ServiceNs PrepareAddOnContentImpl: Stubbed. {index: 42}
00:01:14.584 |I| {Fs} Loader OpenDataStorageByDataId: Opened AddOnContent Data TitleID=0100B0401174302A
00:01:14.587 |S| {Common} ServiceNs PrepareAddOnContentImpl: Stubbed. {index: 43}
00:01:14.588 |I| {Fs} Loader OpenDataStorageByDataId: Opened AddOnContent Data TitleID=0100B0401174302B
00:01:14.588 |S| {Common} ServiceNs PrepareAddOnContentImpl: Stubbed. {index: 43}
00:01:14.589 |I| {Fs} Loader OpenDataStorageByDataId: Opened AddOnContent Data TitleID=0100B0401174302B
00:01:14.589 |S| {Common} ServiceNs PrepareAddOnContentImpl: Stubbed. {index: 44}
00:01:14.590 |I| {Fs} Loader OpenDataStorageByDataId: Opened AddOnContent Data TitleID=0100B0401174302C
00:01:14.591 |S| {Common} ServiceNs PrepareAddOnContentImpl: Stubbed. {index: 44}
00:01:14.597 |I| {Fs} Loader OpenDataStorageByDataId: Opened AddOnContent Data TitleID=0100B0401174302C
00:01:14.599 |S| {Common} ServiceNs PrepareAddOnContentImpl: Stubbed. {index: 45}
00:01:14.601 |I| {Fs} Loader OpenDataStorageByDataId: Opened AddOnContent Data TitleID=0100B0401174302D
00:01:14.605 |S| {Common} ServiceNs PrepareAddOnContentImpl: Stubbed. {index: 45}
00:01:14.606 |I| {Fs} Loader OpenDataStorageByDataId: Opened AddOnContent Data TitleID=0100B0401174302D
00:01:14.608 |S| {Common} ServiceNs PrepareAddOnContentImpl: Stubbed. {index: 46}
00:01:14.609 |I| {Fs} Loader OpenDataStorageByDataId: Opened AddOnContent Data TitleID=0100B0401174302E
00:01:14.609 |S| {Common} ServiceNs PrepareAddOnContentImpl: Stubbed. {index: 46}
00:01:14.610 |I| {Fs} Loader OpenDataStorageByDataId: Opened AddOnContent Data TitleID=0100B0401174302E
00:01:14.610 |S| {Common} ServiceNs PrepareAddOnContentImpl: Stubbed. {index: 47}
00:01:14.611 |I| {Fs} Loader OpenDataStorageByDataId: Opened AddOnContent Data TitleID=0100B0401174302F
00:01:14.612 |S| {Common} ServiceNs PrepareAddOnContentImpl: Stubbed. {index: 47}
00:01:14.612 |I| {Fs} Loader OpenDataStorageByDataId: Opened AddOnContent Data TitleID=0100B0401174302F
00:01:14.613 |S| {Common} ServiceNs PrepareAddOnContentImpl: Stubbed. {index: 48}
00:01:14.614 |I| {Fs} Loader OpenDataStorageByDataId: Opened AddOnContent Data TitleID=0100B04011743030
00:01:14.615 |S| {Common} ServiceNs PrepareAddOnContentImpl: Stubbed. {index: 48}
00:01:14.615 |I| {Fs} Loader OpenDataStorageByDataId: Opened AddOnContent Data TitleID=0100B04011743030
00:01:14.616 |S| {Common} ServiceNs PrepareAddOnContentImpl: Stubbed. {index: 49}
00:01:14.617 |I| {Fs} Loader OpenDataStorageByDataId: Opened AddOnContent Data TitleID=0100B04011743031
00:01:14.619 |S| {Common} ServiceNs PrepareAddOnContentImpl: Stubbed. {index: 49}
00:01:14.619 |I| {Fs} Loader OpenDataStorageByDataId: Opened AddOnContent Data TitleID=0100B04011743031
00:01:14.621 |S| {Common} ServiceNs PrepareAddOnContentImpl: Stubbed. {index: 50}
00:01:14.621 |I| {Fs} Loader OpenDataStorageByDataId: Opened AddOnContent Data TitleID=0100B04011743032
00:01:14.622 |S| {Common} ServiceNs PrepareAddOnContentImpl: Stubbed. {index: 50}
00:01:14.622 |I| {Fs} Loader OpenDataStorageByDataId: Opened AddOnContent Data TitleID=0100B04011743032
00:01:14.624 |S| {Common} ServiceNs PrepareAddOnContentImpl: Stubbed. {index: 51}
00:01:14.625 |I| {Fs} Loader OpenDataStorageByDataId: Opened AddOnContent Data TitleID=0100B04011743033
00:01:14.626 |S| {Common} ServiceNs PrepareAddOnContentImpl: Stubbed. {index: 51}
00:01:14.627 |I| {Fs} Loader OpenDataStorageByDataId: Opened AddOnContent Data TitleID=0100B04011743033
00:01:14.630 |S| {Common} ServiceNs PrepareAddOnContentImpl: Stubbed. {index: 52}
00:01:14.631 |I| {Fs} Loader OpenDataStorageByDataId: Opened AddOnContent Data TitleID=0100B04011743034
00:01:14.633 |S| {Common} ServiceNs PrepareAddOnContentImpl: Stubbed. {index: 52}
00:01:14.638 |I| {Fs} Loader OpenDataStorageByDataId: Opened AddOnContent Data TitleID=0100B04011743034
00:01:14.639 |S| {Common} ServiceNs PrepareAddOnContentImpl: Stubbed. {index: 53}
00:01:14.640 |I| {Fs} Loader OpenDataStorageByDataId: Opened AddOnContent Data TitleID=0100B04011743035
00:01:14.641 |S| {Common} ServiceNs PrepareAddOnContentImpl: Stubbed. {index: 53}
00:01:14.641 |I| {Fs} Loader OpenDataStorageByDataId: Opened AddOnContent Data TitleID=0100B04011743035
00:01:14.642 |S| {Common} ServiceNs PrepareAddOnContentImpl: Stubbed. {index: 54}
00:01:14.643 |I| {Fs} Loader OpenDataStorageByDataId: Opened AddOnContent Data TitleID=0100B04011743036
00:01:14.644 |S| {Common} ServiceNs PrepareAddOnContentImpl: Stubbed. {index: 54}
00:01:14.644 |I| {Fs} Loader OpenDataStorageByDataId: Opened AddOnContent Data TitleID=0100B04011743036
00:01:14.645 |S| {Common} ServiceNs PrepareAddOnContentImpl: Stubbed. {index: 55}
00:01:14.646 |I| {Fs} Loader OpenDataStorageByDataId: Opened AddOnContent Data TitleID=0100B04011743037
00:01:14.647 |S| {Common} ServiceNs PrepareAddOnContentImpl: Stubbed. {index: 55}
00:01:14.647 |I| {Fs} Loader OpenDataStorageByDataId: Opened AddOnContent Data TitleID=0100B04011743037
00:01:14.648 |S| {Common} ServiceNs PrepareAddOnContentImpl: Stubbed. {index: 56}
00:01:14.649 |I| {Fs} Loader OpenDataStorageByDataId: Opened AddOnContent Data TitleID=0100B04011743038
00:01:14.649 |S| {Common} ServiceNs PrepareAddOnContentImpl: Stubbed. {index: 56}
00:01:14.650 |I| {Fs} Loader OpenDataStorageByDataId: Opened AddOnContent Data TitleID=0100B04011743038
00:01:14.654 |S| {Common} ServiceNs PrepareAddOnContentImpl: Stubbed. {index: 57}
00:01:14.655 |I| {Fs} Loader OpenDataStorageByDataId: Opened AddOnContent Data TitleID=0100B04011743039
00:01:14.656 |S| {Common} ServiceNs PrepareAddOnContentImpl: Stubbed. {index: 57}
00:01:14.656 |I| {Fs} Loader OpenDataStorageByDataId: Opened AddOnContent Data TitleID=0100B04011743039
00:01:14.659 |S| {Common} ServiceNs PrepareAddOnContentImpl: Stubbed. {index: 58}
00:01:14.661 |I| {Fs} Loader OpenDataStorageByDataId: Opened AddOnContent Data TitleID=0100B0401174303A
00:01:14.665 |S| {Common} ServiceNs PrepareAddOnContentImpl: Stubbed. {index: 58}
00:01:14.666 |I| {Fs} Loader OpenDataStorageByDataId: Opened AddOnContent Data TitleID=0100B0401174303A
00:01:14.669 |S| {Common} ServiceNs PrepareAddOnContentImpl: Stubbed. {index: 59}
00:01:14.670 |I| {Fs} Loader OpenDataStorageByDataId: Opened AddOnContent Data TitleID=0100B0401174303B
00:01:14.670 |S| {Common} ServiceNs PrepareAddOnContentImpl: Stubbed. {index: 59}
00:01:14.679 |I| {Fs} Loader OpenDataStorageByDataId: Opened AddOnContent Data TitleID=0100B0401174303B
00:01:14.680 |S| {Common} ServiceNs PrepareAddOnContentImpl: Stubbed. {index: 60}
00:01:14.681 |I| {Fs} Loader OpenDataStorageByDataId: Opened AddOnContent Data TitleID=0100B0401174303C
00:01:14.682 |S| {Common} ServiceNs PrepareAddOnContentImpl: Stubbed. {index: 60}
00:01:14.682 |I| {Fs} Loader OpenDataStorageByDataId: Opened AddOnContent Data TitleID=0100B0401174303C
00:01:14.683 |S| {Common} ServiceNs PrepareAddOnContentImpl: Stubbed. {index: 61}
00:01:14.684 |I| {Fs} Loader OpenDataStorageByDataId: Opened AddOnContent Data TitleID=0100B0401174303D
00:01:14.687 |S| {Common} ServiceNs PrepareAddOnContentImpl: Stubbed. {index: 61}
00:01:14.688 |I| {Fs} Loader OpenDataStorageByDataId: Opened AddOnContent Data TitleID=0100B0401174303D
00:01:14.689 |S| {Common} ServiceNs PrepareAddOnContentImpl: Stubbed. {index: 62}
00:01:14.689 |I| {Fs} Loader OpenDataStorageByDataId: Opened AddOnContent Data TitleID=0100B0401174303E
00:01:14.690 |S| {Common} ServiceNs PrepareAddOnContentImpl: Stubbed. {index: 62}
00:01:14.690 |I| {Fs} Loader OpenDataStorageByDataId: Opened AddOnContent Data TitleID=0100B0401174303E
00:01:14.693 |S| {Common} ServiceNs PrepareAddOnContentImpl: Stubbed. {index: 63}
00:01:14.694 |I| {Fs} Loader OpenDataStorageByDataId: Opened AddOnContent Data TitleID=0100B0401174303F
00:01:14.696 |S| {Common} ServiceNs PrepareAddOnContentImpl: Stubbed. {index: 63}
00:01:14.698 |I| {Fs} Loader OpenDataStorageByDataId: Opened AddOnContent Data TitleID=0100B0401174303F
00:01:14.705 |S| {Common} ServiceNs PrepareAddOnContentImpl: Stubbed. {index: 64}
00:01:14.706 |I| {Fs} Loader OpenDataStorageByDataId: Opened AddOnContent Data TitleID=0100B04011743040
00:01:14.706 |S| {Common} ServiceNs PrepareAddOnContentImpl: Stubbed. {index: 64}
00:01:14.707 |I| {Fs} Loader OpenDataStorageByDataId: Opened AddOnContent Data TitleID=0100B04011743040
00:01:14.708 |S| {Common} ServiceNs PrepareAddOnContentImpl: Stubbed. {index: 65}
00:01:14.708 |I| {Fs} Loader OpenDataStorageByDataId: Opened AddOnContent Data TitleID=0100B04011743041
00:01:14.709 |S| {Common} ServiceNs PrepareAddOnContentImpl: Stubbed. {index: 65}
00:01:14.709 |I| {Fs} Loader OpenDataStorageByDataId: Opened AddOnContent Data TitleID=0100B04011743041
00:01:14.710 |S| {Common} ServiceNs PrepareAddOnContentImpl: Stubbed. {index: 66}
00:01:14.711 |I| {Fs} Loader OpenDataStorageByDataId: Opened AddOnContent Data TitleID=0100B04011743042
00:01:14.711 |S| {Common} ServiceNs PrepareAddOnContentImpl: Stubbed. {index: 66}
00:01:14.712 |I| {Fs} Loader OpenDataStorageByDataId: Opened AddOnContent Data TitleID=0100B04011743042
00:01:14.713 |S| {Common} ServiceNs PrepareAddOnContentImpl: Stubbed. {index: 67}
00:01:14.713 |I| {Fs} Loader OpenDataStorageByDataId: Opened AddOnContent Data TitleID=0100B04011743043
00:01:14.714 |S| {Common} ServiceNs PrepareAddOnContentImpl: Stubbed. {index: 67}
00:01:14.714 |I| {Fs} Loader OpenDataStorageByDataId: Opened AddOnContent Data TitleID=0100B04011743043
00:01:14.715 |S| {Common} ServiceNs PrepareAddOnContentImpl: Stubbed. {index: 68}
00:01:14.716 |I| {Fs} Loader OpenDataStorageByDataId: Opened AddOnContent Data TitleID=0100B04011743044
00:01:14.717 |S| {Common} ServiceNs PrepareAddOnContentImpl: Stubbed. {index: 68}
00:01:14.721 |I| {Fs} Loader OpenDataStorageByDataId: Opened AddOnContent Data TitleID=0100B04011743044
00:01:14.722 |S| {Common} ServiceNs PrepareAddOnContentImpl: Stubbed. {index: 69}
00:01:14.723 |I| {Fs} Loader OpenDataStorageByDataId: Opened AddOnContent Data TitleID=0100B04011743045
00:01:14.724 |S| {Common} ServiceNs PrepareAddOnContentImpl: Stubbed. {index: 69}
00:01:14.724 |I| {Fs} Loader OpenDataStorageByDataId: Opened AddOnContent Data TitleID=0100B04011743045
00:01:14.726 |S| {Common} ServiceNs PrepareAddOnContentImpl: Stubbed. {index: 70}
00:01:14.728 |I| {Fs} Loader OpenDataStorageByDataId: Opened AddOnContent Data TitleID=0100B04011743046
00:01:14.729 |S| {Common} ServiceNs PrepareAddOnContentImpl: Stubbed. {index: 70}
00:01:14.842 |I| {Fs} Loader OpenDataStorageByDataId: Opened AddOnContent Data TitleID=0100B04011743046
00:01:14.856 |S| {Common} ServiceNs PrepareAddOnContentImpl: Stubbed. {index: 71}
00:01:14.857 |I| {Fs} Loader OpenDataStorageByDataId: Opened AddOnContent Data TitleID=0100B04011743047
00:01:14.858 |S| {Common} ServiceNs PrepareAddOnContentImpl: Stubbed. {index: 71}
00:01:14.858 |I| {Fs} Loader OpenDataStorageByDataId: Opened AddOnContent Data TitleID=0100B04011743047
00:01:14.859 |S| {Common} ServiceNs PrepareAddOnContentImpl: Stubbed. {index: 72}
00:01:14.860 |I| {Fs} Loader OpenDataStorageByDataId: Opened AddOnContent Data TitleID=0100B04011743048
00:01:14.861 |S| {Common} ServiceNs PrepareAddOnContentImpl: Stubbed. {index: 72}
00:01:14.862 |I| {Fs} Loader OpenDataStorageByDataId: Opened AddOnContent Data TitleID=0100B04011743048
00:01:14.863 |S| {Common} ServiceNs PrepareAddOnContentImpl: Stubbed. {index: 73}
00:01:14.865 |I| {Fs} Loader OpenDataStorageByDataId: Opened AddOnContent Data TitleID=0100B04011743049
00:01:14.866 |S| {Common} ServiceNs PrepareAddOnContentImpl: Stubbed. {index: 73}
00:01:14.873 |I| {Fs} Loader OpenDataStorageByDataId: Opened AddOnContent Data TitleID=0100B04011743049
00:01:14.876 |S| {Common} ServiceNs PrepareAddOnContentImpl: Stubbed. {index: 74}
00:01:14.885 |I| {Fs} Loader OpenDataStorageByDataId: Opened AddOnContent Data TitleID=0100B0401174304A
00:01:14.891 |S| {Common} ServiceNs PrepareAddOnContentImpl: Stubbed. {index: 74}
00:01:14.892 |I| {Fs} Loader OpenDataStorageByDataId: Opened AddOnContent Data TitleID=0100B0401174304A
00:01:14.893 |S| {Common} ServiceNs PrepareAddOnContentImpl: Stubbed. {index: 75}
00:01:14.895 |I| {Fs} Loader OpenDataStorageByDataId: Opened AddOnContent Data TitleID=0100B0401174304B
00:01:14.895 |S| {Common} ServiceNs PrepareAddOnContentImpl: Stubbed. {index: 75}
00:01:14.895 |I| {Fs} Loader OpenDataStorageByDataId: Opened AddOnContent Data TitleID=0100B0401174304B
00:01:16.392 |S| {Common} ServiceNs PrepareAddOnContentImpl: Stubbed. {index: 76}
00:01:16.395 |I| {Fs} Loader OpenDataStorageByDataId: Opened AddOnContent Data TitleID=0100B0401174304C
00:01:16.396 |S| {Common} ServiceNs PrepareAddOnContentImpl: Stubbed. {index: 76}
00:01:16.399 |I| {Fs} Loader OpenDataStorageByDataId: Opened AddOnContent Data TitleID=0100B0401174304C
00:01:16.407 |S| {Common} ServiceNs PrepareAddOnContentImpl: Stubbed. {index: 77}
00:01:16.412 |I| {Fs} Loader OpenDataStorageByDataId: Opened AddOnContent Data TitleID=0100B0401174304D
00:01:16.412 |S| {Common} ServiceNs PrepareAddOnContentImpl: Stubbed. {index: 77}
00:01:16.413 |I| {Fs} Loader OpenDataStorageByDataId: Opened AddOnContent Data TitleID=0100B0401174304D
00:01:16.414 |S| {Common} ServiceNs PrepareAddOnContentImpl: Stubbed. {index: 78}
00:01:16.420 |I| {Fs} Loader OpenDataStorageByDataId: Opened AddOnContent Data TitleID=0100B0401174304E
00:01:16.422 |S| {Common} ServiceNs PrepareAddOnContentImpl: Stubbed. {index: 78}
00:01:16.422 |I| {Fs} Loader OpenDataStorageByDataId: Opened AddOnContent Data TitleID=0100B0401174304E
00:01:16.423 |S| {Common} ServiceNs PrepareAddOnContentImpl: Stubbed. {index: 79}
00:01:16.430 |I| {Fs} Loader OpenDataStorageByDataId: Opened AddOnContent Data TitleID=0100B0401174304F
00:01:16.431 |S| {Common} ServiceNs PrepareAddOnContentImpl: Stubbed. {index: 79}
00:01:16.431 |I| {Fs} Loader OpenDataStorageByDataId: Opened AddOnContent Data TitleID=0100B0401174304F
00:01:16.432 |S| {Common} ServiceNs PrepareAddOnContentImpl: Stubbed. {index: 80}
00:01:16.439 |I| {Fs} Loader OpenDataStorageByDataId: Opened AddOnContent Data TitleID=0100B04011743050
00:01:16.439 |S| {Common} ServiceNs PrepareAddOnContentImpl: Stubbed. {index: 80}
00:01:16.440 |I| {Fs} Loader OpenDataStorageByDataId: Opened AddOnContent Data TitleID=0100B04011743050
00:01:16.441 |S| {Common} ServiceNs PrepareAddOnContentImpl: Stubbed. {index: 81}
00:01:16.452 |I| {Fs} Loader OpenDataStorageByDataId: Opened AddOnContent Data TitleID=0100B04011743051
00:01:16.453 |S| {Common} ServiceNs PrepareAddOnContentImpl: Stubbed. {index: 81}
00:01:16.455 |I| {Fs} Loader OpenDataStorageByDataId: Opened AddOnContent Data TitleID=0100B04011743051
00:01:16.456 |S| {Common} ServiceNs PrepareAddOnContentImpl: Stubbed. {index: 82}
00:01:16.457 |I| {Fs} Loader OpenDataStorageByDataId: Opened AddOnContent Data TitleID=0100B04011743052
00:01:16.457 |S| {Common} ServiceNs PrepareAddOnContentImpl: Stubbed. {index: 82}
00:01:16.458 |I| {Fs} Loader OpenDataStorageByDataId: Opened AddOnContent Data TitleID=0100B04011743052
00:01:16.460 |S| {Common} ServiceNs PrepareAddOnContentImpl: Stubbed. {index: 83}
00:01:16.466 |I| {Fs} Loader OpenDataStorageByDataId: Opened AddOnContent Data TitleID=0100B04011743053
00:01:16.468 |S| {Common} ServiceNs PrepareAddOnContentImpl: Stubbed. {index: 83}
00:01:16.468 |I| {Fs} Loader OpenDataStorageByDataId: Opened AddOnContent Data TitleID=0100B04011743053
00:01:16.470 |S| {Common} ServiceNs PrepareAddOnContentImpl: Stubbed. {index: 84}
00:01:16.475 |I| {Fs} Loader OpenDataStorageByDataId: Opened AddOnContent Data TitleID=0100B04011743054
00:01:16.476 |S| {Common} ServiceNs PrepareAddOnContentImpl: Stubbed. {index: 84}
00:01:16.476 |I| {Fs} Loader OpenDataStorageByDataId: Opened AddOnContent Data TitleID=0100B04011743054
00:01:16.477 |S| {Common} ServiceNs PrepareAddOnContentImpl: Stubbed. {index: 85}
00:01:16.485 |I| {Fs} Loader OpenDataStorageByDataId: Opened AddOnContent Data TitleID=0100B04011743055
00:01:16.486 |S| {Common} ServiceNs PrepareAddOnContentImpl: Stubbed. {index: 85}
00:01:16.488 |I| {Fs} Loader OpenDataStorageByDataId: Opened AddOnContent Data TitleID=0100B04011743055
00:01:16.489 |S| {Common} ServiceNs PrepareAddOnContentImpl: Stubbed. {index: 86}
00:01:16.494 |I| {Fs} Loader OpenDataStorageByDataId: Opened AddOnContent Data TitleID=0100B04011743056
00:01:16.495 |S| {Common} ServiceNs PrepareAddOnContentImpl: Stubbed. {index: 86}
00:01:16.497 |I| {Fs} Loader OpenDataStorageByDataId: Opened AddOnContent Data TitleID=0100B04011743056
00:01:16.499 |S| {Common} ServiceNs PrepareAddOnContentImpl: Stubbed. {index: 87}
00:01:16.504 |I| {Fs} Loader OpenDataStorageByDataId: Opened AddOnContent Data TitleID=0100B04011743057
00:01:16.504 |S| {Common} ServiceNs PrepareAddOnContentImpl: Stubbed. {index: 87}
00:01:16.505 |I| {Fs} Loader OpenDataStorageByDataId: Opened AddOnContent Data TitleID=0100B04011743057
00:01:16.506 |S| {Common} ServiceNs PrepareAddOnContentImpl: Stubbed. {index: 88}
00:01:16.512 |I| {Fs} Loader OpenDataStorageByDataId: Opened AddOnContent Data TitleID=0100B04011743058
00:01:16.513 |S| {Common} ServiceNs PrepareAddOnContentImpl: Stubbed. {index: 88}
00:01:16.513 |I| {Fs} Loader OpenDataStorageByDataId: Opened AddOnContent Data TitleID=0100B04011743058
00:01:16.514 |S| {Common} ServiceNs PrepareAddOnContentImpl: Stubbed. {index: 89}
00:01:16.521 |I| {Fs} Loader OpenDataStorageByDataId: Opened AddOnContent Data TitleID=0100B04011743059
00:01:16.522 |S| {Common} ServiceNs PrepareAddOnContentImpl: Stubbed. {index: 89}
00:01:16.522 |I| {Fs} Loader OpenDataStorageByDataId: Opened AddOnContent Data TitleID=0100B04011743059
00:01:16.523 |S| {Common} ServiceNs PrepareAddOnContentImpl: Stubbed. {index: 90}
00:01:16.524 |I| {Fs} Loader OpenDataStorageByDataId: Opened AddOnContent Data TitleID=0100B0401174305A
00:01:16.527 |S| {Common} ServiceNs PrepareAddOnContentImpl: Stubbed. {index: 90}
00:01:16.527 |I| {Fs} Loader OpenDataStorageByDataId: Opened AddOnContent Data TitleID=0100B0401174305A
00:01:16.529 |S| {Common} ServiceNs PrepareAddOnContentImpl: Stubbed. {index: 91}
00:01:16.532 |I| {Fs} Loader OpenDataStorageByDataId: Opened AddOnContent Data TitleID=0100B0401174305B
00:01:16.533 |S| {Common} ServiceNs PrepareAddOnContentImpl: Stubbed. {index: 91}
00:01:16.536 |I| {Fs} Loader OpenDataStorageByDataId: Opened AddOnContent Data TitleID=0100B0401174305B
00:01:16.539 |S| {Common} ServiceNs PrepareAddOnContentImpl: Stubbed. {index: 92}
00:01:16.540 |I| {Fs} Loader OpenDataStorageByDataId: Opened AddOnContent Data TitleID=0100B0401174305C
00:01:16.541 |S| {Common} ServiceNs PrepareAddOnContentImpl: Stubbed. {index: 92}
00:01:16.541 |I| {Fs} Loader OpenDataStorageByDataId: Opened AddOnContent Data TitleID=0100B0401174305C
00:01:16.542 |S| {Common} ServiceNs PrepareAddOnContentImpl: Stubbed. {index: 93}
00:01:16.549 |I| {Fs} Loader OpenDataStorageByDataId: Opened AddOnContent Data TitleID=0100B0401174305D
00:01:16.549 |S| {Common} ServiceNs PrepareAddOnContentImpl: Stubbed. {index: 93}
00:01:16.550 |I| {Fs} Loader OpenDataStorageByDataId: Opened AddOnContent Data TitleID=0100B0401174305D
00:01:16.553 |S| {Common} ServiceNs PrepareAddOnContentImpl: Stubbed. {index: 94}
00:01:16.559 |I| {Fs} Loader OpenDataStorageByDataId: Opened AddOnContent Data TitleID=0100B0401174305E
00:01:16.560 |S| {Common} ServiceNs PrepareAddOnContentImpl: Stubbed. {index: 94}
00:01:16.561 |I| {Fs} Loader OpenDataStorageByDataId: Opened AddOnContent Data TitleID=0100B0401174305E
00:01:16.562 |S| {Common} ServiceNs PrepareAddOnContentImpl: Stubbed. {index: 95}
00:01:16.574 |I| {Fs} Loader OpenDataStorageByDataId: Opened AddOnContent Data TitleID=0100B0401174305F
00:01:16.576 |S| {Common} ServiceNs PrepareAddOnContentImpl: Stubbed. {index: 95}
00:01:16.577 |I| {Fs} Loader OpenDataStorageByDataId: Opened AddOnContent Data TitleID=0100B0401174305F
00:01:16.578 |S| {Common} ServiceNs PrepareAddOnContentImpl: Stubbed. {index: 96}
00:01:16.581 |I| {Fs} Loader OpenDataStorageByDataId: Opened AddOnContent Data TitleID=0100B04011743060
00:01:16.581 |S| {Common} ServiceNs PrepareAddOnContentImpl: Stubbed. {index: 96}
00:01:16.582 |I| {Fs} Loader OpenDataStorageByDataId: Opened AddOnContent Data TitleID=0100B04011743060
00:01:16.583 |S| {Common} ServiceNs PrepareAddOnContentImpl: Stubbed. {index: 97}
00:01:16.587 |I| {Fs} Loader OpenDataStorageByDataId: Opened AddOnContent Data TitleID=0100B04011743061
00:01:16.587 |S| {Common} ServiceNs PrepareAddOnContentImpl: Stubbed. {index: 97}
00:01:16.588 |I| {Fs} Loader OpenDataStorageByDataId: Opened AddOnContent Data TitleID=0100B04011743061
00:01:16.589 |S| {Common} ServiceNs PrepareAddOnContentImpl: Stubbed. {index: 98}
00:01:16.596 |I| {Fs} Loader OpenDataStorageByDataId: Opened AddOnContent Data TitleID=0100B04011743062
00:01:16.597 |S| {Common} ServiceNs PrepareAddOnContentImpl: Stubbed. {index: 98}
00:01:16.597 |I| {Fs} Loader OpenDataStorageByDataId: Opened AddOnContent Data TitleID=0100B04011743062
00:01:16.599 |S| {Common} ServiceNs PrepareAddOnContentImpl: Stubbed. {index: 99}
00:01:16.605 |I| {Fs} Loader OpenDataStorageByDataId: Opened AddOnContent Data TitleID=0100B04011743063
00:01:16.606 |S| {Common} ServiceNs PrepareAddOnContentImpl: Stubbed. {index: 99}
00:01:16.607 |I| {Fs} Loader OpenDataStorageByDataId: Opened AddOnContent Data TitleID=0100B04011743063
00:01:16.608 |S| {Common} ServiceNs PrepareAddOnContentImpl: Stubbed. {index: 100}
00:01:16.614 |I| {Fs} Loader OpenDataStorageByDataId: Opened AddOnContent Data TitleID=0100B04011743064
00:01:16.614 |S| {Common} ServiceNs PrepareAddOnContentImpl: Stubbed. {index: 100}
00:01:16.614 |I| {Fs} Loader OpenDataStorageByDataId: Opened AddOnContent Data TitleID=0100B04011743064
00:01:16.615 |S| {Common} ServiceNs PrepareAddOnContentImpl: Stubbed. {index: 101}
00:01:16.619 |I| {Fs} Loader OpenDataStorageByDataId: Opened AddOnContent Data TitleID=0100B04011743065
00:01:16.620 |S| {Common} ServiceNs PrepareAddOnContentImpl: Stubbed. {index: 101}
00:01:16.621 |I| {Fs} Loader OpenDataStorageByDataId: Opened AddOnContent Data TitleID=0100B04011743065
00:01:16.622 |S| {Common} ServiceNs PrepareAddOnContentImpl: Stubbed. {index: 102}
00:01:16.624 |I| {Fs} Loader OpenDataStorageByDataId: Opened AddOnContent Data TitleID=0100B04011743066
00:01:16.625 |S| {Common} ServiceNs PrepareAddOnContentImpl: Stubbed. {index: 102}
00:01:16.625 |I| {Fs} Loader OpenDataStorageByDataId: Opened AddOnContent Data TitleID=0100B04011743066
00:01:16.627 |S| {Common} ServiceNs PrepareAddOnContentImpl: Stubbed. {index: 103}
00:01:16.634 |I| {Fs} Loader OpenDataStorageByDataId: Opened AddOnContent Data TitleID=0100B04011743067
00:01:16.638 |S| {Common} ServiceNs PrepareAddOnContentImpl: Stubbed. {index: 103}
00:01:16.638 |I| {Fs} Loader OpenDataStorageByDataId: Opened AddOnContent Data TitleID=0100B04011743067
00:01:16.639 |S| {Common} ServiceNs PrepareAddOnContentImpl: Stubbed. {index: 104}
00:01:16.643 |I| {Fs} Loader OpenDataStorageByDataId: Opened AddOnContent Data TitleID=0100B04011743068
00:01:16.644 |S| {Common} ServiceNs PrepareAddOnContentImpl: Stubbed. {index: 104}
00:01:16.644 |I| {Fs} Loader OpenDataStorageByDataId: Opened AddOnContent Data TitleID=0100B04011743068
00:01:16.645 |S| {Common} ServiceNs PrepareAddOnContentImpl: Stubbed. {index: 105}
00:01:16.647 |I| {Fs} Loader OpenDataStorageByDataId: Opened AddOnContent Data TitleID=0100B04011743069
00:01:16.648 |S| {Common} ServiceNs PrepareAddOnContentImpl: Stubbed. {index: 105}
00:01:16.648 |I| {Fs} Loader OpenDataStorageByDataId: Opened AddOnContent Data TitleID=0100B04011743069
00:01:16.649 |S| {Common} ServiceNs PrepareAddOnContentImpl: Stubbed. {index: 106}
00:01:16.653 |I| {Fs} Loader OpenDataStorageByDataId: Opened AddOnContent Data TitleID=0100B0401174306A
00:01:16.654 |S| {Common} ServiceNs PrepareAddOnContentImpl: Stubbed. {index: 106}
00:01:16.654 |I| {Fs} Loader OpenDataStorageByDataId: Opened AddOnContent Data TitleID=0100B0401174306A
00:01:16.655 |S| {Common} ServiceNs PrepareAddOnContentImpl: Stubbed. {index: 107}
00:01:16.657 |I| {Fs} Loader OpenDataStorageByDataId: Opened AddOnContent Data TitleID=0100B0401174306B
00:01:16.662 |S| {Common} ServiceNs PrepareAddOnContentImpl: Stubbed. {index: 107}
00:01:16.663 |I| {Fs} Loader OpenDataStorageByDataId: Opened AddOnContent Data TitleID=0100B0401174306B
00:01:16.665 |S| {Common} ServiceNs PrepareAddOnContentImpl: Stubbed. {index: 108}
00:01:16.667 |I| {Fs} Loader OpenDataStorageByDataId: Opened AddOnContent Data TitleID=0100B0401174306C
00:01:16.671 |S| {Common} ServiceNs PrepareAddOnContentImpl: Stubbed. {index: 108}
00:01:16.672 |I| {Fs} Loader OpenDataStorageByDataId: Opened AddOnContent Data TitleID=0100B0401174306C
00:01:16.673 |S| {Common} ServiceNs PrepareAddOnContentImpl: Stubbed. {index: 109}
00:01:16.673 |I| {Fs} Loader OpenDataStorageByDataId: Opened AddOnContent Data TitleID=0100B0401174306D
00:01:16.674 |S| {Common} ServiceNs PrepareAddOnContentImpl: Stubbed. {index: 109}
00:01:16.674 |I| {Fs} Loader OpenDataStorageByDataId: Opened AddOnContent Data TitleID=0100B0401174306D
00:01:16.680 |S| {Common} ServiceNs PrepareAddOnContentImpl: Stubbed. {index: 110}
00:01:16.681 |I| {Fs} Loader OpenDataStorageByDataId: Opened AddOnContent Data TitleID=0100B0401174306E
00:01:16.682 |S| {Common} ServiceNs PrepareAddOnContentImpl: Stubbed. {index: 110}
00:01:16.683 |I| {Fs} Loader OpenDataStorageByDataId: Opened AddOnContent Data TitleID=0100B0401174306E
00:01:16.688 |S| {Common} ServiceNs PrepareAddOnContentImpl: Stubbed. {index: 111}
00:01:16.689 |I| {Fs} Loader OpenDataStorageByDataId: Opened AddOnContent Data TitleID=0100B0401174306F
00:01:16.690 |S| {Common} ServiceNs PrepareAddOnContentImpl: Stubbed. {index: 111}
00:01:16.691 |I| {Fs} Loader OpenDataStorageByDataId: Opened AddOnContent Data TitleID=0100B0401174306F
00:01:16.692 |S| {Common} ServiceNs PrepareAddOnContentImpl: Stubbed. {index: 112}
00:01:16.693 |I| {Fs} Loader OpenDataStorageByDataId: Opened AddOnContent Data TitleID=0100B04011743070
00:01:16.699 |S| {Common} ServiceNs PrepareAddOnContentImpl: Stubbed. {index: 112}
00:01:16.699 |I| {Fs} Loader OpenDataStorageByDataId: Opened AddOnContent Data TitleID=0100B04011743070
00:01:16.705 |S| {Common} ServiceNs PrepareAddOnContentImpl: Stubbed. {index: 113}
00:01:16.708 |I| {Fs} Loader OpenDataStorageByDataId: Opened AddOnContent Data TitleID=0100B04011743071
00:01:16.709 |S| {Common} ServiceNs PrepareAddOnContentImpl: Stubbed. {index: 113}
00:01:16.709 |I| {Fs} Loader OpenDataStorageByDataId: Opened AddOnContent Data TitleID=0100B04011743071
00:01:16.710 |S| {Common} ServiceNs PrepareAddOnContentImpl: Stubbed. {index: 114}
00:01:16.711 |I| {Fs} Loader OpenDataStorageByDataId: Opened AddOnContent Data TitleID=0100B04011743072
00:01:16.711 |S| {Common} ServiceNs PrepareAddOnContentImpl: Stubbed. {index: 114}
00:01:16.712 |I| {Fs} Loader OpenDataStorageByDataId: Opened AddOnContent Data TitleID=0100B04011743072
00:01:16.713 |S| {Common} ServiceNs PrepareAddOnContentImpl: Stubbed. {index: 115}
00:01:16.713 |I| {Fs} Loader OpenDataStorageByDataId: Opened AddOnContent Data TitleID=0100B04011743073
00:01:16.714 |S| {Common} ServiceNs PrepareAddOnContentImpl: Stubbed. {index: 115}
00:01:16.714 |I| {Fs} Loader OpenDataStorageByDataId: Opened AddOnContent Data TitleID=0100B04011743073
00:01:16.715 |S| {Common} ServiceNs PrepareAddOnContentImpl: Stubbed. {index: 116}
00:01:16.716 |I| {Fs} Loader OpenDataStorageByDataId: Opened AddOnContent Data TitleID=0100B04011743074
00:01:16.720 |S| {Common} ServiceNs PrepareAddOnContentImpl: Stubbed. {index: 116}
00:01:16.721 |I| {Fs} Loader OpenDataStorageByDataId: Opened AddOnContent Data TitleID=0100B04011743074
00:01:16.722 |S| {Common} ServiceNs PrepareAddOnContentImpl: Stubbed. {index: 117}
00:01:16.723 |I| {Fs} Loader OpenDataStorageByDataId: Opened AddOnContent Data TitleID=0100B04011743075
00:01:16.723 |S| {Common} ServiceNs PrepareAddOnContentImpl: Stubbed. {index: 117}
00:01:16.723 |I| {Fs} Loader OpenDataStorageByDataId: Opened AddOnContent Data TitleID=0100B04011743075
00:01:16.725 |S| {Common} ServiceNs PrepareAddOnContentImpl: Stubbed. {index: 118}
00:01:16.725 |I| {Fs} Loader OpenDataStorageByDataId: Opened AddOnContent Data TitleID=0100B04011743076
00:01:16.726 |S| {Common} ServiceNs PrepareAddOnContentImpl: Stubbed. {index: 118}
00:01:16.728 |I| {Fs} Loader OpenDataStorageByDataId: Opened AddOnContent Data TitleID=0100B04011743076
00:01:16.730 |S| {Common} ServiceNs PrepareAddOnContentImpl: Stubbed. {index: 119}
00:01:16.732 |I| {Fs} Loader OpenDataStorageByDataId: Opened AddOnContent Data TitleID=0100B04011743077
00:01:16.737 |S| {Common} ServiceNs PrepareAddOnContentImpl: Stubbed. {index: 119}
00:01:16.738 |I| {Fs} Loader OpenDataStorageByDataId: Opened AddOnContent Data TitleID=0100B04011743077
00:01:16.739 |S| {Common} ServiceNs PrepareAddOnContentImpl: Stubbed. {index: 120}
00:01:16.740 |I| {Fs} Loader OpenDataStorageByDataId: Opened AddOnContent Data TitleID=0100B04011743078
00:01:16.741 |S| {Common} ServiceNs PrepareAddOnContentImpl: Stubbed. {index: 120}
00:01:16.741 |I| {Fs} Loader OpenDataStorageByDataId: Opened AddOnContent Data TitleID=0100B04011743078
00:01:16.742 |S| {Common} ServiceNs PrepareAddOnContentImpl: Stubbed. {index: 121}
00:01:16.743 |I| {Fs} Loader OpenDataStorageByDataId: Opened AddOnContent Data TitleID=0100B04011743079
00:01:16.743 |S| {Common} ServiceNs PrepareAddOnContentImpl: Stubbed. {index: 121}
00:01:16.743 |I| {Fs} Loader OpenDataStorageByDataId: Opened AddOnContent Data TitleID=0100B04011743079
00:01:16.744 |S| {Common} ServiceNs PrepareAddOnContentImpl: Stubbed. {index: 122}
00:01:16.745 |I| {Fs} Loader OpenDataStorageByDataId: Opened AddOnContent Data TitleID=0100B0401174307A
00:01:16.746 |S| {Common} ServiceNs PrepareAddOnContentImpl: Stubbed. {index: 122}
00:01:16.746 |I| {Fs} Loader OpenDataStorageByDataId: Opened AddOnContent Data TitleID=0100B0401174307A
00:01:16.747 |S| {Common} ServiceNs PrepareAddOnContentImpl: Stubbed. {index: 123}
00:01:16.748 |I| {Fs} Loader OpenDataStorageByDataId: Opened AddOnContent Data TitleID=0100B0401174307B
00:01:16.749 |S| {Common} ServiceNs PrepareAddOnContentImpl: Stubbed. {index: 123}
00:01:16.749 |I| {Fs} Loader OpenDataStorageByDataId: Opened AddOnContent Data TitleID=0100B0401174307B
00:01:16.753 |S| {Common} ServiceNs PrepareAddOnContentImpl: Stubbed. {index: 124}
00:01:16.754 |I| {Fs} Loader OpenDataStorageByDataId: Opened AddOnContent Data TitleID=0100B0401174307C
00:01:16.755 |S| {Common} ServiceNs PrepareAddOnContentImpl: Stubbed. {index: 124}
00:01:16.760 |I| {Fs} Loader OpenDataStorageByDataId: Opened AddOnContent Data TitleID=0100B0401174307C
00:01:16.762 |S| {Common} ServiceNs PrepareAddOnContentImpl: Stubbed. {index: 125}
00:01:16.764 |I| {Fs} Loader OpenDataStorageByDataId: Opened AddOnContent Data TitleID=0100B0401174307D
00:01:16.765 |S| {Common} ServiceNs PrepareAddOnContentImpl: Stubbed. {index: 125}
00:01:16.766 |I| {Fs} Loader OpenDataStorageByDataId: Opened AddOnContent Data TitleID=0100B0401174307D
00:01:16.773 |S| {Common} ServiceNs PrepareAddOnContentImpl: Stubbed. {index: 126}
00:01:16.774 |I| {Fs} Loader OpenDataStorageByDataId: Opened AddOnContent Data TitleID=0100B0401174307E
00:01:16.775 |S| {Common} ServiceNs PrepareAddOnContentImpl: Stubbed. {index: 126}
00:01:16.776 |I| {Fs} Loader OpenDataStorageByDataId: Opened AddOnContent Data TitleID=0100B0401174307E
00:01:16.777 |S| {Common} ServiceNs PrepareAddOnContentImpl: Stubbed. {index: 127}
00:01:16.777 |I| {Fs} Loader OpenDataStorageByDataId: Opened AddOnContent Data TitleID=0100B0401174307F
00:01:16.778 |S| {Common} ServiceNs PrepareAddOnContentImpl: Stubbed. {index: 127}
00:01:16.778 |I| {Fs} Loader OpenDataStorageByDataId: Opened AddOnContent Data TitleID=0100B0401174307F
00:01:16.779 |S| {Common} ServiceNs PrepareAddOnContentImpl: Stubbed. {index: 128}
00:01:16.780 |I| {Fs} Loader OpenDataStorageByDataId: Opened AddOnContent Data TitleID=0100B04011743080
00:01:16.781 |S| {Common} ServiceNs PrepareAddOnContentImpl: Stubbed. {index: 128}
00:01:16.781 |I| {Fs} Loader OpenDataStorageByDataId: Opened AddOnContent Data TitleID=0100B04011743080
00:01:16.782 |S| {Common} ServiceNs PrepareAddOnContentImpl: Stubbed. {index: 129}
00:01:16.783 |I| {Fs} Loader OpenDataStorageByDataId: Opened AddOnContent Data TitleID=0100B04011743081
00:01:16.786 |S| {Common} ServiceNs PrepareAddOnContentImpl: Stubbed. {index: 129}
00:01:16.787 |I| {Fs} Loader OpenDataStorageByDataId: Opened AddOnContent Data TitleID=0100B04011743081
00:01:16.788 |S| {Common} ServiceNs PrepareAddOnContentImpl: Stubbed. {index: 130}
00:01:16.789 |I| {Fs} Loader OpenDataStorageByDataId: Opened AddOnContent Data TitleID=0100B04011743082
00:01:16.789 |S| {Common} ServiceNs PrepareAddOnContentImpl: Stubbed. {index: 130}
00:01:16.789 |I| {Fs} Loader OpenDataStorageByDataId: Opened AddOnContent Data TitleID=0100B04011743082
00:01:16.791 |S| {Common} ServiceNs PrepareAddOnContentImpl: Stubbed. {index: 131}
00:01:16.792 |I| {Fs} Loader OpenDataStorageByDataId: Opened AddOnContent Data TitleID=0100B04011743083
00:01:16.792 |S| {Common} ServiceNs PrepareAddOnContentImpl: Stubbed. {index: 131}
00:01:16.793 |I| {Fs} Loader OpenDataStorageByDataId: Opened AddOnContent Data TitleID=0100B04011743083
00:01:16.795 |S| {Common} ServiceNs PrepareAddOnContentImpl: Stubbed. {index: 132}
00:01:16.795 |I| {Fs} Loader OpenDataStorageByDataId: Opened AddOnContent Data TitleID=0100B04011743084
00:01:16.796 |S| {Common} ServiceNs PrepareAddOnContentImpl: Stubbed. {index: 132}
00:01:16.798 |I| {Fs} Loader OpenDataStorageByDataId: Opened AddOnContent Data TitleID=0100B04011743084
00:01:16.805 |S| {Common} ServiceNs PrepareAddOnContentImpl: Stubbed. {index: 133}
00:01:16.805 |I| {Fs} Loader OpenDataStorageByDataId: Opened AddOnContent Data TitleID=0100B04011743085
00:01:16.806 |S| {Common} ServiceNs PrepareAddOnContentImpl: Stubbed. {index: 133}
00:01:16.807 |I| {Fs} Loader OpenDataStorageByDataId: Opened AddOnContent Data TitleID=0100B04011743085
00:01:16.808 |S| {Common} ServiceNs PrepareAddOnContentImpl: Stubbed. {index: 134}
00:01:16.809 |I| {Fs} Loader OpenDataStorageByDataId: Opened AddOnContent Data TitleID=0100B04011743086
00:01:16.809 |S| {Common} ServiceNs PrepareAddOnContentImpl: Stubbed. {index: 134}
00:01:16.810 |I| {Fs} Loader OpenDataStorageByDataId: Opened AddOnContent Data TitleID=0100B04011743086
00:01:16.811 |S| {Common} ServiceNs PrepareAddOnContentImpl: Stubbed. {index: 135}
00:01:16.812 |I| {Fs} Loader OpenDataStorageByDataId: Opened AddOnContent Data TitleID=0100B04011743087
00:01:16.812 |S| {Common} ServiceNs PrepareAddOnContentImpl: Stubbed. {index: 135}
00:01:16.813 |I| {Fs} Loader OpenDataStorageByDataId: Opened AddOnContent Data TitleID=0100B04011743087
00:01:16.814 |S| {Common} ServiceNs PrepareAddOnContentImpl: Stubbed. {index: 136}
00:01:16.814 |I| {Fs} Loader OpenDataStorageByDataId: Opened AddOnContent Data TitleID=0100B04011743088
00:01:16.815 |S| {Common} ServiceNs PrepareAddOnContentImpl: Stubbed. {index: 136}
00:01:16.815 |I| {Fs} Loader OpenDataStorageByDataId: Opened AddOnContent Data TitleID=0100B04011743088
00:01:16.820 |S| {Common} ServiceNs PrepareAddOnContentImpl: Stubbed. {index: 137}
00:01:16.821 |I| {Fs} Loader OpenDataStorageByDataId: Opened AddOnContent Data TitleID=0100B04011743089
00:01:16.821 |S| {Common} ServiceNs PrepareAddOnContentImpl: Stubbed. {index: 137}
00:01:16.822 |I| {Fs} Loader OpenDataStorageByDataId: Opened AddOnContent Data TitleID=0100B04011743089
00:01:16.823 |S| {Common} ServiceNs PrepareAddOnContentImpl: Stubbed. {index: 138}
00:01:16.824 |I| {Fs} Loader OpenDataStorageByDataId: Opened AddOnContent Data TitleID=0100B0401174308A
00:01:16.824 |S| {Common} ServiceNs PrepareAddOnContentImpl: Stubbed. {index: 138}
00:01:16.824 |I| {Fs} Loader OpenDataStorageByDataId: Opened AddOnContent Data TitleID=0100B0401174308A
00:01:16.826 |S| {Common} ServiceNs PrepareAddOnContentImpl: Stubbed. {index: 139}
00:01:16.830 |I| {Fs} Loader OpenDataStorageByDataId: Opened AddOnContent Data TitleID=0100B0401174308B
00:01:16.832 |S| {Common} ServiceNs PrepareAddOnContentImpl: Stubbed. {index: 139}
00:01:16.834 |I| {Fs} Loader OpenDataStorageByDataId: Opened AddOnContent Data TitleID=0100B0401174308B
00:01:18.398 |S| {Common} ServiceNs PrepareAddOnContentImpl: Stubbed. {index: 140}
00:01:18.399 |I| {Fs} Loader OpenDataStorageByDataId: Opened AddOnContent Data TitleID=0100B0401174308C
00:01:18.404 |S| {Common} ServiceNs PrepareAddOnContentImpl: Stubbed. {index: 140}
00:01:18.406 |I| {Fs} Loader OpenDataStorageByDataId: Opened AddOnContent Data TitleID=0100B0401174308C
00:01:18.409 |S| {Common} ServiceNs PrepareAddOnContentImpl: Stubbed. {index: 141}
00:01:18.410 |I| {Fs} Loader OpenDataStorageByDataId: Opened AddOnContent Data TitleID=0100B0401174308D
00:01:18.412 |S| {Common} ServiceNs PrepareAddOnContentImpl: Stubbed. {index: 141}
00:01:18.413 |I| {Fs} Loader OpenDataStorageByDataId: Opened AddOnContent Data TitleID=0100B0401174308D
00:01:18.414 |S| {Common} ServiceNs PrepareAddOnContentImpl: Stubbed. {index: 142}
00:01:18.415 |I| {Fs} Loader OpenDataStorageByDataId: Opened AddOnContent Data TitleID=0100B0401174308E
00:01:18.416 |S| {Common} ServiceNs PrepareAddOnContentImpl: Stubbed. {index: 142}
00:01:18.416 |I| {Fs} Loader OpenDataStorageByDataId: Opened AddOnContent Data TitleID=0100B0401174308E
00:01:18.419 |S| {Common} ServiceNs PrepareAddOnContentImpl: Stubbed. {index: 143}
00:01:18.420 |I| {Fs} Loader OpenDataStorageByDataId: Opened AddOnContent Data TitleID=0100B0401174308F
00:01:18.420 |S| {Common} ServiceNs PrepareAddOnContentImpl: Stubbed. {index: 143}
00:01:18.420 |I| {Fs} Loader OpenDataStorageByDataId: Opened AddOnContent Data TitleID=0100B0401174308F
00:01:18.421 |S| {Common} ServiceNs PrepareAddOnContentImpl: Stubbed. {index: 144}
00:01:18.426 |I| {Fs} Loader OpenDataStorageByDataId: Opened AddOnContent Data TitleID=0100B04011743090
00:01:18.427 |S| {Common} ServiceNs PrepareAddOnContentImpl: Stubbed. {index: 144}
00:01:18.427 |I| {Fs} Loader OpenDataStorageByDataId: Opened AddOnContent Data TitleID=0100B04011743090
00:01:18.428 |S| {Common} ServiceNs PrepareAddOnContentImpl: Stubbed. {index: 145}
00:01:18.429 |I| {Fs} Loader OpenDataStorageByDataId: Opened AddOnContent Data TitleID=0100B04011743091
00:01:18.430 |S| {Common} ServiceNs PrepareAddOnContentImpl: Stubbed. {index: 145}
00:01:18.430 |I| {Fs} Loader OpenDataStorageByDataId: Opened AddOnContent Data TitleID=0100B04011743091
00:01:18.436 |S| {Common} ServiceNs PrepareAddOnContentImpl: Stubbed. {index: 146}
00:01:18.437 |I| {Fs} Loader OpenDataStorageByDataId: Opened AddOnContent Data TitleID=0100B04011743092
00:01:18.438 |S| {Common} ServiceNs PrepareAddOnContentImpl: Stubbed. {index: 146}
00:01:18.438 |I| {Fs} Loader OpenDataStorageByDataId: Opened AddOnContent Data TitleID=0100B04011743092
00:01:18.441 |S| {Common} ServiceNs PrepareAddOnContentImpl: Stubbed. {index: 147}
00:01:18.442 |I| {Fs} Loader OpenDataStorageByDataId: Opened AddOnContent Data TitleID=0100B04011743093
00:01:18.444 |S| {Common} ServiceNs PrepareAddOnContentImpl: Stubbed. {index: 147}
00:01:18.445 |I| {Fs} Loader OpenDataStorageByDataId: Opened AddOnContent Data TitleID=0100B04011743093
00:01:18.446 |S| {Common} ServiceNs PrepareAddOnContentImpl: Stubbed. {index: 148}
00:01:18.447 |I| {Fs} Loader OpenDataStorageByDataId: Opened AddOnContent Data TitleID=0100B04011743094
00:01:18.447 |S| {Common} ServiceNs PrepareAddOnContentImpl: Stubbed. {index: 148}
00:01:18.448 |I| {Fs} Loader OpenDataStorageByDataId: Opened AddOnContent Data TitleID=0100B04011743094
00:01:18.449 |S| {Common} ServiceNs PrepareAddOnContentImpl: Stubbed. {index: 149}
00:01:18.450 |I| {Fs} Loader OpenDataStorageByDataId: Opened AddOnContent Data TitleID=0100B04011743095
00:01:18.451 |S| {Common} ServiceNs PrepareAddOnContentImpl: Stubbed. {index: 149}
00:01:18.452 |I| {Fs} Loader OpenDataStorageByDataId: Opened AddOnContent Data TitleID=0100B04011743095
00:01:18.453 |S| {Common} ServiceNs PrepareAddOnContentImpl: Stubbed. {index: 150}
00:01:18.455 |I| {Fs} Loader OpenDataStorageByDataId: Opened AddOnContent Data TitleID=0100B04011743096
00:01:18.456 |S| {Common} ServiceNs PrepareAddOnContentImpl: Stubbed. {index: 150}
00:01:18.457 |I| {Fs} Loader OpenDataStorageByDataId: Opened AddOnContent Data TitleID=0100B04011743096
00:01:18.458 |S| {Common} ServiceNs PrepareAddOnContentImpl: Stubbed. {index: 151}
00:01:18.462 |I| {Fs} Loader OpenDataStorageByDataId: Opened AddOnContent Data TitleID=0100B04011743097
00:01:18.463 |S| {Common} ServiceNs PrepareAddOnContentImpl: Stubbed. {index: 151}
00:01:18.463 |I| {Fs} Loader OpenDataStorageByDataId: Opened AddOnContent Data TitleID=0100B04011743097
00:01:18.465 |S| {Common} ServiceNs PrepareAddOnContentImpl: Stubbed. {index: 152}
00:01:18.468 |I| {Fs} Loader OpenDataStorageByDataId: Opened AddOnContent Data TitleID=0100B04011743098
00:01:18.471 |S| {Common} ServiceNs PrepareAddOnContentImpl: Stubbed. {index: 152}
00:01:18.472 |I| {Fs} Loader OpenDataStorageByDataId: Opened AddOnContent Data TitleID=0100B04011743098
00:01:18.475 |S| {Common} ServiceNs PrepareAddOnContentImpl: Stubbed. {index: 153}
00:01:18.476 |I| {Fs} Loader OpenDataStorageByDataId: Opened AddOnContent Data TitleID=0100B04011743099
00:01:18.477 |S| {Common} ServiceNs PrepareAddOnContentImpl: Stubbed. {index: 153}
00:01:18.478 |I| {Fs} Loader OpenDataStorageByDataId: Opened AddOnContent Data TitleID=0100B04011743099
00:01:18.479 |S| {Common} ServiceNs PrepareAddOnContentImpl: Stubbed. {index: 154}
00:01:18.479 |I| {Fs} Loader OpenDataStorageByDataId: Opened AddOnContent Data TitleID=0100B0401174309A
00:01:18.480 |S| {Common} ServiceNs PrepareAddOnContentImpl: Stubbed. {index: 154}
00:01:18.480 |I| {Fs} Loader OpenDataStorageByDataId: Opened AddOnContent Data TitleID=0100B0401174309A
00:01:18.481 |S| {Common} ServiceNs PrepareAddOnContentImpl: Stubbed. {index: 155}
00:01:18.482 |I| {Fs} Loader OpenDataStorageByDataId: Opened AddOnContent Data TitleID=0100B0401174309B
00:01:18.484 |S| {Common} ServiceNs PrepareAddOnContentImpl: Stubbed. {index: 155}
00:01:18.485 |I| {Fs} Loader OpenDataStorageByDataId: Opened AddOnContent Data TitleID=0100B0401174309B
00:01:18.487 |S| {Common} ServiceNs PrepareAddOnContentImpl: Stubbed. {index: 156}
00:01:18.487 |I| {Fs} Loader OpenDataStorageByDataId: Opened AddOnContent Data TitleID=0100B0401174309C
00:01:18.488 |S| {Common} ServiceNs PrepareAddOnContentImpl: Stubbed. {index: 156}
00:01:18.489 |I| {Fs} Loader OpenDataStorageByDataId: Opened AddOnContent Data TitleID=0100B0401174309C
00:01:18.490 |S| {Common} ServiceNs PrepareAddOnContentImpl: Stubbed. {index: 157}
00:01:18.491 |I| {Fs} Loader OpenDataStorageByDataId: Opened AddOnContent Data TitleID=0100B0401174309D
00:01:18.491 |S| {Common} ServiceNs PrepareAddOnContentImpl: Stubbed. {index: 157}
00:01:18.492 |I| {Fs} Loader OpenDataStorageByDataId: Opened AddOnContent Data TitleID=0100B0401174309D
00:01:18.493 |S| {Common} ServiceNs PrepareAddOnContentImpl: Stubbed. {index: 158}
00:01:18.493 |I| {Fs} Loader OpenDataStorageByDataId: Opened AddOnContent Data TitleID=0100B0401174309E
00:01:18.494 |S| {Common} ServiceNs PrepareAddOnContentImpl: Stubbed. {index: 158}
00:01:18.494 |I| {Fs} Loader OpenDataStorageByDataId: Opened AddOnContent Data TitleID=0100B0401174309E
00:01:18.504 |S| {Common} ServiceNs PrepareAddOnContentImpl: Stubbed. {index: 159}
00:01:18.505 |I| {Fs} Loader OpenDataStorageByDataId: Opened AddOnContent Data TitleID=0100B0401174309F
00:01:18.506 |S| {Common} ServiceNs PrepareAddOnContentImpl: Stubbed. {index: 159}
00:01:18.508 |I| {Fs} Loader OpenDataStorageByDataId: Opened AddOnContent Data TitleID=0100B0401174309F
00:01:18.511 |S| {Common} ServiceNs PrepareAddOnContentImpl: Stubbed. {index: 160}
00:01:18.512 |I| {Fs} Loader OpenDataStorageByDataId: Opened AddOnContent Data TitleID=0100B040117430A0
00:01:18.513 |S| {Common} ServiceNs PrepareAddOnContentImpl: Stubbed. {index: 160}
00:01:18.513 |I| {Fs} Loader OpenDataStorageByDataId: Opened AddOnContent Data TitleID=0100B040117430A0
00:01:18.514 |S| {Common} ServiceNs PrepareAddOnContentImpl: Stubbed. {index: 161}
00:01:18.515 |I| {Fs} Loader OpenDataStorageByDataId: Opened AddOnContent Data TitleID=0100B040117430A1
00:01:18.515 |S| {Common} ServiceNs PrepareAddOnContentImpl: Stubbed. {index: 161}
00:01:18.516 |I| {Fs} Loader OpenDataStorageByDataId: Opened AddOnContent Data TitleID=0100B040117430A1
00:01:18.521 |S| {Common} ServiceNs PrepareAddOnContentImpl: Stubbed. {index: 186}
00:01:18.521 |I| {Fs} Loader OpenDataStorageByDataId: Opened AddOnContent Data TitleID=0100B040117430BA
00:01:18.522 |S| {Common} ServiceNs PrepareAddOnContentImpl: Stubbed. {index: 186}
00:01:18.522 |I| {Fs} Loader OpenDataStorageByDataId: Opened AddOnContent Data TitleID=0100B040117430BA
00:01:18.523 |S| {Common} ServiceNs PrepareAddOnContentImpl: Stubbed. {index: 187}
00:01:18.523 |I| {Fs} Loader OpenDataStorageByDataId: Opened AddOnContent Data TitleID=0100B040117430BB
00:01:18.524 |S| {Common} ServiceNs PrepareAddOnContentImpl: Stubbed. {index: 187}
00:01:18.525 |I| {Fs} Loader OpenDataStorageByDataId: Opened AddOnContent Data TitleID=0100B040117430BB
00:01:18.526 |S| {Common} ServiceNs PrepareAddOnContentImpl: Stubbed. {index: 188}
00:01:18.526 |I| {Fs} Loader OpenDataStorageByDataId: Opened AddOnContent Data TitleID=0100B040117430BC
00:01:18.527 |S| {Common} ServiceNs PrepareAddOnContentImpl: Stubbed. {index: 188}
00:01:18.527 |I| {Fs} Loader OpenDataStorageByDataId: Opened AddOnContent Data TitleID=0100B040117430BC
00:01:18.528 |S| {Common} ServiceNs PrepareAddOnContentImpl: Stubbed. {index: 189}
00:01:18.529 |I| {Fs} Loader OpenDataStorageByDataId: Opened AddOnContent Data TitleID=0100B040117430BD
00:01:18.530 |S| {Common} ServiceNs PrepareAddOnContentImpl: Stubbed. {index: 189}
00:01:18.530 |I| {Fs} Loader OpenDataStorageByDataId: Opened AddOnContent Data TitleID=0100B040117430BD
00:01:18.532 |S| {Common} ServiceNs PrepareAddOnContentImpl: Stubbed. {index: 190}
00:01:18.532 |I| {Fs} Loader OpenDataStorageByDataId: Opened AddOnContent Data TitleID=0100B040117430BE
00:01:18.538 |S| {Common} ServiceNs PrepareAddOnContentImpl: Stubbed. {index: 190}
00:01:18.538 |I| {Fs} Loader OpenDataStorageByDataId: Opened AddOnContent Data TitleID=0100B040117430BE
00:01:18.541 |S| {Common} ServiceNs PrepareAddOnContentImpl: Stubbed. {index: 191}
00:01:18.542 |I| {Fs} Loader OpenDataStorageByDataId: Opened AddOnContent Data TitleID=0100B040117430BF
00:01:18.544 |S| {Common} ServiceNs PrepareAddOnContentImpl: Stubbed. {index: 191}
00:01:18.546 |I| {Fs} Loader OpenDataStorageByDataId: Opened AddOnContent Data TitleID=0100B040117430BF
00:01:18.547 |S| {Common} ServiceNs PrepareAddOnContentImpl: Stubbed. {index: 192}
00:01:18.548 |I| {Fs} Loader OpenDataStorageByDataId: Opened AddOnContent Data TitleID=0100B040117430C0
00:01:18.548 |S| {Common} ServiceNs PrepareAddOnContentImpl: Stubbed. {index: 192}
00:01:18.548 |I| {Fs} Loader OpenDataStorageByDataId: Opened AddOnContent Data TitleID=0100B040117430C0
00:01:18.552 |S| {Common} ServiceNs PrepareAddOnContentImpl: Stubbed. {index: 193}
00:01:18.555 |I| {Fs} Loader OpenDataStorageByDataId: Opened AddOnContent Data TitleID=0100B040117430C1
00:01:18.555 |S| {Common} ServiceNs PrepareAddOnContentImpl: Stubbed. {index: 193}
00:01:18.556 |I| {Fs} Loader OpenDataStorageByDataId: Opened AddOnContent Data TitleID=0100B040117430C1
00:01:18.556 |S| {Common} ServiceNs PrepareAddOnContentImpl: Stubbed. {index: 194}
00:01:18.557 |I| {Fs} Loader OpenDataStorageByDataId: Opened AddOnContent Data TitleID=0100B040117430C2
00:01:18.558 |S| {Common} ServiceNs PrepareAddOnContentImpl: Stubbed. {index: 194}
00:01:18.558 |I| {Fs} Loader OpenDataStorageByDataId: Opened AddOnContent Data TitleID=0100B040117430C2
00:01:18.559 |S| {Common} ServiceNs PrepareAddOnContentImpl: Stubbed. {index: 195}
00:01:18.560 |I| {Fs} Loader OpenDataStorageByDataId: Opened AddOnContent Data TitleID=0100B040117430C3
00:01:18.560 |S| {Common} ServiceNs PrepareAddOnContentImpl: Stubbed. {index: 195}
00:01:18.561 |I| {Fs} Loader OpenDataStorageByDataId: Opened AddOnContent Data TitleID=0100B040117430C3
00:01:18.561 |S| {Common} ServiceNs PrepareAddOnContentImpl: Stubbed. {index: 196}
00:01:18.562 |I| {Fs} Loader OpenDataStorageByDataId: Opened AddOnContent Data TitleID=0100B040117430C4
00:01:18.563 |S| {Common} ServiceNs PrepareAddOnContentImpl: Stubbed. {index: 196}
00:01:18.563 |I| {Fs} Loader OpenDataStorageByDataId: Opened AddOnContent Data TitleID=0100B040117430C4
00:01:18.564 |S| {Common} ServiceNs PrepareAddOnContentImpl: Stubbed. {index: 197}
00:01:18.565 |I| {Fs} Loader OpenDataStorageByDataId: Opened AddOnContent Data TitleID=0100B040117430C5
00:01:18.565 |S| {Common} ServiceNs PrepareAddOnContentImpl: Stubbed. {index: 197}
00:01:18.573 |I| {Fs} Loader OpenDataStorageByDataId: Opened AddOnContent Data TitleID=0100B040117430C5
00:01:18.578 |S| {Common} ServiceNs PrepareAddOnContentImpl: Stubbed. {index: 198}
00:01:18.579 |I| {Fs} Loader OpenDataStorageByDataId: Opened AddOnContent Data TitleID=0100B040117430C6
00:01:18.580 |S| {Common} ServiceNs PrepareAddOnContentImpl: Stubbed. {index: 198}
00:01:18.581 |I| {Fs} Loader OpenDataStorageByDataId: Opened AddOnContent Data TitleID=0100B040117430C6
00:01:18.588 |S| {Common} ServiceNs PrepareAddOnContentImpl: Stubbed. {index: 199}
00:01:18.589 |I| {Fs} Loader OpenDataStorageByDataId: Opened AddOnContent Data TitleID=0100B040117430C7
00:01:18.589 |S| {Common} ServiceNs PrepareAddOnContentImpl: Stubbed. {index: 199}
00:01:18.590 |I| {Fs} Loader OpenDataStorageByDataId: Opened AddOnContent Data TitleID=0100B040117430C7
00:01:18.590 |S| {Common} ServiceNs PrepareAddOnContentImpl: Stubbed. {index: 200}
00:01:18.591 |I| {Fs} Loader OpenDataStorageByDataId: Opened AddOnContent Data TitleID=0100B040117430C8
00:01:18.591 |S| {Common} ServiceNs PrepareAddOnContentImpl: Stubbed. {index: 200}
00:01:18.592 |I| {Fs} Loader OpenDataStorageByDataId: Opened AddOnContent Data TitleID=0100B040117430C8
00:01:18.593 |S| {Common} ServiceNs PrepareAddOnContentImpl: Stubbed. {index: 201}
00:01:18.593 |I| {Fs} Loader OpenDataStorageByDataId: Opened AddOnContent Data TitleID=0100B040117430C9
00:01:18.594 |S| {Common} ServiceNs PrepareAddOnContentImpl: Stubbed. {index: 201}
00:01:18.594 |I| {Fs} Loader OpenDataStorageByDataId: Opened AddOnContent Data TitleID=0100B040117430C9
00:01:18.596 |S| {Common} ServiceNs PrepareAddOnContentImpl: Stubbed. {index: 202}
00:01:18.596 |I| {Fs} Loader OpenDataStorageByDataId: Opened AddOnContent Data TitleID=0100B040117430CA
00:01:18.597 |S| {Common} ServiceNs PrepareAddOnContentImpl: Stubbed. {index: 202}
00:01:18.598 |I| {Fs} Loader OpenDataStorageByDataId: Opened AddOnContent Data TitleID=0100B040117430CA
00:01:18.602 |S| {Common} ServiceNs PrepareAddOnContentImpl: Stubbed. {index: 203}
00:01:18.605 |I| {Fs} Loader OpenDataStorageByDataId: Opened AddOnContent Data TitleID=0100B040117430CB
00:01:18.605 |S| {Common} ServiceNs PrepareAddOnContentImpl: Stubbed. {index: 203}
00:01:18.606 |I| {Fs} Loader OpenDataStorageByDataId: Opened AddOnContent Data TitleID=0100B040117430CB
00:01:18.608 |S| {Common} ServiceNs PrepareAddOnContentImpl: Stubbed. {index: 204}
00:01:18.610 |I| {Fs} Loader OpenDataStorageByDataId: Opened AddOnContent Data TitleID=0100B040117430CC
00:01:18.613 |S| {Common} ServiceNs PrepareAddOnContentImpl: Stubbed. {index: 204}
00:01:18.613 |I| {Fs} Loader OpenDataStorageByDataId: Opened AddOnContent Data TitleID=0100B040117430CC
00:01:18.614 |S| {Common} ServiceNs PrepareAddOnContentImpl: Stubbed. {index: 205}
00:01:18.615 |I| {Fs} Loader OpenDataStorageByDataId: Opened AddOnContent Data TitleID=0100B040117430CD
00:01:18.616 |S| {Common} ServiceNs PrepareAddOnContentImpl: Stubbed. {index: 205}
00:01:18.619 |I| {Fs} Loader OpenDataStorageByDataId: Opened AddOnContent Data TitleID=0100B040117430CD
00:01:18.622 |S| {Common} ServiceNs PrepareAddOnContentImpl: Stubbed. {index: 206}
00:01:18.622 |I| {Fs} Loader OpenDataStorageByDataId: Opened AddOnContent Data TitleID=0100B040117430CE
00:01:18.623 |S| {Common} ServiceNs PrepareAddOnContentImpl: Stubbed. {index: 206}
00:01:18.623 |I| {Fs} Loader OpenDataStorageByDataId: Opened AddOnContent Data TitleID=0100B040117430CE
00:01:18.624 |S| {Common} ServiceNs PrepareAddOnContentImpl: Stubbed. {index: 207}
00:01:18.625 |I| {Fs} Loader OpenDataStorageByDataId: Opened AddOnContent Data TitleID=0100B040117430CF
00:01:18.626 |S| {Common} ServiceNs PrepareAddOnContentImpl: Stubbed. {index: 207}
00:01:18.626 |I| {Fs} Loader OpenDataStorageByDataId: Opened AddOnContent Data TitleID=0100B040117430CF
00:01:18.627 |S| {Common} ServiceNs PrepareAddOnContentImpl: Stubbed. {index: 208}
00:01:18.628 |I| {Fs} Loader OpenDataStorageByDataId: Opened AddOnContent Data TitleID=0100B040117430D0
00:01:18.629 |S| {Common} ServiceNs PrepareAddOnContentImpl: Stubbed. {index: 208}
00:01:18.629 |I| {Fs} Loader OpenDataStorageByDataId: Opened AddOnContent Data TitleID=0100B040117430D0
00:01:18.630 |S| {Common} ServiceNs PrepareAddOnContentImpl: Stubbed. {index: 209}
00:01:18.631 |I| {Fs} Loader OpenDataStorageByDataId: Opened AddOnContent Data TitleID=0100B040117430D1
00:01:18.632 |S| {Common} ServiceNs PrepareAddOnContentImpl: Stubbed. {index: 209}
00:01:18.632 |I| {Fs} Loader OpenDataStorageByDataId: Opened AddOnContent Data TitleID=0100B040117430D1
00:01:18.638 |S| {Common} ServiceNs PrepareAddOnContentImpl: Stubbed. {index: 210}
00:01:18.639 |I| {Fs} Loader OpenDataStorageByDataId: Opened AddOnContent Data TitleID=0100B040117430D2
00:01:18.641 |S| {Common} ServiceNs PrepareAddOnContentImpl: Stubbed. {index: 210}
00:01:18.642 |I| {Fs} Loader OpenDataStorageByDataId: Opened AddOnContent Data TitleID=0100B040117430D2
00:01:18.646 |S| {Common} ServiceNs PrepareAddOnContentImpl: Stubbed. {index: 211}
00:01:18.647 |I| {Fs} Loader OpenDataStorageByDataId: Opened AddOnContent Data TitleID=0100B040117430D3
00:01:18.648 |S| {Common} ServiceNs PrepareAddOnContentImpl: Stubbed. {index: 211}
00:01:18.648 |I| {Fs} Loader OpenDataStorageByDataId: Opened AddOnContent Data TitleID=0100B040117430D3
00:01:18.649 |S| {Common} ServiceNs PrepareAddOnContentImpl: Stubbed. {index: 212}
00:01:18.654 |I| {Fs} Loader OpenDataStorageByDataId: Opened AddOnContent Data TitleID=0100B040117430D4
00:01:18.655 |S| {Common} ServiceNs PrepareAddOnContentImpl: Stubbed. {index: 212}
00:01:18.656 |I| {Fs} Loader OpenDataStorageByDataId: Opened AddOnContent Data TitleID=0100B040117430D4
00:01:18.657 |S| {Common} ServiceNs PrepareAddOnContentImpl: Stubbed. {index: 213}
00:01:18.658 |I| {Fs} Loader OpenDataStorageByDataId: Opened AddOnContent Data TitleID=0100B040117430D5
00:01:18.659 |S| {Common} ServiceNs PrepareAddOnContentImpl: Stubbed. {index: 213}
00:01:18.659 |I| {Fs} Loader OpenDataStorageByDataId: Opened AddOnContent Data TitleID=0100B040117430D5
00:01:18.660 |S| {Common} ServiceNs PrepareAddOnContentImpl: Stubbed. {index: 214}
00:01:18.661 |I| {Fs} Loader OpenDataStorageByDataId: Opened AddOnContent Data TitleID=0100B040117430D6
00:01:18.662 |S| {Common} ServiceNs PrepareAddOnContentImpl: Stubbed. {index: 214}
00:01:18.662 |I| {Fs} Loader OpenDataStorageByDataId: Opened AddOnContent Data TitleID=0100B040117430D6
00:01:18.663 |S| {Common} ServiceNs PrepareAddOnContentImpl: Stubbed. {index: 215}
00:01:18.664 |I| {Fs} Loader OpenDataStorageByDataId: Opened AddOnContent Data TitleID=0100B040117430D7
00:01:18.664 |S| {Common} ServiceNs PrepareAddOnContentImpl: Stubbed. {index: 215}
00:01:18.665 |I| {Fs} Loader OpenDataStorageByDataId: Opened AddOnContent Data TitleID=0100B040117430D7
00:01:18.669 |S| {Common} ServiceNs PrepareAddOnContentImpl: Stubbed. {index: 216}
00:01:18.670 |I| {Fs} Loader OpenDataStorageByDataId: Opened AddOnContent Data TitleID=0100B040117430D8
00:01:18.671 |S| {Common} ServiceNs PrepareAddOnContentImpl: Stubbed. {index: 216}
00:01:18.672 |I| {Fs} Loader OpenDataStorageByDataId: Opened AddOnContent Data TitleID=0100B040117430D8
00:01:18.679 |S| {Common} ServiceNs PrepareAddOnContentImpl: Stubbed. {index: 217}
00:01:18.680 |I| {Fs} Loader OpenDataStorageByDataId: Opened AddOnContent Data TitleID=0100B040117430D9
00:01:18.682 |S| {Common} ServiceNs PrepareAddOnContentImpl: Stubbed. {index: 217}
00:01:18.686 |I| {Fs} Loader OpenDataStorageByDataId: Opened AddOnContent Data TitleID=0100B040117430D9
00:01:18.690 |S| {Common} ServiceNs PrepareAddOnContentImpl: Stubbed. {index: 218}
00:01:18.691 |I| {Fs} Loader OpenDataStorageByDataId: Opened AddOnContent Data TitleID=0100B040117430DA
00:01:18.691 |S| {Common} ServiceNs PrepareAddOnContentImpl: Stubbed. {index: 218}
00:01:18.692 |I| {Fs} Loader OpenDataStorageByDataId: Opened AddOnContent Data TitleID=0100B040117430DA
00:01:18.693 |S| {Common} ServiceNs PrepareAddOnContentImpl: Stubbed. {index: 219}
00:01:18.694 |I| {Fs} Loader OpenDataStorageByDataId: Opened AddOnContent Data TitleID=0100B040117430DB
00:01:18.694 |S| {Common} ServiceNs PrepareAddOnContentImpl: Stubbed. {index: 219}
00:01:18.695 |I| {Fs} Loader OpenDataStorageByDataId: Opened AddOnContent Data TitleID=0100B040117430DB
00:01:18.697 |S| {Common} ServiceNs PrepareAddOnContentImpl: Stubbed. {index: 220}
00:01:18.697 |I| {Fs} Loader OpenDataStorageByDataId: Opened AddOnContent Data TitleID=0100B040117430DC
00:01:18.699 |S| {Common} ServiceNs PrepareAddOnContentImpl: Stubbed. {index: 220}
00:01:18.704 |I| {Fs} Loader OpenDataStorageByDataId: Opened AddOnContent Data TitleID=0100B040117430DC
00:01:18.707 |S| {Common} ServiceNs PrepareAddOnContentImpl: Stubbed. {index: 221}
00:01:18.708 |I| {Fs} Loader OpenDataStorageByDataId: Opened AddOnContent Data TitleID=0100B040117430DD
00:01:18.710 |S| {Common} ServiceNs PrepareAddOnContentImpl: Stubbed. {index: 221}
00:01:18.711 |I| {Fs} Loader OpenDataStorageByDataId: Opened AddOnContent Data TitleID=0100B040117430DD
00:01:18.714 |S| {Common} ServiceNs PrepareAddOnContentImpl: Stubbed. {index: 222}
00:01:18.715 |I| {Fs} Loader OpenDataStorageByDataId: Opened AddOnContent Data TitleID=0100B040117430DE
00:01:18.715 |S| {Common} ServiceNs PrepareAddOnContentImpl: Stubbed. {index: 222}
00:01:18.716 |I| {Fs} Loader OpenDataStorageByDataId: Opened AddOnContent Data TitleID=0100B040117430DE
00:01:18.720 |S| {Common} ServiceNs PrepareAddOnContentImpl: Stubbed. {index: 223}
00:01:18.721 |I| {Fs} Loader OpenDataStorageByDataId: Opened AddOnContent Data TitleID=0100B040117430DF
00:01:18.721 |S| {Common} ServiceNs PrepareAddOnContentImpl: Stubbed. {index: 223}
00:01:18.722 |I| {Fs} Loader OpenDataStorageByDataId: Opened AddOnContent Data TitleID=0100B040117430DF
00:01:18.723 |S| {Common} ServiceNs PrepareAddOnContentImpl: Stubbed. {index: 224}
00:01:18.723 |I| {Fs} Loader OpenDataStorageByDataId: Opened AddOnContent Data TitleID=0100B040117430E0
00:01:18.724 |S| {Common} ServiceNs PrepareAddOnContentImpl: Stubbed. {index: 224}
00:01:18.724 |I| {Fs} Loader OpenDataStorageByDataId: Opened AddOnContent Data TitleID=0100B040117430E0
00:01:18.726 |S| {Common} ServiceNs PrepareAddOnContentImpl: Stubbed. {index: 225}
00:01:18.726 |I| {Fs} Loader OpenDataStorageByDataId: Opened AddOnContent Data TitleID=0100B040117430E1
00:01:18.727 |S| {Common} ServiceNs PrepareAddOnContentImpl: Stubbed. {index: 225}
00:01:18.727 |I| {Fs} Loader OpenDataStorageByDataId: Opened AddOnContent Data TitleID=0100B040117430E1
00:01:18.728 |S| {Common} ServiceNs PrepareAddOnContentImpl: Stubbed. {index: 226}
00:01:18.729 |I| {Fs} Loader OpenDataStorageByDataId: Opened AddOnContent Data TitleID=0100B040117430E2
00:01:18.730 |S| {Common} ServiceNs PrepareAddOnContentImpl: Stubbed. {index: 226}
00:01:18.730 |I| {Fs} Loader OpenDataStorageByDataId: Opened AddOnContent Data TitleID=0100B040117430E2
00:01:18.732 |S| {Common} ServiceNs PrepareAddOnContentImpl: Stubbed. {index: 227}
00:01:18.737 |I| {Fs} Loader OpenDataStorageByDataId: Opened AddOnContent Data TitleID=0100B040117430E3
00:01:18.740 |S| {Common} ServiceNs PrepareAddOnContentImpl: Stubbed. {index: 227}
00:01:18.741 |I| {Fs} Loader OpenDataStorageByDataId: Opened AddOnContent Data TitleID=0100B040117430E3
00:01:18.968 |S| {Common} ServicePctl IsFreeCommunicationAvailable: Stubbed. 
00:01:20.403 |S| {Common} ServiceNs PrepareAddOnContentImpl: Stubbed. {index: 228}
00:01:20.407 |I| {Fs} Loader OpenDataStorageByDataId: Opened AddOnContent Data TitleID=0100B040117430E4
00:01:20.409 |S| {Common} ServiceNs PrepareAddOnContentImpl: Stubbed. {index: 228}
00:01:20.411 |I| {Fs} Loader OpenDataStorageByDataId: Opened AddOnContent Data TitleID=0100B040117430E4
00:01:20.412 |S| {Common} ServiceNs PrepareAddOnContentImpl: Stubbed. {index: 229}
00:01:20.416 |I| {Fs} Loader OpenDataStorageByDataId: Opened AddOnContent Data TitleID=0100B040117430E5
00:01:20.418 |S| {Common} ServiceNs PrepareAddOnContentImpl: Stubbed. {index: 229}
00:01:20.419 |I| {Fs} Loader OpenDataStorageByDataId: Opened AddOnContent Data TitleID=0100B040117430E5
00:01:20.420 |S| {Common} ServiceNs PrepareAddOnContentImpl: Stubbed. {index: 230}
00:01:20.426 |I| {Fs} Loader OpenDataStorageByDataId: Opened AddOnContent Data TitleID=0100B040117430E6
00:01:20.427 |S| {Common} ServiceNs PrepareAddOnContentImpl: Stubbed. {index: 230}
00:01:20.427 |I| {Fs} Loader OpenDataStorageByDataId: Opened AddOnContent Data TitleID=0100B040117430E6
00:01:20.428 |S| {Common} ServiceNs PrepareAddOnContentImpl: Stubbed. {index: 231}
00:01:20.434 |I| {Fs} Loader OpenDataStorageByDataId: Opened AddOnContent Data TitleID=0100B040117430E7
00:01:20.438 |S| {Common} ServiceNs PrepareAddOnContentImpl: Stubbed. {index: 231}
00:01:20.439 |I| {Fs} Loader OpenDataStorageByDataId: Opened AddOnContent Data TitleID=0100B040117430E7
00:01:20.441 |S| {Common} ServiceNs PrepareAddOnContentImpl: Stubbed. {index: 232}
00:01:20.446 |I| {Fs} Loader OpenDataStorageByDataId: Opened AddOnContent Data TitleID=0100B040117430E8
00:01:20.447 |S| {Common} ServiceNs PrepareAddOnContentImpl: Stubbed. {index: 232}
00:01:20.448 |I| {Fs} Loader OpenDataStorageByDataId: Opened AddOnContent Data TitleID=0100B040117430E8
00:01:20.449 |S| {Common} ServiceNs PrepareAddOnContentImpl: Stubbed. {index: 233}
00:01:20.450 |I| {Fs} Loader OpenDataStorageByDataId: Opened AddOnContent Data TitleID=0100B040117430E9
00:01:20.456 |S| {Common} ServiceNs PrepareAddOnContentImpl: Stubbed. {index: 233}
00:01:20.457 |I| {Fs} Loader OpenDataStorageByDataId: Opened AddOnContent Data TitleID=0100B040117430E9
00:01:20.458 |S| {Common} ServiceNs PrepareAddOnContentImpl: Stubbed. {index: 234}
00:01:20.459 |I| {Fs} Loader OpenDataStorageByDataId: Opened AddOnContent Data TitleID=0100B040117430EA
00:01:20.461 |S| {Common} ServiceNs PrepareAddOnContentImpl: Stubbed. {index: 234}
00:01:20.461 |I| {Fs} Loader OpenDataStorageByDataId: Opened AddOnContent Data TitleID=0100B040117430EA
00:01:20.462 |S| {Common} ServiceNs PrepareAddOnContentImpl: Stubbed. {index: 235}
00:01:20.466 |I| {Fs} Loader OpenDataStorageByDataId: Opened AddOnContent Data TitleID=0100B040117430EB
00:01:20.470 |S| {Common} ServiceNs PrepareAddOnContentImpl: Stubbed. {index: 235}
00:01:20.470 |I| {Fs} Loader OpenDataStorageByDataId: Opened AddOnContent Data TitleID=0100B040117430EB
00:01:20.472 |S| {Common} ServiceNs PrepareAddOnContentImpl: Stubbed. {index: 236}
00:01:20.477 |I| {Fs} Loader OpenDataStorageByDataId: Opened AddOnContent Data TitleID=0100B040117430EC
00:01:20.478 |S| {Common} ServiceNs PrepareAddOnContentImpl: Stubbed. {index: 236}
00:01:20.478 |I| {Fs} Loader OpenDataStorageByDataId: Opened AddOnContent Data TitleID=0100B040117430EC
00:01:20.479 |S| {Common} ServiceNs PrepareAddOnContentImpl: Stubbed. {index: 237}
00:01:20.481 |I| {Fs} Loader OpenDataStorageByDataId: Opened AddOnContent Data TitleID=0100B040117430ED
00:01:20.488 |S| {Common} ServiceNs PrepareAddOnContentImpl: Stubbed. {index: 237}
00:01:20.488 |I| {Fs} Loader OpenDataStorageByDataId: Opened AddOnContent Data TitleID=0100B040117430ED
00:01:20.489 |S| {Common} ServiceNs PrepareAddOnContentImpl: Stubbed. {index: 238}
00:01:20.489 |I| {Fs} Loader OpenDataStorageByDataId: Opened AddOnContent Data TitleID=0100B040117430EE
00:01:20.491 |S| {Common} ServiceNs PrepareAddOnContentImpl: Stubbed. {index: 238}
00:01:20.492 |I| {Fs} Loader OpenDataStorageByDataId: Opened AddOnContent Data TitleID=0100B040117430EE
00:01:20.493 |S| {Common} ServiceNs PrepareAddOnContentImpl: Stubbed. {index: 239}
00:01:20.498 |I| {Fs} Loader OpenDataStorageByDataId: Opened AddOnContent Data TitleID=0100B040117430EF
00:01:20.499 |S| {Common} ServiceNs PrepareAddOnContentImpl: Stubbed. {index: 239}
00:01:20.500 |I| {Fs} Loader OpenDataStorageByDataId: Opened AddOnContent Data TitleID=0100B040117430EF
00:01:20.504 |S| {Common} ServiceNs PrepareAddOnContentImpl: Stubbed. {index: 240}
00:01:20.507 |I| {Fs} Loader OpenDataStorageByDataId: Opened AddOnContent Data TitleID=0100B040117430F0
00:01:20.509 |S| {Common} ServiceNs PrepareAddOnContentImpl: Stubbed. {index: 240}
00:01:20.510 |I| {Fs} Loader OpenDataStorageByDataId: Opened AddOnContent Data TitleID=0100B040117430F0
00:01:20.511 |S| {Common} ServiceNs PrepareAddOnContentImpl: Stubbed. {index: 241}
00:01:20.517 |I| {Fs} Loader OpenDataStorageByDataId: Opened AddOnContent Data TitleID=0100B040117430F1
00:01:20.519 |S| {Common} ServiceNs PrepareAddOnContentImpl: Stubbed. {index: 241}
00:01:20.519 |I| {Fs} Loader OpenDataStorageByDataId: Opened AddOnContent Data TitleID=0100B040117430F1
00:01:20.520 |S| {Common} ServiceNs PrepareAddOnContentImpl: Stubbed. {index: 242}
00:01:20.521 |I| {Fs} Loader OpenDataStorageByDataId: Opened AddOnContent Data TitleID=0100B040117430F2
00:01:20.528 |S| {Common} ServiceNs PrepareAddOnContentImpl: Stubbed. {index: 242}
00:01:20.528 |I| {Fs} Loader OpenDataStorageByDataId: Opened AddOnContent Data TitleID=0100B040117430F2
00:01:20.529 |S| {Common} ServiceNs PrepareAddOnContentImpl: Stubbed. {index: 243}
00:01:20.530 |I| {Fs} Loader OpenDataStorageByDataId: Opened AddOnContent Data TitleID=0100B040117430F3
00:01:20.532 |S| {Common} ServiceNs PrepareAddOnContentImpl: Stubbed. {index: 243}
00:01:20.533 |I| {Fs} Loader OpenDataStorageByDataId: Opened AddOnContent Data TitleID=0100B040117430F3
00:01:20.537 |S| {Common} ServiceNs PrepareAddOnContentImpl: Stubbed. {index: 244}
00:01:20.538 |I| {Fs} Loader OpenDataStorageByDataId: Opened AddOnContent Data TitleID=0100B040117430F4
00:01:20.539 |S| {Common} ServiceNs PrepareAddOnContentImpl: Stubbed. {index: 244}
00:01:20.540 |I| {Fs} Loader OpenDataStorageByDataId: Opened AddOnContent Data TitleID=0100B040117430F4
00:01:20.543 |S| {Common} ServiceNs PrepareAddOnContentImpl: Stubbed. {index: 245}
00:01:20.548 |I| {Fs} Loader OpenDataStorageByDataId: Opened AddOnContent Data TitleID=0100B040117430F5
00:01:20.549 |S| {Common} ServiceNs PrepareAddOnContentImpl: Stubbed. {index: 245}
00:01:20.555 |I| {Fs} Loader OpenDataStorageByDataId: Opened AddOnContent Data TitleID=0100B040117430F5
00:01:20.557 |S| {Common} ServiceNs PrepareAddOnContentImpl: Stubbed. {index: 246}
00:01:20.558 |I| {Fs} Loader OpenDataStorageByDataId: Opened AddOnContent Data TitleID=0100B040117430F6
00:01:20.559 |S| {Common} ServiceNs PrepareAddOnContentImpl: Stubbed. {index: 246}
00:01:20.559 |I| {Fs} Loader OpenDataStorageByDataId: Opened AddOnContent Data TitleID=0100B040117430F6
00:01:20.560 |S| {Common} ServiceNs PrepareAddOnContentImpl: Stubbed. {index: 247}
00:01:20.567 |I| {Fs} Loader OpenDataStorageByDataId: Opened AddOnContent Data TitleID=0100B040117430F7
00:01:20.570 |S| {Common} ServiceNs PrepareAddOnContentImpl: Stubbed. {index: 247}
00:01:20.570 |I| {Fs} Loader OpenDataStorageByDataId: Opened AddOnContent Data TitleID=0100B040117430F7
00:01:20.573 |S| {Common} ServiceNs PrepareAddOnContentImpl: Stubbed. {index: 248}
00:01:20.579 |I| {Fs} Loader OpenDataStorageByDataId: Opened AddOnContent Data TitleID=0100B040117430F8
00:01:20.580 |S| {Common} ServiceNs PrepareAddOnContentImpl: Stubbed. {index: 248}
00:01:20.580 |I| {Fs} Loader OpenDataStorageByDataId: Opened AddOnContent Data TitleID=0100B040117430F8
00:01:20.581 |S| {Common} ServiceNs PrepareAddOnContentImpl: Stubbed. {index: 249}
00:01:20.584 |I| {Fs} Loader OpenDataStorageByDataId: Opened AddOnContent Data TitleID=0100B040117430F9
00:01:20.588 |S| {Common} ServiceNs PrepareAddOnContentImpl: Stubbed. {index: 249}
00:01:20.589 |I| {Fs} Loader OpenDataStorageByDataId: Opened AddOnContent Data TitleID=0100B040117430F9
00:01:20.590 |S| {Common} ServiceNs PrepareAddOnContentImpl: Stubbed. {index: 250}
00:01:20.590 |I| {Fs} Loader OpenDataStorageByDataId: Opened AddOnContent Data TitleID=0100B040117430FA
00:01:20.592 |S| {Common} ServiceNs PrepareAddOnContentImpl: Stubbed. {index: 250}
00:01:20.593 |I| {Fs} Loader OpenDataStorageByDataId: Opened AddOnContent Data TitleID=0100B040117430FA
00:01:20.594 |S| {Common} ServiceNs PrepareAddOnContentImpl: Stubbed. {index: 251}
00:01:20.598 |I| {Fs} Loader OpenDataStorageByDataId: Opened AddOnContent Data TitleID=0100B040117430FB
00:01:20.598 |S| {Common} ServiceNs PrepareAddOnContentImpl: Stubbed. {index: 251}
00:01:20.599 |I| {Fs} Loader OpenDataStorageByDataId: Opened AddOnContent Data TitleID=0100B040117430FB
00:01:20.603 |S| {Common} ServiceNs PrepareAddOnContentImpl: Stubbed. {index: 252}
00:01:20.608 |I| {Fs} Loader OpenDataStorageByDataId: Opened AddOnContent Data TitleID=0100B040117430FC
00:01:20.609 |S| {Common} ServiceNs PrepareAddOnContentImpl: Stubbed. {index: 252}
00:01:20.610 |I| {Fs} Loader OpenDataStorageByDataId: Opened AddOnContent Data TitleID=0100B040117430FC
00:01:20.611 |S| {Common} ServiceNs PrepareAddOnContentImpl: Stubbed. {index: 253}
00:01:20.612 |I| {Fs} Loader OpenDataStorageByDataId: Opened AddOnContent Data TitleID=0100B040117430FD
00:01:20.618 |S| {Common} ServiceNs PrepareAddOnContentImpl: Stubbed. {index: 253}
00:01:20.619 |I| {Fs} Loader OpenDataStorageByDataId: Opened AddOnContent Data TitleID=0100B040117430FD
00:01:20.620 |S| {Common} ServiceNs PrepareAddOnContentImpl: Stubbed. {index: 254}
00:01:20.621 |I| {Fs} Loader OpenDataStorageByDataId: Opened AddOnContent Data TitleID=0100B040117430FE
00:01:20.623 |S| {Common} ServiceNs PrepareAddOnContentImpl: Stubbed. {index: 254}
00:01:20.624 |I| {Fs} Loader OpenDataStorageByDataId: Opened AddOnContent Data TitleID=0100B040117430FE
00:01:20.625 |S| {Common} ServiceNs PrepareAddOnContentImpl: Stubbed. {index: 255}
00:01:20.628 |I| {Fs} Loader OpenDataStorageByDataId: Opened AddOnContent Data TitleID=0100B040117430FF
00:01:20.629 |S| {Common} ServiceNs PrepareAddOnContentImpl: Stubbed. {index: 255}
00:01:20.629 |I| {Fs} Loader OpenDataStorageByDataId: Opened AddOnContent Data TitleID=0100B040117430FF
00:01:20.630 |S| {Common} ServiceNs PrepareAddOnContentImpl: Stubbed. {index: 256}
00:01:20.631 |I| {Fs} Loader OpenDataStorageByDataId: Opened AddOnContent Data TitleID=0100B04011743100
00:01:20.637 |S| {Common} ServiceNs PrepareAddOnContentImpl: Stubbed. {index: 256}
00:01:20.638 |I| {Fs} Loader OpenDataStorageByDataId: Opened AddOnContent Data TitleID=0100B04011743100
00:01:20.641 |S| {Common} ServiceNs PrepareAddOnContentImpl: Stubbed. {index: 257}
00:01:20.646 |I| {Fs} Loader OpenDataStorageByDataId: Opened AddOnContent Data TitleID=0100B04011743101
00:01:20.648 |S| {Common} ServiceNs PrepareAddOnContentImpl: Stubbed. {index: 257}
00:01:20.648 |I| {Fs} Loader OpenDataStorageByDataId: Opened AddOnContent Data TitleID=0100B04011743101
00:01:20.652 |S| {Common} ServiceNs PrepareAddOnContentImpl: Stubbed. {index: 258}
00:01:20.656 |I| {Fs} Loader OpenDataStorageByDataId: Opened AddOnContent Data TitleID=0100B04011743102
00:01:20.657 |S| {Common} ServiceNs PrepareAddOnContentImpl: Stubbed. {index: 258}
00:01:20.657 |I| {Fs} Loader OpenDataStorageByDataId: Opened AddOnContent Data TitleID=0100B04011743102
00:01:20.658 |S| {Common} ServiceNs PrepareAddOnContentImpl: Stubbed. {index: 259}
00:01:20.659 |I| {Fs} Loader OpenDataStorageByDataId: Opened AddOnContent Data TitleID=0100B04011743103
00:01:20.664 |S| {Common} ServiceNs PrepareAddOnContentImpl: Stubbed. {index: 259}
00:01:20.665 |I| {Fs} Loader OpenDataStorageByDataId: Opened AddOnContent Data TitleID=0100B04011743103
00:01:20.673 |S| {Common} ServiceNs PrepareAddOnContentImpl: Stubbed. {index: 260}
00:01:20.675 |I| {Fs} Loader OpenDataStorageByDataId: Opened AddOnContent Data TitleID=0100B04011743104
00:01:20.676 |S| {Common} ServiceNs PrepareAddOnContentImpl: Stubbed. {index: 260}
00:01:20.677 |I| {Fs} Loader OpenDataStorageByDataId: Opened AddOnContent Data TitleID=0100B04011743104
00:01:20.679 |S| {Common} ServiceNs PrepareAddOnContentImpl: Stubbed. {index: 261}
00:01:20.684 |I| {Fs} Loader OpenDataStorageByDataId: Opened AddOnContent Data TitleID=0100B04011743105
00:01:20.686 |S| {Common} ServiceNs PrepareAddOnContentImpl: Stubbed. {index: 261}
00:01:20.686 |I| {Fs} Loader OpenDataStorageByDataId: Opened AddOnContent Data TitleID=0100B04011743105
00:01:20.687 |S| {Common} ServiceNs PrepareAddOnContentImpl: Stubbed. {index: 262}
00:01:20.688 |I| {Fs} Loader OpenDataStorageByDataId: Opened AddOnContent Data TitleID=0100B04011743106
00:01:20.693 |S| {Common} ServiceNs PrepareAddOnContentImpl: Stubbed. {index: 262}
00:01:20.694 |I| {Fs} Loader OpenDataStorageByDataId: Opened AddOnContent Data TitleID=0100B04011743106
00:01:20.695 |S| {Common} ServiceNs PrepareAddOnContentImpl: Stubbed. {index: 263}
00:01:20.695 |I| {Fs} Loader OpenDataStorageByDataId: Opened AddOnContent Data TitleID=0100B04011743107
00:01:20.697 |S| {Common} ServiceNs PrepareAddOnContentImpl: Stubbed. {index: 263}
00:01:20.698 |I| {Fs} Loader OpenDataStorageByDataId: Opened AddOnContent Data TitleID=0100B04011743107
00:01:20.699 |S| {Common} ServiceNs PrepareAddOnContentImpl: Stubbed. {index: 264}
00:01:20.702 |I| {Fs} Loader OpenDataStorageByDataId: Opened AddOnContent Data TitleID=0100B04011743108
00:01:20.704 |S| {Common} ServiceNs PrepareAddOnContentImpl: Stubbed. {index: 264}
00:01:20.705 |I| {Fs} Loader OpenDataStorageByDataId: Opened AddOnContent Data TitleID=0100B04011743108
00:01:20.706 |S| {Common} ServiceNs PrepareAddOnContentImpl: Stubbed. {index: 265}
00:01:20.711 |I| {Fs} Loader OpenDataStorageByDataId: Opened AddOnContent Data TitleID=0100B04011743109
00:01:20.712 |S| {Common} ServiceNs PrepareAddOnContentImpl: Stubbed. {index: 265}
00:01:20.713 |I| {Fs} Loader OpenDataStorageByDataId: Opened AddOnContent Data TitleID=0100B04011743109
00:01:20.714 |S| {Common} ServiceNs PrepareAddOnContentImpl: Stubbed. {index: 266}
00:01:20.715 |I| {Fs} Loader OpenDataStorageByDataId: Opened AddOnContent Data TitleID=0100B0401174310A
00:01:20.718 |S| {Common} ServiceNs PrepareAddOnContentImpl: Stubbed. {index: 266}
00:01:20.719 |I| {Fs} Loader OpenDataStorageByDataId: Opened AddOnContent Data TitleID=0100B0401174310A
00:01:20.721 |S| {Common} ServiceNs PrepareAddOnContentImpl: Stubbed. {index: 267}
00:01:20.722 |I| {Fs} Loader OpenDataStorageByDataId: Opened AddOnContent Data TitleID=0100B0401174310B
00:01:20.722 |S| {Common} ServiceNs PrepareAddOnContentImpl: Stubbed. {index: 267}
00:01:20.723 |I| {Fs} Loader OpenDataStorageByDataId: Opened AddOnContent Data TitleID=0100B0401174310B
00:01:20.723 |S| {Common} ServiceNs PrepareAddOnContentImpl: Stubbed. {index: 268}
00:01:20.724 |I| {Fs} Loader OpenDataStorageByDataId: Opened AddOnContent Data TitleID=0100B0401174310C
00:01:20.725 |S| {Common} ServiceNs PrepareAddOnContentImpl: Stubbed. {index: 268}
00:01:20.725 |I| {Fs} Loader OpenDataStorageByDataId: Opened AddOnContent Data TitleID=0100B0401174310C
00:01:20.726 |S| {Common} ServiceNs PrepareAddOnContentImpl: Stubbed. {index: 269}
00:01:20.727 |I| {Fs} Loader OpenDataStorageByDataId: Opened AddOnContent Data TitleID=0100B0401174310D
00:01:20.728 |S| {Common} ServiceNs PrepareAddOnContentImpl: Stubbed. {index: 269}
00:01:20.728 |I| {Fs} Loader OpenDataStorageByDataId: Opened AddOnContent Data TitleID=0100B0401174310D
00:01:20.729 |S| {Common} ServiceNs PrepareAddOnContentImpl: Stubbed. {index: 270}
00:01:20.729 |I| {Fs} Loader OpenDataStorageByDataId: Opened AddOnContent Data TitleID=0100B0401174310E
00:01:20.730 |S| {Common} ServiceNs PrepareAddOnContentImpl: Stubbed. {index: 270}
00:01:20.730 |I| {Fs} Loader OpenDataStorageByDataId: Opened AddOnContent Data TitleID=0100B0401174310E
00:01:20.732 |S| {Common} ServiceNs PrepareAddOnContentImpl: Stubbed. {index: 271}
00:01:20.737 |I| {Fs} Loader OpenDataStorageByDataId: Opened AddOnContent Data TitleID=0100B0401174310F
00:01:20.738 |S| {Common} ServiceNs PrepareAddOnContentImpl: Stubbed. {index: 271}
00:01:20.739 |I| {Fs} Loader OpenDataStorageByDataId: Opened AddOnContent Data TitleID=0100B0401174310F
00:01:20.741 |S| {Common} ServiceNs PrepareAddOnContentImpl: Stubbed. {index: 272}
00:01:20.743 |I| {Fs} Loader OpenDataStorageByDataId: Opened AddOnContent Data TitleID=0100B04011743110
00:01:20.745 |S| {Common} ServiceNs PrepareAddOnContentImpl: Stubbed. {index: 272}
00:01:20.746 |I| {Fs} Loader OpenDataStorageByDataId: Opened AddOnContent Data TitleID=0100B04011743110
00:01:20.748 |S| {Common} ServiceNs PrepareAddOnContentImpl: Stubbed. {index: 273}
00:01:20.749 |I| {Fs} Loader OpenDataStorageByDataId: Opened AddOnContent Data TitleID=0100B04011743111
00:01:20.752 |S| {Common} ServiceNs PrepareAddOnContentImpl: Stubbed. {index: 273}
00:01:20.753 |I| {Fs} Loader OpenDataStorageByDataId: Opened AddOnContent Data TitleID=0100B04011743111
00:01:20.755 |S| {Common} ServiceNs PrepareAddOnContentImpl: Stubbed. {index: 274}
00:01:20.756 |I| {Fs} Loader OpenDataStorageByDataId: Opened AddOnContent Data TitleID=0100B04011743112
00:01:20.757 |S| {Common} ServiceNs PrepareAddOnContentImpl: Stubbed. {index: 274}
00:01:20.762 |I| {Fs} Loader OpenDataStorageByDataId: Opened AddOnContent Data TitleID=0100B04011743112
00:01:20.764 |S| {Common} ServiceNs PrepareAddOnContentImpl: Stubbed. {index: 275}
00:01:20.765 |I| {Fs} Loader OpenDataStorageByDataId: Opened AddOnContent Data TitleID=0100B04011743113
00:01:20.766 |S| {Common} ServiceNs PrepareAddOnContentImpl: Stubbed. {index: 275}
00:01:20.768 |I| {Fs} Loader OpenDataStorageByDataId: Opened AddOnContent Data TitleID=0100B04011743113
00:01:20.770 |S| {Common} ServiceNs PrepareAddOnContentImpl: Stubbed. {index: 276}
00:01:20.771 |I| {Fs} Loader OpenDataStorageByDataId: Opened AddOnContent Data TitleID=0100B04011743114
00:01:20.772 |S| {Common} ServiceNs PrepareAddOnContentImpl: Stubbed. {index: 276}
00:01:20.772 |I| {Fs} Loader OpenDataStorageByDataId: Opened AddOnContent Data TitleID=0100B04011743114
00:01:20.777 |S| {Common} ServiceNs PrepareAddOnContentImpl: Stubbed. {index: 277}
00:01:20.779 |I| {Fs} Loader OpenDataStorageByDataId: Opened AddOnContent Data TitleID=0100B04011743115
00:01:20.781 |S| {Common} ServiceNs PrepareAddOnContentImpl: Stubbed. {index: 277}
00:01:20.781 |I| {Fs} Loader OpenDataStorageByDataId: Opened AddOnContent Data TitleID=0100B04011743115
00:01:20.783 |S| {Common} ServiceNs PrepareAddOnContentImpl: Stubbed. {index: 278}
00:01:20.785 |I| {Fs} Loader OpenDataStorageByDataId: Opened AddOnContent Data TitleID=0100B04011743116
00:01:20.786 |S| {Common} ServiceNs PrepareAddOnContentImpl: Stubbed. {index: 278}
00:01:20.787 |I| {Fs} Loader OpenDataStorageByDataId: Opened AddOnContent Data TitleID=0100B04011743116
00:01:20.788 |S| {Common} ServiceNs PrepareAddOnContentImpl: Stubbed. {index: 279}
00:01:20.789 |I| {Fs} Loader OpenDataStorageByDataId: Opened AddOnContent Data TitleID=0100B04011743117
00:01:20.790 |S| {Common} ServiceNs PrepareAddOnContentImpl: Stubbed. {index: 279}
00:01:20.790 |I| {Fs} Loader OpenDataStorageByDataId: Opened AddOnContent Data TitleID=0100B04011743117
00:01:20.791 |S| {Common} ServiceNs PrepareAddOnContentImpl: Stubbed. {index: 280}
00:01:20.792 |I| {Fs} Loader OpenDataStorageByDataId: Opened AddOnContent Data TitleID=0100B04011743118
00:01:20.792 |S| {Common} ServiceNs PrepareAddOnContentImpl: Stubbed. {index: 280}
00:01:20.792 |I| {Fs} Loader OpenDataStorageByDataId: Opened AddOnContent Data TitleID=0100B04011743118
00:01:20.793 |S| {Common} ServiceNs PrepareAddOnContentImpl: Stubbed. {index: 281}
00:01:20.794 |I| {Fs} Loader OpenDataStorageByDataId: Opened AddOnContent Data TitleID=0100B04011743119
00:01:20.795 |S| {Common} ServiceNs PrepareAddOnContentImpl: Stubbed. {index: 281}
00:01:20.795 |I| {Fs} Loader OpenDataStorageByDataId: Opened AddOnContent Data TitleID=0100B04011743119
00:01:20.796 |S| {Common} ServiceNs PrepareAddOnContentImpl: Stubbed. {index: 282}
00:01:20.798 |I| {Fs} Loader OpenDataStorageByDataId: Opened AddOnContent Data TitleID=0100B0401174311A
00:01:20.798 |S| {Common} ServiceNs PrepareAddOnContentImpl: Stubbed. {index: 282}
00:01:20.800 |I| {Fs} Loader OpenDataStorageByDataId: Opened AddOnContent Data TitleID=0100B0401174311A
00:01:20.805 |S| {Common} ServiceNs PrepareAddOnContentImpl: Stubbed. {index: 283}
00:01:20.807 |I| {Fs} Loader OpenDataStorageByDataId: Opened AddOnContent Data TitleID=0100B0401174311B
00:01:20.808 |S| {Common} ServiceNs PrepareAddOnContentImpl: Stubbed. {index: 283}
00:01:20.809 |I| {Fs} Loader OpenDataStorageByDataId: Opened AddOnContent Data TitleID=0100B0401174311B
00:01:20.812 |S| {Common} ServiceNs PrepareAddOnContentImpl: Stubbed. {index: 284}
00:01:20.814 |I| {Fs} Loader OpenDataStorageByDataId: Opened AddOnContent Data TitleID=0100B0401174311C
00:01:20.815 |S| {Common} ServiceNs PrepareAddOnContentImpl: Stubbed. {index: 284}
00:01:20.818 |I| {Fs} Loader OpenDataStorageByDataId: Opened AddOnContent Data TitleID=0100B0401174311C
00:01:20.820 |S| {Common} ServiceNs PrepareAddOnContentImpl: Stubbed. {index: 285}
00:01:20.821 |I| {Fs} Loader OpenDataStorageByDataId: Opened AddOnContent Data TitleID=0100B0401174311D
00:01:20.822 |S| {Common} ServiceNs PrepareAddOnContentImpl: Stubbed. {index: 285}
00:01:20.822 |I| {Fs} Loader OpenDataStorageByDataId: Opened AddOnContent Data TitleID=0100B0401174311D
00:01:20.823 |S| {Common} ServiceNs PrepareAddOnContentImpl: Stubbed. {index: 286}
00:01:20.824 |I| {Fs} Loader OpenDataStorageByDataId: Opened AddOnContent Data TitleID=0100B0401174311E
00:01:20.824 |S| {Common} ServiceNs PrepareAddOnContentImpl: Stubbed. {index: 286}
00:01:20.825 |I| {Fs} Loader OpenDataStorageByDataId: Opened AddOnContent Data TitleID=0100B0401174311E
00:01:20.826 |S| {Common} ServiceNs PrepareAddOnContentImpl: Stubbed. {index: 287}
00:01:20.826 |I| {Fs} Loader OpenDataStorageByDataId: Opened AddOnContent Data TitleID=0100B0401174311F
00:01:20.827 |S| {Common} ServiceNs PrepareAddOnContentImpl: Stubbed. {index: 287}
00:01:20.827 |I| {Fs} Loader OpenDataStorageByDataId: Opened AddOnContent Data TitleID=0100B0401174311F
00:01:20.828 |S| {Common} ServiceNs PrepareAddOnContentImpl: Stubbed. {index: 288}
00:01:20.829 |I| {Fs} Loader OpenDataStorageByDataId: Opened AddOnContent Data TitleID=0100B04011743120
00:01:20.829 |S| {Common} ServiceNs PrepareAddOnContentImpl: Stubbed. {index: 288}
00:01:20.830 |I| {Fs} Loader OpenDataStorageByDataId: Opened AddOnContent Data TitleID=0100B04011743120
00:01:20.830 |S| {Common} ServiceNs PrepareAddOnContentImpl: Stubbed. {index: 289}
00:01:20.836 |I| {Fs} Loader OpenDataStorageByDataId: Opened AddOnContent Data TitleID=0100B04011743121
00:01:20.839 |S| {Common} ServiceNs PrepareAddOnContentImpl: Stubbed. {index: 289}
00:01:20.839 |I| {Fs} Loader OpenDataStorageByDataId: Opened AddOnContent Data TitleID=0100B04011743121
00:01:20.841 |S| {Common} ServiceNs PrepareAddOnContentImpl: Stubbed. {index: 290}
00:01:20.842 |I| {Fs} Loader OpenDataStorageByDataId: Opened AddOnContent Data TitleID=0100B04011743122
00:01:20.843 |S| {Common} ServiceNs PrepareAddOnContentImpl: Stubbed. {index: 290}
00:01:20.844 |I| {Fs} Loader OpenDataStorageByDataId: Opened AddOnContent Data TitleID=0100B04011743122
00:01:20.845 |S| {Common} ServiceNs PrepareAddOnContentImpl: Stubbed. {index: 291}
00:01:20.846 |I| {Fs} Loader OpenDataStorageByDataId: Opened AddOnContent Data TitleID=0100B04011743123
00:01:20.846 |S| {Common} ServiceNs PrepareAddOnContentImpl: Stubbed. {index: 291}
00:01:20.847 |I| {Fs} Loader OpenDataStorageByDataId: Opened AddOnContent Data TitleID=0100B04011743123
00:01:22.438 |S| {Common} ServiceNs PrepareAddOnContentImpl: Stubbed. {index: 293}
00:01:22.439 |I| {Fs} Loader OpenDataStorageByDataId: Opened AddOnContent Data TitleID=0100B04011743125
00:01:22.442 |S| {Common} ServiceNs PrepareAddOnContentImpl: Stubbed. {index: 293}
00:01:22.443 |I| {Fs} Loader OpenDataStorageByDataId: Opened AddOnContent Data TitleID=0100B04011743125
00:01:22.445 |S| {Common} ServiceNs PrepareAddOnContentImpl: Stubbed. {index: 294}
00:01:22.446 |I| {Fs} Loader OpenDataStorageByDataId: Opened AddOnContent Data TitleID=0100B04011743126
00:01:22.447 |S| {Common} ServiceNs PrepareAddOnContentImpl: Stubbed. {index: 294}
00:01:22.448 |I| {Fs} Loader OpenDataStorageByDataId: Opened AddOnContent Data TitleID=0100B04011743126
00:01:22.450 |S| {Common} ServiceNs PrepareAddOnContentImpl: Stubbed. {index: 295}
00:01:22.451 |I| {Fs} Loader OpenDataStorageByDataId: Opened AddOnContent Data TitleID=0100B04011743127
00:01:22.455 |S| {Common} ServiceNs PrepareAddOnContentImpl: Stubbed. {index: 295}
00:01:22.456 |I| {Fs} Loader OpenDataStorageByDataId: Opened AddOnContent Data TitleID=0100B04011743127
00:01:22.456 |S| {Common} ServiceNs PrepareAddOnContentImpl: Stubbed. {index: 296}
00:01:22.457 |I| {Fs} Loader OpenDataStorageByDataId: Opened AddOnContent Data TitleID=0100B04011743128
00:01:22.458 |S| {Common} ServiceNs PrepareAddOnContentImpl: Stubbed. {index: 296}
00:01:22.461 |I| {Fs} Loader OpenDataStorageByDataId: Opened AddOnContent Data TitleID=0100B04011743128
00:01:22.462 |S| {Common} ServiceNs PrepareAddOnContentImpl: Stubbed. {index: 297}
00:01:22.465 |I| {Fs} Loader OpenDataStorageByDataId: Opened AddOnContent Data TitleID=0100B04011743129
00:01:22.466 |S| {Common} ServiceNs PrepareAddOnContentImpl: Stubbed. {index: 297}
00:01:22.467 |I| {Fs} Loader OpenDataStorageByDataId: Opened AddOnContent Data TitleID=0100B04011743129
00:01:22.469 |S| {Common} ServiceNs PrepareAddOnContentImpl: Stubbed. {index: 298}
00:01:22.475 |I| {Fs} Loader OpenDataStorageByDataId: Opened AddOnContent Data TitleID=0100B0401174312A
00:01:22.475 |S| {Common} ServiceNs PrepareAddOnContentImpl: Stubbed. {index: 298}
00:01:22.476 |I| {Fs} Loader OpenDataStorageByDataId: Opened AddOnContent Data TitleID=0100B0401174312A
00:01:22.478 |S| {Common} ServiceNs PrepareAddOnContentImpl: Stubbed. {index: 299}
00:01:22.479 |I| {Fs} Loader OpenDataStorageByDataId: Opened AddOnContent Data TitleID=0100B0401174312B
00:01:22.484 |S| {Common} ServiceNs PrepareAddOnContentImpl: Stubbed. {index: 299}
00:01:22.485 |I| {Fs} Loader OpenDataStorageByDataId: Opened AddOnContent Data TitleID=0100B0401174312B
00:01:22.486 |S| {Common} ServiceNs PrepareAddOnContentImpl: Stubbed. {index: 300}
00:01:22.487 |I| {Fs} Loader OpenDataStorageByDataId: Opened AddOnContent Data TitleID=0100B0401174312C
00:01:22.492 |S| {Common} ServiceNs PrepareAddOnContentImpl: Stubbed. {index: 300}
00:01:22.492 |I| {Fs} Loader OpenDataStorageByDataId: Opened AddOnContent Data TitleID=0100B0401174312C
00:01:23.971 |S| {Common} ServicePctl IsFreeCommunicationAvailable: Stubbed. 
00:01:26.257 |W| {Nv} ServiceNv Wait: GPU processing thread is too slow, waiting on CPU...
00:01:27.351 |E| {Nv} Gpu WaitOnSyncpoint: Wait on syncpoint 1 for threshold 11274 took more than 1000ms, resuming execution...
00:01:28.606 |I| Ptc.DiskWriter Ptc Save: Saved Profiling Info (size: 283357 bytes, profiled functions: 65290).
00:01:31.958 |S| {Common} ServicePctl IsFreeCommunicationAvailable: Stubbed. 
00:01:35.137 |W| {Nv} ServiceNv Wait: GPU processing thread is too slow, waiting on CPU...
00:01:36.860 |W| {Nv} ServiceNv Wait: GPU processing thread is too slow, waiting on CPU...
00:01:37.269 |W| GUI.RenderThread Gpu TryGetGraphicsPipeline: Background pipeline compile missed on draw - incorrect pipeline state?
00:01:37.281 |W| GUI.RenderThread Gpu TryGetGraphicsPipeline: Background pipeline compile missed on draw - incorrect pipeline state?
00:01:37.517 |S| {Common} ServicePctl IsFreeCommunicationAvailable: Stubbed. 
00:01:38.839 |W| {Nv} ServiceNv Wait: GPU processing thread is too slow, waiting on CPU...
00:01:39.839 |E| {Nv} Gpu WaitOnSyncpoint: Wait on syncpoint 1 for threshold 12219 took more than 1000ms, resuming execution...
00:01:41.069 |W| GPU.MainThread Gpu Log: Shader translator: Failed to find handle source for bindless access of type "textureCube".
00:01:41.069 |W| GPU.MainThread Gpu Log: Shader translator: Failed to find handle source for bindless access of type "textureCube".
00:01:41.729 |W| GUI.RenderThread Gpu TryGetGraphicsPipeline: Background pipeline compile missed on draw - incorrect pipeline state?
00:01:41.739 |W| GUI.RenderThread Gpu TryGetGraphicsPipeline: Background pipeline compile missed on draw - incorrect pipeline state?
00:01:41.746 |W| GUI.RenderThread Gpu TryGetGraphicsPipeline: Background pipeline compile missed on draw - incorrect pipeline state?
00:01:41.755 |W| GUI.RenderThread Gpu TryGetGraphicsPipeline: Background pipeline compile missed on draw - incorrect pipeline state?
00:01:41.796 |W| GUI.RenderThread Gpu TryGetGraphicsPipeline: Background pipeline compile missed on draw - incorrect pipeline state?
00:01:52.046 |W| GPU.MainThread Gpu Log: Shader translator: Failed to find handle source for bindless access of type "texture2D".
00:01:52.047 |W| GPU.MainThread Gpu Log: Shader translator: Failed to find handle source for bindless access of type "texture2D".
00:01:52.047 |W| GPU.MainThread Gpu Log: Shader translator: Failed to find handle source for bindless access of type "texture2D".
00:01:52.047 |W| GPU.MainThread Gpu Log: Shader translator: Failed to find handle source for bindless access of type "textureCube".
00:01:52.047 |W| GPU.MainThread Gpu Log: Shader translator: Failed to find handle source for bindless access of type "textureCube".
00:01:52.573 |W| GUI.RenderThread Gpu TryGetGraphicsPipeline: Background pipeline compile missed on draw - incorrect pipeline state?
00:01:53.943 |W| GPU.MainThread Gpu Log: Shader translator: Failed to find handle source for bindless access of type "texture2D".
00:01:53.943 |W| GPU.MainThread Gpu Log: Shader translator: Failed to find handle source for bindless access of type "texture2D".
00:01:53.943 |W| GPU.MainThread Gpu Log: Shader translator: Failed to find handle source for bindless access of type "texture2D".
00:01:53.943 |W| GPU.MainThread Gpu Log: Shader translator: Failed to find handle source for bindless access of type "textureCube".
00:01:53.943 |W| GPU.MainThread Gpu Log: Shader translator: Failed to find handle source for bindless access of type "textureCube".
00:01:54.036 |W| GPU.MainThread Gpu Log: Shader translator: Failed to find handle source for bindless access of type "texture2D".
00:01:54.036 |W| GPU.MainThread Gpu Log: Shader translator: Failed to find handle source for bindless access of type "texture2D".
00:01:54.036 |W| GPU.MainThread Gpu Log: Shader translator: Failed to find handle source for bindless access of type "texture2D".
00:01:54.037 |W| GPU.MainThread Gpu Log: Shader translator: Failed to find handle source for bindless access of type "textureCube".
00:01:54.037 |W| GPU.MainThread Gpu Log: Shader translator: Failed to find handle source for bindless access of type "textureCube".
00:01:54.451 |W| GUI.RenderThread Gpu TryGetGraphicsPipeline: Background pipeline compile missed on draw - incorrect pipeline state?
00:01:54.693 |W| GUI.RenderThread Gpu TryGetGraphicsPipeline: Background pipeline compile missed on draw - incorrect pipeline state?
00:01:57.928 |W| GPU.MainThread Gpu Log: Shader translator: Failed to find handle source for bindless access of type "texture2D".
00:01:57.928 |W| GPU.MainThread Gpu Log: Shader translator: Failed to find handle source for bindless access of type "texture2D".
00:01:57.928 |W| GPU.MainThread Gpu Log: Shader translator: Failed to find handle source for bindless access of type "texture2D".
00:01:57.929 |W| GPU.MainThread Gpu Log: Shader translator: Failed to find handle source for bindless access of type "textureCube".
00:01:57.929 |W| GPU.MainThread Gpu Log: Shader translator: Failed to find handle source for bindless access of type "textureCube".
00:01:58.660 |I| Ptc.DiskWriter Ptc Save: Saved Profiling Info (size: 284420 bytes, profiled functions: 65547).
00:03:08.877 |I| Configuration LogValueChange: EnableDockedMode set to: False
00:03:08.898 |I| Hid Configure: Configured Controller ProController to Player1
00:03:10.001 |I| Configuration LogValueChange: EnableDockedMode set to: True
00:03:10.001 |I| Hid Configure: Configured Controller ProController to Player1
00:03:32.235 |I| .NET TP Worker Application PushAsync: [Nextendo] history push skipped (periodique): account not linked
00:03:42.269 |W| GUI.RenderThread Gpu TryGetGraphicsPipeline: Background pipeline compile missed on draw - incorrect pipeline state?
00:03:43.770 |W| {Nv} ServiceNv Wait: GPU processing thread is too slow, waiting on CPU...
00:03:48.757 |W| GPU.MainThread Gpu Log: Shader translator: Failed to find handle source for bindless access of type "textureCube".
00:03:48.757 |W| GPU.MainThread Gpu Log: Shader translator: Failed to find handle source for bindless access of type "textureCube".
00:03:48.902 |W| {Nv} ServiceNv Wait: GPU processing thread is too slow, waiting on CPU...
00:03:49.105 |W| GUI.RenderThread Gpu TryGetGraphicsPipeline: Background pipeline compile missed on draw - incorrect pipeline state?
00:03:49.708 |W| GPU.MainThread Gpu Log: Shader translator: Failed to find handle source for bindless access of type "textureCube".
00:03:49.709 |W| GPU.MainThread Gpu Log: Shader translator: Failed to find handle source for bindless access of type "textureCube".
00:03:49.812 |W| GPU.MainThread Gpu Log: Shader translator: Failed to find handle source for bindless access of type "texture2D".
00:03:49.812 |W| GPU.MainThread Gpu Log: Shader translator: Failed to find handle source for bindless access of type "texture2D".
00:03:49.812 |W| GPU.MainThread Gpu Log: Shader translator: Failed to find handle source for bindless access of type "texture2D".
00:03:49.812 |W| GPU.MainThread Gpu Log: Shader translator: Failed to find handle source for bindless access of type "textureCube".
00:03:49.812 |W| GPU.MainThread Gpu Log: Shader translator: Failed to find handle source for bindless access of type "textureCube".
00:03:49.944 |W| GPU.MainThread Gpu Log: Shader translator: Failed to find handle source for bindless access of type "textureCube".
00:03:49.944 |W| GPU.MainThread Gpu Log: Shader translator: Failed to find handle source for bindless access of type "textureCube".
00:03:50.154 |W| GUI.RenderThread Gpu TryGetGraphicsPipeline: Background pipeline compile missed on draw - incorrect pipeline state?
00:03:50.395 |W| GUI.RenderThread Gpu TryGetGraphicsPipeline: Background pipeline compile missed on draw - incorrect pipeline state?
00:03:50.455 |W| GUI.RenderThread Gpu TryGetGraphicsPipeline: Background pipeline compile missed on draw - incorrect pipeline state?
00:03:50.624 |W| GUI.RenderThread Gpu TryGetGraphicsPipeline: Background pipeline compile missed on draw - incorrect pipeline state?
00:03:50.682 |W| GPU.MainThread Gpu Log: Shader translator: Failed to find handle source for bindless access of type "textureCube".
00:03:50.682 |W| GPU.MainThread Gpu Log: Shader translator: Failed to find handle source for bindless access of type "textureCube".
00:03:50.708 |W| {Nv} ServiceNv Wait: GPU processing thread is too slow, waiting on CPU...
00:03:51.049 |W| GUI.RenderThread Gpu TryGetGraphicsPipeline: Background pipeline compile missed on draw - incorrect pipeline state?
00:03:51.979 |S| {Common} ServicePctl IsFreeCommunicationAvailable: Stubbed. 
00:03:53.038 |W| {Nv} ServiceNv Wait: GPU processing thread is too slow, waiting on CPU...
00:03:54.100 |E| {Nv} Gpu WaitOnSyncpoint: Wait on syncpoint 1 for threshold 12595 took more than 1000ms, resuming execution...
00:03:58.644 |W| {Nv} ServiceNv Wait: GPU processing thread is too slow, waiting on CPU...
00:03:58.671 |I| Ptc.DiskWriter Ptc Save: Saved Profiling Info (size: 285011 bytes, profiled functions: 65682).
00:03:59.644 |E| {Nv} Gpu WaitOnSyncpoint: Wait on syncpoint 1 for threshold 13052 took more than 1000ms, resuming execution...
00:04:01.470 |S| {Common} ServicePctl IsFreeCommunicationAvailable: Stubbed. 
00:04:01.648 |S| {Common} ServiceNifm CreateRequest: Stubbed. {version: 2}
00:04:01.651 |S| {Common} ServiceNifm Submit: Stubbed. 
00:04:01.651 |S| {Common} ServiceNifm GetRequestState: Stubbed. 
00:04:01.652 |S| {Common} ServiceNifm GetResult: Stubbed. 
00:04:01.689 |S| .NET TP Worker ServiceAcc EnsureIdTokenCacheAsyncImpl: Stubbed. 
00:04:01.781 |S| {Common} ServiceAcc LoadIdTokenCache: Stubbed. 
00:04:03.069 |W| {Common} ServiceAm OnBackgroundInteractiveData: Received invalid Software Keyboard User Word Info data of 4088 bytes for 14 words
00:04:03.076 |W| {Common} ServiceAm OnBackgroundInteractiveData: Invalid Software Keyboard request 1128548942 during state Initialized
00:04:03.116 |W| {Vi:m} ServiceVi GetIndirectLayerImageMap: Applet did not draw on indirect layer handle 1
00:04:03.132 |W| {Vi:m} ServiceVi GetIndirectLayerImageMap: Applet did not draw on indirect layer handle 1
00:04:03.167 |W| {Vi:m} ServiceVi GetIndirectLayerImageMap: Applet did not draw on indirect layer handle 1
00:04:03.349 |W| {Common} ServiceAm OnBackgroundInteractiveData: Invalid Software Keyboard request UnsetCustomizedDictionaries during state Initialized
00:04:05.926 |W| {Nv} ServiceNv Wait: GPU processing thread is too slow, waiting on CPU...
00:04:06.501 |S| {Common} ServicePctl IsFreeCommunicationAvailable: Stubbed. 
00:04:07.111 |W| {Common} ServiceAm OnBackgroundInteractiveData: Received invalid Software Keyboard User Word Info data of 4088 bytes for 14 words
00:04:10.699 |W| {Common} ServiceAm OnBackgroundInteractiveData: Received invalid Software Keyboard User Word Info data of 4088 bytes for 14 words
00:04:11.521 |S| {Common} ServicePctl IsFreeCommunicationAvailable: Stubbed. 
00:04:12.707 |W| {Nv} ServiceNv Wait: GPU processing thread is too slow, waiting on CPU...
00:04:13.728 |E| {Nv} Gpu WaitOnSyncpoint: Wait on syncpoint 1 for threshold 14418 took more than 1000ms, resuming execution...
00:04:28.623 |I| Ptc.DiskWriter Ptc Save: Saved Profiling Info (size: 285037 bytes, profiled functions: 65685).
00:04:31.462 |W| {Nv} ServiceNv Wait: GPU processing thread is too slow, waiting on CPU...
