00:00:01.001 |I| Configuration LogValueChange: ResScale set to: 1
00:00:01.003 |I| Configuration LogValueChange: ResScaleCustom set to: 1
00:00:01.003 |I| Configuration LogValueChange: MaxAnisotropy set to: -1
00:00:01.005 |I| Configuration LogValueChange: AspectRatio set to: Fixed16x9
00:00:01.007 |I| Configuration LogValueChange: PreferredGpu set to: 
00:00:01.009 |I| Configuration LogValueChange: ScalingFilterLevel set to: 80
00:00:01.011 |I| Configuration LogValueChange: CustomVSyncInterval set to: 120
00:00:01.011 |I| Configuration LogValueChange: EnableShaderCache set to: True
00:00:01.011 |I| Configuration LogValueChange: EnableMacroHLE set to: True
00:00:01.013 |I| Configuration LogValueChange: Language set to: AmericanEnglish
00:00:01.016 |I| Configuration LogValueChange: Region set to: USA
00:00:01.016 |I| Configuration LogValueChange: TimeZone set to: UTC
00:00:01.017 |I| Configuration LogValueChange: MatchSystemTime set to: True
00:00:01.017 |I| Configuration LogValueChange: EnableDockedMode set to: True
00:00:01.017 |I| Configuration LogValueChange: EnablePtc set to: True
00:00:01.266 |I| Configuration LogValueChange: EnableInternetAccess set to: True
00:00:01.266 |I| Configuration LogValueChange: EnableFsIntegrityChecks set to: True
00:00:01.270 |I| Configuration LogValueChange: AudioBackend set to: SDL3
00:00:01.270 |I| Configuration LogValueChange: AudioVolume set to: 1
00:00:01.272 |I| Configuration LogValueChange: MemoryManagerMode set to: HostMappedUnsafe
00:00:01.274 |I| Configuration LogValueChange: IgnoreMissingServices set to: True
00:00:01.290 |I| Configuration LogValueChange: LdnPassphrase set to: 
00:00:01.290 |I| Configuration LogValueChange: LdnServer set to: 
00:00:01.290 |I| Configuration LogValueChange: LanPlayServer set to: 
00:00:01.290 |I| Configuration LogValueChange: LanPlayVirtualIp set to: 
00:00:01.294 |I| Configuration LogValueChange: GdbStubPort set to: 55555
00:00:01.363 |N| Application PrintSplash:    ___                 __    _              
00:00:01.364 |N| Application PrintSplash:   / _ \  __ __ __ __  / /   (_)  ___   ___ _
00:00:01.364 |N| Application PrintSplash:  / , _/ / // // // / / _ \ / /  / _ \ / _ `/
00:00:01.364 |N| Application PrintSplash: /_/|_|  \_, / \_,_/ /_.__//_/  /_//_/ \_, / 
00:00:01.364 |N| Application PrintSplash:        /___/                         /___/  
00:00:01.364 |N| Application PrintSplash: 
00:00:01.364 |N| Application PrintSplash:     _   __          __                 __    
00:00:01.364 |N| Application PrintSplash:    / | / /__  _  __/ /____  ____  ____/ /___ 
00:00:01.364 |N| Application PrintSplash:   /  |/ / _ \| |/_/ __/ _ \/ __ \/ __  / __ \
00:00:01.364 |N| Application PrintSplash:  / /|  /  __/>  </ /_/  __/ / / / /_/ / /_/ /
00:00:01.364 |N| Application PrintSplash: /_/ |_/\___/_/|_|\__/\___/_/ /_/\__,_/\____/ 
00:00:01.364 |N| Application PrintSplash: 
00:00:01.364 |N| Application PrintSplash: I would've been in real trouble if you hadn't shown up when you did, goro.
00:00:01.364 |N| Application PrintSplash: 
00:00:01.364 |N| Application PrintSystemInfo: Nextendo Network: play MK8 Deluxe, Splatoon 2 and Smash Ultimate online.
00:00:01.364 |N| Application PrintSystemInfo: Ryujinx Nextendo Version: 1.0.0-dirty
00:00:01.364 |N| Application PrintSystemInfo: .NET Runtime: .NET 10.0.11
00:00:01.371 |N| Application PrintSystemInfo: Operating System: Microsoft Windows 10.0.19045 (X64)
00:00:01.371 |N| Application PrintSystemInfo: CPU: AMD Ryzen 3 3200G with Radeon Vega Graphics ; 4 logical
00:00:01.372 |N| Application PrintSystemInfo: RAM: Total 6.9 GiB ; Available 1.1 GiB
00:00:01.377 |N| Application PrintSystemInfo: Logs Enabled: Info, Warning, Error, Guest, Stub
00:00:01.377 |N| Application PrintSystemInfo: Launch Mode: Custom Path C:\Users\[redacted]\Downloads\MHRise-NPLN-Lab-v0.3-ready\MHRise-NPLN-Lab-v0.3-ready\lab-runtime
00:00:05.798 |I| Application DemarrerPousseePeriodique: [Nextendo] history: poussee periodique toutes les 5 min
00:00:00.427 |I| Gpu : Backend Threading (Auto): True
00:00:02.297 |N| Application LoadGuestApplication: Using Firmware Version: 22.5.0
00:00:02.297 |N| Application LoadGuestApplication: Loading content archive from 'C:\Users\[redacted]\Downloads\Monster Hunter Rise [NSP]\Monster Hunter Rise [0100B04011742000][v0].nsp'.
00:00:02.297 |I| Application LoadGuestApplication: Loading as NSP.
00:00:02.309 |N| Application : Loading update NCA from 'C:\Users\[redacted]\Downloads\Monster Hunter Rise [NSP]\Monster Hunter Rise [0100B04011742800][v2228224].nsp'.
00:00:02.316 |N| Application AddAocItem: Found AddOnContent with TitleId 0100B0401174306F @ 'C:\Users\[redacted]\Downloads\Monster Hunter Rise [NSP]\264 DLC\Monster Hunter Rise [DLC 15 hairstyle] [0100B0401174306F][v0].nsp'
00:00:02.317 |N| Application AddAocItem: Found AddOnContent with TitleId 0100B04011743070 @ 'C:\Users\[redacted]\Downloads\Monster Hunter Rise [NSP]\264 DLC\Monster Hunter Rise [DLC 16 hairstyle] [0100B04011743070][v0].nsp'
00:00:02.317 |N| Application AddAocItem: Found AddOnContent with TitleId 0100B04011743071 @ 'C:\Users\[redacted]\Downloads\Monster Hunter Rise [NSP]\264 DLC\Monster Hunter Rise [DLC 17 hairstyle] [0100B04011743071][v0].nsp'
00:00:02.318 |N| Application AddAocItem: Found AddOnContent with TitleId 0100B04011743035 @ 'C:\Users\[redacted]\Downloads\Monster Hunter Rise [NSP]\264 DLC\Monster Hunter Rise [DLC Ace Pilot Cohoot Outfit] [0100B04011743035][v0].nsp'
00:00:02.318 |N| Application AddAocItem: Found AddOnContent with TitleId 0100B040117430CF @ 'C:\Users\[redacted]\Downloads\Monster Hunter Rise [NSP]\264 DLC\Monster Hunter Rise [DLC Acrobat Gesture Set] [0100B040117430CF][v0].nsp'
00:00:02.318 |N| Application AddAocItem: Found AddOnContent with TitleId 0100B0401174300E @ 'C:\Users\[redacted]\Downloads\Monster Hunter Rise [NSP]\264 DLC\Monster Hunter Rise [DLC Airy Short Bob hairstyle] [0100B0401174300E][v0].nsp'
00:00:02.318 |N| Application AddAocItem: Found AddOnContent with TitleId 0100B040117430D1 @ 'C:\Users\[redacted]\Downloads\Monster Hunter Rise [NSP]\264 DLC\Monster Hunter Rise [DLC Arlow Dreads Hairstyle] [0100B040117430D1][v0].nsp'
00:00:02.318 |N| Application AddAocItem: Found AddOnContent with TitleId 0100B040117430DF @ 'C:\Users\[redacted]\Downloads\Monster Hunter Rise [NSP]\264 DLC\Monster Hunter Rise [DLC Arlow Hunter Layered Armor Set] [0100B040117430DF][v0].nsp'
00:00:02.319 |N| Application AddAocItem: Found AddOnContent with TitleId 0100B04011743121 @ 'C:\Users\[redacted]\Downloads\Monster Hunter Rise [NSP]\264 DLC\Monster Hunter Rise [DLC Asymmetric Cut hairstyle] [0100B04011743121][v0].nsp'
00:00:02.319 |N| Application AddAocItem: Found AddOnContent with TitleId 0100B040117430F0 @ 'C:\Users\[redacted]\Downloads\Monster Hunter Rise [NSP]\264 DLC\Monster Hunter Rise [DLC Attack Pose Set 2] [0100B040117430F0][v0].nsp'
00:00:02.319 |N| Application AddAocItem: Found AddOnContent with TitleId 0100B04011743018 @ 'C:\Users\[redacted]\Downloads\Monster Hunter Rise [NSP]\264 DLC\Monster Hunter Rise [DLC Attack pose set] [0100B04011743018][v0].nsp'
00:00:02.319 |N| Application AddAocItem: Found AddOnContent with TitleId 0100B04011743120 @ 'C:\Users\[redacted]\Downloads\Monster Hunter Rise [NSP]\264 DLC\Monster Hunter Rise [DLC Bahari Locks hairstyle] [0100B04011743120][v0].nsp'
00:00:02.320 |N| Application AddAocItem: Found AddOnContent with TitleId 0100B0401174300F @ 'C:\Users\[redacted]\Downloads\Monster Hunter Rise [NSP]\264 DLC\Monster Hunter Rise [DLC Beachy Waves hairstyle] [0100B0401174300F][v0].nsp'
00:00:02.320 |N| Application AddAocItem: Found AddOnContent with TitleId 0100B04011743038 @ 'C:\Users\[redacted]\Downloads\Monster Hunter Rise [NSP]\264 DLC\Monster Hunter Rise [DLC Bell Collar Palico Layered Armor] [0100B04011743038][v0].nsp'
00:00:02.320 |N| Application AddAocItem: Found AddOnContent with TitleId 0100B0401174307E @ 'C:\Users\[redacted]\Downloads\Monster Hunter Rise [NSP]\264 DLC\Monster Hunter Rise [DLC Benevolent Bandage Hunter Layered Armor Piece] [0100B0401174307E][v0].nsp'
00:00:02.320 |N| Application AddAocItem: Found AddOnContent with TitleId 0100B0401174302D @ 'C:\Users\[redacted]\Downloads\Monster Hunter Rise [NSP]\264 DLC\Monster Hunter Rise [DLC BGM Kamura Village Piano Version] [0100B0401174302D][v0].nsp'
00:00:02.320 |N| Application AddAocItem: Found AddOnContent with TitleId 0100B0401174302C @ 'C:\Users\[redacted]\Downloads\Monster Hunter Rise [NSP]\264 DLC\Monster Hunter Rise [DLC BGM Yukumo Village] [0100B0401174302C][v0].nsp'
00:00:02.320 |N| Application AddAocItem: Found AddOnContent with TitleId 0100B04011743059 @ 'C:\Users\[redacted]\Downloads\Monster Hunter Rise [NSP]\264 DLC\Monster Hunter Rise [DLC Bob With Hairband Hairstyle] [0100B04011743059][v0].nsp'
00:00:02.321 |N| Application AddAocItem: Found AddOnContent with TitleId 0100B0401174306B @ 'C:\Users\[redacted]\Downloads\Monster Hunter Rise [NSP]\264 DLC\Monster Hunter Rise [DLC Bombadgy Mask Hunter layered armor piece] [0100B0401174306B][v0].nsp'
00:00:02.321 |N| Application AddAocItem: Found AddOnContent with TitleId 0100B0401174303C @ 'C:\Users\[redacted]\Downloads\Monster Hunter Rise [NSP]\264 DLC\Monster Hunter Rise [DLC Bone Collar Palamute Layered Armor] [0100B0401174303C][v0].nsp'
00:00:02.321 |N| Application AddAocItem: Found AddOnContent with TitleId 0100B0401174303F @ 'C:\Users\[redacted]\Downloads\Monster Hunter Rise [NSP]\264 DLC\Monster Hunter Rise [DLC Bow Collar Palamute Layered Armor] [0100B0401174303F][v0].nsp'
00:00:02.321 |N| Application AddAocItem: Found AddOnContent with TitleId 0100B0401174303B @ 'C:\Users\[redacted]\Downloads\Monster Hunter Rise [NSP]\264 DLC\Monster Hunter Rise [DLC Bow Collar Palico Layered Armor] [0100B0401174303B][v0].nsp'
00:00:02.322 |N| Application AddAocItem: Found AddOnContent with TitleId 0100B0401174307C @ 'C:\Users\[redacted]\Downloads\Monster Hunter Rise [NSP]\264 DLC\Monster Hunter Rise [DLC Bow Necklace Hunter Layered Armor Piece] [0100B0401174307C][v0].nsp'
00:00:02.322 |N| Application AddAocItem: Found AddOnContent with TitleId 0100B0401174309B @ 'C:\Users\[redacted]\Downloads\Monster Hunter Rise [NSP]\264 DLC\Monster Hunter Rise [DLC Braided Hairstyle] [0100B0401174309B][v0].nsp'
00:00:02.322 |N| Application AddAocItem: Found AddOnContent with TitleId 0100B04011743075 @ 'C:\Users\[redacted]\Downloads\Monster Hunter Rise [NSP]\264 DLC\Monster Hunter Rise [DLC Bunny Dango Earrings Hunter Layered Armor Piece [0100B04011743075][v0].nsp'
00:00:02.322 |N| Application AddAocItem: Found AddOnContent with TitleId 0100B04011743097 @ 'C:\Users\[redacted]\Downloads\Monster Hunter Rise [NSP]\264 DLC\Monster Hunter Rise [DLC C Academic Palamute Layered Armor Set] [0100B04011743097][v0].nsp'
00:00:02.323 |N| Application AddAocItem: Found AddOnContent with TitleId 0100B04011743062 @ 'C:\Users\[redacted]\Downloads\Monster Hunter Rise [NSP]\264 DLC\Monster Hunter Rise [DLC C Floral Yukata Palamute Layered Armor Piece] [0100B04011743062][v0].nsp'
00:00:02.323 |N| Application AddAocItem: Found AddOnContent with TitleId 0100B040117430C7 @ 'C:\Users\[redacted]\Downloads\Monster Hunter Rise [NSP]\264 DLC\Monster Hunter Rise [DLC C Summer Palamute Layered Armor Set] [0100B040117430C7][v0].nsp'
00:00:02.323 |N| Application AddAocItem: Found AddOnContent with TitleId 0100B040117430DB @ 'C:\Users\[redacted]\Downloads\Monster Hunter Rise [NSP]\264 DLC\Monster Hunter Rise [DLC Canyne Fall Palamute Layered Armor Set] [0100B040117430DB][v0].nsp'
00:00:02.323 |N| Application AddAocItem: Found AddOnContent with TitleId 0100B040117430FB @ 'C:\Users\[redacted]\Downloads\Monster Hunter Rise [NSP]\264 DLC\Monster Hunter Rise [DLC Canyne Fluffy Fur Palamute layered armor set] [0100B040117430FB][v0].nsp'
00:00:02.323 |N| Application AddAocItem: Found AddOnContent with TitleId 0100B04011743054 @ 'C:\Users\[redacted]\Downloads\Monster Hunter Rise [NSP]\264 DLC\Monster Hunter Rise [DLC Canyne Mask Hunter Layered Armor Piece] [0100B04011743054][v0].nsp'
00:00:02.324 |N| Application AddAocItem: Found AddOnContent with TitleId 0100B04011743051 @ 'C:\Users\[redacted]\Downloads\Monster Hunter Rise [NSP]\264 DLC\Monster Hunter Rise [DLC Canyne Mask Palico Layered Armor Piece] [0100B04011743051][v0].nsp'
00:00:02.324 |N| Application AddAocItem: Found AddOnContent with TitleId 0100B04011743056 @ 'C:\Users\[redacted]\Downloads\Monster Hunter Rise [NSP]\264 DLC\Monster Hunter Rise [DLC Canyne Tail Hunter Layered Armor Piece] [0100B04011743056][v0].nsp'
00:00:02.324 |N| Application AddAocItem: Found AddOnContent with TitleId 0100B04011743099 @ 'C:\Users\[redacted]\Downloads\Monster Hunter Rise [NSP]\264 DLC\Monster Hunter Rise [DLC Chase Pose Set] [0100B04011743099][v0].nsp'
00:00:02.325 |N| Application AddAocItem: Found AddOnContent with TitleId 0100B0401174304B @ 'C:\Users\[redacted]\Downloads\Monster Hunter Rise [NSP]\264 DLC\Monster Hunter Rise [DLC Cheek Tusk Face Paint] [0100B0401174304B][v0].nsp'
00:00:02.325 |N| Application AddAocItem: Found AddOnContent with TitleId 0100B04011743115 @ 'C:\Users\[redacted]\Downloads\Monster Hunter Rise [NSP]\264 DLC\Monster Hunter Rise [DLC Cohoot Face Paint] [0100B04011743115][v0].nsp'
00:00:02.325 |N| Application AddAocItem: Found AddOnContent with TitleId 0100B0401174305E @ 'C:\Users\[redacted]\Downloads\Monster Hunter Rise [NSP]\264 DLC\Monster Hunter Rise [DLC Cursed Flame Face Paint] [0100B0401174305E][v0].nsp'
00:00:02.325 |N| Application AddAocItem: Found AddOnContent with TitleId 0100B04011743048 @ 'C:\Users\[redacted]\Downloads\Monster Hunter Rise [NSP]\264 DLC\Monster Hunter Rise [DLC Delicate Beauty Hairstyle] [0100B04011743048][v0].nsp'
00:00:02.325 |N| Application AddAocItem: Found AddOnContent with TitleId 0100B04011743040 @ 'C:\Users\[redacted]\Downloads\Monster Hunter Rise [NSP]\264 DLC\Monster Hunter Rise [DLC Delightful Dance Gesture Set] [0100B04011743040][v0].nsp'
00:00:02.325 |N| Application AddAocItem: Found AddOnContent with TitleId 0100B0401174300C @ 'C:\Users\[redacted]\Downloads\Monster Hunter Rise [NSP]\264 DLC\Monster Hunter Rise [DLC Deluxe Kit] [0100B0401174300C][v0].nsp'
00:00:02.326 |N| Application AddAocItem: Found AddOnContent with TitleId 0100B04011743014 @ 'C:\Users\[redacted]\Downloads\Monster Hunter Rise [NSP]\264 DLC\Monster Hunter Rise [DLC Deluxe Kit] [0100B04011743014][v0].nsp'
00:00:02.326 |N| Application AddAocItem: Found AddOnContent with TitleId 0100B04011743017 @ 'C:\Users\[redacted]\Downloads\Monster Hunter Rise [NSP]\264 DLC\Monster Hunter Rise [DLC Deluxe Kit] [0100B04011743017][v0].nsp'
00:00:02.326 |N| Application AddAocItem: Found AddOnContent with TitleId 0100B0401174301E @ 'C:\Users\[redacted]\Downloads\Monster Hunter Rise [NSP]\264 DLC\Monster Hunter Rise [DLC Deluxe Kit] [0100B0401174301E][v0].nsp'
00:00:02.326 |N| Application AddAocItem: Found AddOnContent with TitleId 0100B0401174301F @ 'C:\Users\[redacted]\Downloads\Monster Hunter Rise [NSP]\264 DLC\Monster Hunter Rise [DLC Deluxe Kit] [0100B0401174301F][v0].nsp'
00:00:02.326 |N| Application AddAocItem: Found AddOnContent with TitleId 0100B04011743022 @ 'C:\Users\[redacted]\Downloads\Monster Hunter Rise [NSP]\264 DLC\Monster Hunter Rise [DLC Deluxe Kit] [0100B04011743022][v0].nsp'
00:00:02.327 |N| Application AddAocItem: Found AddOnContent with TitleId 0100B04011743024 @ 'C:\Users\[redacted]\Downloads\Monster Hunter Rise [NSP]\264 DLC\Monster Hunter Rise [DLC Deluxe Kit] [0100B04011743024][v0].nsp'
00:00:02.327 |N| Application AddAocItem: Found AddOnContent with TitleId 0100B04011743113 @ 'C:\Users\[redacted]\Downloads\Monster Hunter Rise [NSP]\264 DLC\Monster Hunter Rise [DLC Elegant Hairstyle] [0100B04011743113][v0].nsp'
00:00:02.327 |N| Application AddAocItem: Found AddOnContent with TitleId 0100B04011743016 @ 'C:\Users\[redacted]\Downloads\Monster Hunter Rise [NSP]\264 DLC\Monster Hunter Rise [DLC Eye Shadow makeup] [0100B04011743016][v0].nsp'
00:00:02.327 |N| Application AddAocItem: Found AddOnContent with TitleId 0100B04011743096 @ 'C:\Users\[redacted]\Downloads\Monster Hunter Rise [NSP]\264 DLC\Monster Hunter Rise [DLC F Academic Palico Layered Armor Set] [0100B04011743096][v0].nsp'
00:00:02.328 |N| Application AddAocItem: Found AddOnContent with TitleId 0100B04011743061 @ 'C:\Users\[redacted]\Downloads\Monster Hunter Rise [NSP]\264 DLC\Monster Hunter Rise [DLC F Floral Yukata Palico Layered Armor Piece] [0100B04011743061][v0].nsp'
00:00:02.328 |N| Application AddAocItem: Found AddOnContent with TitleId 0100B040117430C6 @ 'C:\Users\[redacted]\Downloads\Monster Hunter Rise [NSP]\264 DLC\Monster Hunter Rise [DLC F Summer Palico Layered Armor Set] [0100B040117430C6][v0].nsp'
00:00:02.328 |N| Application AddAocItem: Found AddOnContent with TitleId 0100B040117430D6 @ 'C:\Users\[redacted]\Downloads\Monster Hunter Rise [NSP]\264 DLC\Monster Hunter Rise [DLC Fall Jacket Hunter Layered Armor Piece] [0100B040117430D6][v0].nsp'
00:00:02.328 |N| Application AddAocItem: Found AddOnContent with TitleId 0100B040117430D9 @ 'C:\Users\[redacted]\Downloads\Monster Hunter Rise [NSP]\264 DLC\Monster Hunter Rise [DLC Fall Pants Hunter Layered Armor Piece] [0100B040117430D9][v0].nsp'
00:00:02.328 |N| Application AddAocItem: Found AddOnContent with TitleId 0100B040117430D5 @ 'C:\Users\[redacted]\Downloads\Monster Hunter Rise [NSP]\264 DLC\Monster Hunter Rise [DLC Fall Scarf Hunter Layered Armor Piece] [0100B040117430D5][v0].nsp'
00:00:02.329 |N| Application AddAocItem: Found AddOnContent with TitleId 0100B040117430D7 @ 'C:\Users\[redacted]\Downloads\Monster Hunter Rise [NSP]\264 DLC\Monster Hunter Rise [DLC Fall Sleeves Hunter Layered Armor Piece] [0100B040117430D7][v0].nsp'
00:00:02.329 |N| Application AddAocItem: Found AddOnContent with TitleId 0100B040117430D8 @ 'C:\Users\[redacted]\Downloads\Monster Hunter Rise [NSP]\264 DLC\Monster Hunter Rise [DLC Fall Waist Hunter Layered Armor Piece] [0100B040117430D8][v0].nsp'
00:00:02.329 |N| Application AddAocItem: Found AddOnContent with TitleId 0100B04011743055 @ 'C:\Users\[redacted]\Downloads\Monster Hunter Rise [NSP]\264 DLC\Monster Hunter Rise [DLC Felyne Ears Hunter Layered Armor Piece] [0100B04011743055][v0].nsp'
00:00:02.329 |N| Application AddAocItem: Found AddOnContent with TitleId 0100B040117430DA @ 'C:\Users\[redacted]\Downloads\Monster Hunter Rise [NSP]\264 DLC\Monster Hunter Rise [DLC Felyne Fall Palico Layered Armor Set] [0100B040117430DA][v0].nsp'
00:00:02.329 |N| Application AddAocItem: Found AddOnContent with TitleId 0100B040117430FA @ 'C:\Users\[redacted]\Downloads\Monster Hunter Rise [NSP]\264 DLC\Monster Hunter Rise [DLC Felyne Fluffy Fur Palico layered armor set] [0100B040117430FA][v0].nsp'
00:00:02.330 |N| Application AddAocItem: Found AddOnContent with TitleId 0100B04011743052 @ 'C:\Users\[redacted]\Downloads\Monster Hunter Rise [NSP]\264 DLC\Monster Hunter Rise [DLC Felyne Mask Palamute Layered Armor Piece] [0100B04011743052][v0].nsp'
00:00:02.330 |N| Application AddAocItem: Found AddOnContent with TitleId 0100B04011743081 @ 'C:\Users\[redacted]\Downloads\Monster Hunter Rise [NSP]\264 DLC\Monster Hunter Rise [DLC Felyne Stealth Hood Hunter Layered Armor Piece] [0100B04011743081][v0].nsp'
00:00:02.330 |N| Application AddAocItem: Found AddOnContent with TitleId 0100B04011743053 @ 'C:\Users\[redacted]\Downloads\Monster Hunter Rise [NSP]\264 DLC\Monster Hunter Rise [DLC Felyne Tail Hunter Layered Armor Piece] [0100B04011743053][v0].nsp'
00:00:02.331 |N| Application AddAocItem: Found AddOnContent with TitleId 0100B0401174309C @ 'C:\Users\[redacted]\Downloads\Monster Hunter Rise [NSP]\264 DLC\Monster Hunter Rise [DLC Fierce Eyes Face Paint] [0100B0401174309C][v0].nsp'
00:00:02.331 |N| Application AddAocItem: Found AddOnContent with TitleId 0100B040117430CC @ 'C:\Users\[redacted]\Downloads\Monster Hunter Rise [NSP]\264 DLC\Monster Hunter Rise [DLC Fiorayne Hunter Layered Armor Set] [0100B040117430CC][v0].nsp'
00:00:02.332 |N| Application AddAocItem: Found AddOnContent with TitleId 0100B040117430BE @ 'C:\Users\[redacted]\Downloads\Monster Hunter Rise [NSP]\264 DLC\Monster Hunter Rise [DLC Fiorayne Short Hairstyle] [0100B040117430BE][v0].nsp'
00:00:02.332 |N| Application AddAocItem: Found AddOnContent with TitleId 0100B04011743067 @ 'C:\Users\[redacted]\Downloads\Monster Hunter Rise [NSP]\264 DLC\Monster Hunter Rise [DLC Floral Mask Hunter Layered Armor Piece] [0100B04011743067][v0].nsp'
00:00:02.332 |N| Application AddAocItem: Found AddOnContent with TitleId 0100B04011743065 @ 'C:\Users\[redacted]\Downloads\Monster Hunter Rise [NSP]\264 DLC\Monster Hunter Rise [DLC Floral Sleeves Hunter Layered Armor Piece] [0100B04011743065][v0].nsp'
00:00:02.332 |N| Application AddAocItem: Found AddOnContent with TitleId 0100B04011743064 @ 'C:\Users\[redacted]\Downloads\Monster Hunter Rise [NSP]\264 DLC\Monster Hunter Rise [DLC Floral Yukata Hunter Layered Armor Piece] [0100B04011743064][v0].nsp'
00:00:02.333 |N| Application AddAocItem: Found AddOnContent with TitleId 0100B04011743066 @ 'C:\Users\[redacted]\Downloads\Monster Hunter Rise [NSP]\264 DLC\Monster Hunter Rise [DLC Floral Zori Hunter Layered Armor Piece] [0100B04011743066][v0].nsp'
00:00:02.333 |N| Application AddAocItem: Found AddOnContent with TitleId 0100B040117430F8 @ 'C:\Users\[redacted]\Downloads\Monster Hunter Rise [NSP]\264 DLC\Monster Hunter Rise [DLC Fluffy Fur Belt Hunter layered armor piece] [0100B040117430F8][v0].nsp'
00:00:02.333 |N| Application AddAocItem: Found AddOnContent with TitleId 0100B040117430F9 @ 'C:\Users\[redacted]\Downloads\Monster Hunter Rise [NSP]\264 DLC\Monster Hunter Rise [DLC Fluffy Fur Boots Hunter layered armor piece] [0100B040117430F9][v0].nsp'
00:00:02.333 |N| Application AddAocItem: Found AddOnContent with TitleId 0100B040117430F7 @ 'C:\Users\[redacted]\Downloads\Monster Hunter Rise [NSP]\264 DLC\Monster Hunter Rise [DLC Fluffy Fur Gloves Hunter layered armor piece] [0100B040117430F7][v0].nsp'
00:00:02.333 |N| Application AddAocItem: Found AddOnContent with TitleId 0100B040117430F5 @ 'C:\Users\[redacted]\Downloads\Monster Hunter Rise [NSP]\264 DLC\Monster Hunter Rise [DLC Fluffy Fur Hat Hunter layered armor piece] [0100B040117430F5][v0].nsp'
00:00:02.334 |N| Application AddAocItem: Found AddOnContent with TitleId 0100B040117430F6 @ 'C:\Users\[redacted]\Downloads\Monster Hunter Rise [NSP]\264 DLC\Monster Hunter Rise [DLC Fluffy Fur Robe Hunter layered armor piece] [0100B040117430F6][v0].nsp'
00:00:02.336 |N| Application AddAocItem: Found AddOnContent with TitleId 0100B0401174301A @ 'C:\Users\[redacted]\Downloads\Monster Hunter Rise [NSP]\264 DLC\Monster Hunter Rise [DLC Fluffy Hood Cohoot outfit] [0100B0401174301A][v0].nsp'
00:00:02.336 |N| Application AddAocItem: Found AddOnContent with TitleId 0100B040117430D2 @ 'C:\Users\[redacted]\Downloads\Monster Hunter Rise [NSP]\264 DLC\Monster Hunter Rise [DLC Fluffy Long Hairstyle] [0100B040117430D2][v0].nsp'
00:00:02.337 |N| Application AddAocItem: Found AddOnContent with TitleId 0100B040117430BB @ 'C:\Users\[redacted]\Downloads\Monster Hunter Rise [NSP]\264 DLC\Monster Hunter Rise [DLC For The Fans Gesture Set] [0100B040117430BB][v0].nsp'
00:00:02.337 |N| Application AddAocItem: Found AddOnContent with TitleId 0100B04011743026 @ 'C:\Users\[redacted]\Downloads\Monster Hunter Rise [NSP]\264 DLC\Monster Hunter Rise [DLC Fox Mask Hunter layered armor piece] [0100B04011743026][v0].nsp'
00:00:02.337 |N| Application AddAocItem: Found AddOnContent with TitleId 0100B0401174307F @ 'C:\Users\[redacted]\Downloads\Monster Hunter Rise [NSP]\264 DLC\Monster Hunter Rise [DLC Frilled Choker Hunter Layered Armor Piece] [0100B0401174307F][v0].nsp'
00:00:02.338 |N| Application AddAocItem: Found AddOnContent with TitleId 0100B040117430D3 @ 'C:\Users\[redacted]\Downloads\Monster Hunter Rise [NSP]\264 DLC\Monster Hunter Rise [DLC Ghost Face Paint] [0100B040117430D3][v0].nsp'
00:00:02.338 |N| Application AddAocItem: Found AddOnContent with TitleId 0100B04011743072 @ 'C:\Users\[redacted]\Downloads\Monster Hunter Rise [NSP]\264 DLC\Monster Hunter Rise [DLC Gorgeous Earrings Hunter Layered Armor Piece] [0100B04011743072][v0].nsp'
00:00:02.339 |N| Application AddAocItem: Found AddOnContent with TitleId 0100B04011743098 @ 'C:\Users\[redacted]\Downloads\Monster Hunter Rise [NSP]\264 DLC\Monster Hunter Rise [DLC Graceful Dance Gesture Set] [0100B04011743098][v0].nsp'
00:00:02.339 |N| Application AddAocItem: Found AddOnContent with TitleId 0100B0401174300D @ 'C:\Users\[redacted]\Downloads\Monster Hunter Rise [NSP]\264 DLC\Monster Hunter Rise [DLC Great Baggi Crest hairstyle] [0100B0401174300D][v0].nsp'
00:00:02.339 |N| Application AddAocItem: Found AddOnContent with TitleId 0100B0401174303D @ 'C:\Users\[redacted]\Downloads\Monster Hunter Rise [NSP]\264 DLC\Monster Hunter Rise [DLC Heart Collar Palamute Layered Armor] [0100B0401174303D][v0].nsp'
00:00:02.339 |N| Application AddAocItem: Found AddOnContent with TitleId 0100B04011743039 @ 'C:\Users\[redacted]\Downloads\Monster Hunter Rise [NSP]\264 DLC\Monster Hunter Rise [DLC Heart Collar Palico Layered Armor] [0100B04011743039][v0].nsp'
00:00:02.340 |N| Application AddAocItem: Found AddOnContent with TitleId 0100B04011743015 @ 'C:\Users\[redacted]\Downloads\Monster Hunter Rise [NSP]\264 DLC\Monster Hunter Rise [DLC Hero face paint] [0100B04011743015][v0].nsp'
00:00:02.340 |N| Application AddAocItem: Found AddOnContent with TitleId 0100B0401174304D @ 'C:\Users\[redacted]\Downloads\Monster Hunter Rise [NSP]\264 DLC\Monster Hunter Rise [DLC Hide Pose Set] [0100B0401174304D][v0].nsp'
00:00:02.340 |N| Application AddAocItem: Found AddOnContent with TitleId 0100B04011743023 @ 'C:\Users\[redacted]\Downloads\Monster Hunter Rise [NSP]\264 DLC\Monster Hunter Rise [DLC High Five gesture] [0100B04011743023][v0].nsp'
00:00:02.340 |N| Application AddAocItem: Found AddOnContent with TitleId 0100B040117430F3 @ 'C:\Users\[redacted]\Downloads\Monster Hunter Rise [NSP]\264 DLC\Monster Hunter Rise [DLC High-brows makeup] [0100B040117430F3][v0].nsp'
00:00:02.340 |N| Application AddAocItem: Found AddOnContent with TitleId 0100B04011743100 @ 'C:\Users\[redacted]\Downloads\Monster Hunter Rise [NSP]\264 DLC\Monster Hunter Rise [DLC Hinoa Hunter layered armor set] [0100B04011743100][v0].nsp'
00:00:02.341 |N| Application AddAocItem: Found AddOnContent with TitleId 0100B04011743079 @ 'C:\Users\[redacted]\Downloads\Monster Hunter Rise [NSP]\264 DLC\Monster Hunter Rise [DLC Hinoa Long Hairstyle] [0100B04011743079][v0].nsp'
00:00:02.341 |N| Application AddAocItem: Found AddOnContent with TitleId 0100B040117430DD @ 'C:\Users\[redacted]\Downloads\Monster Hunter Rise [NSP]\264 DLC\Monster Hunter Rise [DLC Hunter Voice Arlow] [0100B040117430DD][v0].nsp'
00:00:02.341 |N| Application AddAocItem: Found AddOnContent with TitleId 0100B040117430FD @ 'C:\Users\[redacted]\Downloads\Monster Hunter Rise [NSP]\264 DLC\Monster Hunter Rise [DLC Hunter Voice Bahari] [0100B040117430FD][v0].nsp'
00:00:02.342 |N| Application AddAocItem: Found AddOnContent with TitleId 0100B0401174306D @ 'C:\Users\[redacted]\Downloads\Monster Hunter Rise [NSP]\264 DLC\Monster Hunter Rise [DLC Hunter Voice Big Bro] [0100B0401174306D][v0].nsp'
00:00:02.342 |N| Application AddAocItem: Found AddOnContent with TitleId 0100B04011743049 @ 'C:\Users\[redacted]\Downloads\Monster Hunter Rise [NSP]\264 DLC\Monster Hunter Rise [DLC Hunter Voice Buddy Handler Iori] [0100B04011743049][v0].nsp'
00:00:02.343 |N| Application AddAocItem: Found AddOnContent with TitleId 0100B040117430FC @ 'C:\Users\[redacted]\Downloads\Monster Hunter Rise [NSP]\264 DLC\Monster Hunter Rise [DLC Hunter Voice Chichae] [0100B040117430FC][v0].nsp'
00:00:02.343 |N| Application AddAocItem: Found AddOnContent with TitleId 0100B0401174306E @ 'C:\Users\[redacted]\Downloads\Monster Hunter Rise [NSP]\264 DLC\Monster Hunter Rise [DLC Hunter Voice Cool Girl] [0100B0401174306E][v0].nsp'
00:00:02.343 |N| Application AddAocItem: Found AddOnContent with TitleId 0100B040117430C8 @ 'C:\Users\[redacted]\Downloads\Monster Hunter Rise [NSP]\264 DLC\Monster Hunter Rise [DLC Hunter Voice Fiorayne] [0100B040117430C8][v0].nsp'
00:00:02.343 |N| Application AddAocItem: Found AddOnContent with TitleId 0100B04011743030 @ 'C:\Users\[redacted]\Downloads\Monster Hunter Rise [NSP]\264 DLC\Monster Hunter Rise [DLC Hunter Voice Fugen] [0100B04011743030][v0].nsp'
00:00:02.344 |N| Application AddAocItem: Found AddOnContent with TitleId 0100B040117430C9 @ 'C:\Users\[redacted]\Downloads\Monster Hunter Rise [NSP]\264 DLC\Monster Hunter Rise [DLC Hunter Voice Galleus] [0100B040117430C9][v0].nsp'
00:00:02.344 |N| Application AddAocItem: Found AddOnContent with TitleId 0100B04011743011 @ 'C:\Users\[redacted]\Downloads\Monster Hunter Rise [NSP]\264 DLC\Monster Hunter Rise [DLC Hunter Voice Hinoa the Quest Maiden] [0100B04011743011][v0].nsp'
00:00:02.344 |N| Application AddAocItem: Found AddOnContent with TitleId 0100B0401174312A @ 'C:\Users\[redacted]\Downloads\Monster Hunter Rise [NSP]\264 DLC\Monster Hunter Rise [DLC Hunter Voice Jae] [0100B0401174312A][v0].nsp'
00:00:02.345 |N| Application AddAocItem: Found AddOnContent with TitleId 0100B040117430FE @ 'C:\Users\[redacted]\Downloads\Monster Hunter Rise [NSP]\264 DLC\Monster Hunter Rise [DLC Hunter Voice Kagami] [0100B040117430FE][v0].nsp'
00:00:02.346 |N| Application AddAocItem: Found AddOnContent with TitleId 0100B0401174305B @ 'C:\Users\[redacted]\Downloads\Monster Hunter Rise [NSP]\264 DLC\Monster Hunter Rise [DLC Hunter Voice Kagero The Merchant] [0100B0401174305B][v0].nsp'
00:00:02.346 |N| Application AddAocItem: Found AddOnContent with TitleId 0100B040117430DC @ 'C:\Users\[redacted]\Downloads\Monster Hunter Rise [NSP]\264 DLC\Monster Hunter Rise [DLC Hunter Voice Luchika] [0100B040117430DC][v0].nsp'
00:00:02.346 |N| Application AddAocItem: Found AddOnContent with TitleId 0100B04011743010 @ 'C:\Users\[redacted]\Downloads\Monster Hunter Rise [NSP]\264 DLC\Monster Hunter Rise [DLC Hunter Voice Master Utsushi] [0100B04011743010][v0].nsp'
00:00:02.346 |N| Application AddAocItem: Found AddOnContent with TitleId 0100B0401174311B @ 'C:\Users\[redacted]\Downloads\Monster Hunter Rise [NSP]\264 DLC\Monster Hunter Rise [DLC Hunter Voice Minayle] [0100B0401174311B][v0].nsp'
00:00:02.346 |N| Application AddAocItem: Found AddOnContent with TitleId 0100B04011743031 @ 'C:\Users\[redacted]\Downloads\Monster Hunter Rise [NSP]\264 DLC\Monster Hunter Rise [DLC Hunter Voice Minoto] [0100B04011743031][v0].nsp'
00:00:02.347 |N| Application AddAocItem: Found AddOnContent with TitleId 0100B04011743088 @ 'C:\Users\[redacted]\Downloads\Monster Hunter Rise [NSP]\264 DLC\Monster Hunter Rise [DLC Hunter Voice Mood Swings] [0100B04011743088][v0].nsp'
00:00:02.347 |N| Application AddAocItem: Found AddOnContent with TitleId 0100B04011743129 @ 'C:\Users\[redacted]\Downloads\Monster Hunter Rise [NSP]\264 DLC\Monster Hunter Rise [DLC Hunter Voice Oboro] [0100B04011743129][v0].nsp'
00:00:02.347 |N| Application AddAocItem: Found AddOnContent with TitleId 0100B0401174305C @ 'C:\Users\[redacted]\Downloads\Monster Hunter Rise [NSP]\264 DLC\Monster Hunter Rise [DLC Hunter Voice Rondine The Trader] [0100B0401174305C][v0].nsp'
00:00:02.347 |N| Application AddAocItem: Found AddOnContent with TitleId 0100B04011743087 @ 'C:\Users\[redacted]\Downloads\Monster Hunter Rise [NSP]\264 DLC\Monster Hunter Rise [DLC Hunter Voice Royal Pain] [0100B04011743087][v0].nsp'
00:00:02.348 |N| Application AddAocItem: Found AddOnContent with TitleId 0100B0401174311C @ 'C:\Users\[redacted]\Downloads\Monster Hunter Rise [NSP]\264 DLC\Monster Hunter Rise [DLC Hunter Voice Tador]i [0100B0401174311C][v0].nsp'
00:00:02.348 |N| Application AddAocItem: Found AddOnContent with TitleId 0100B0401174304A @ 'C:\Users\[redacted]\Downloads\Monster Hunter Rise [NSP]\264 DLC\Monster Hunter Rise [DLC Hunter Voice Yomogi The Chef] [0100B0401174304A][v0].nsp'
00:00:02.348 |N| Application AddAocItem: Found AddOnContent with TitleId 0100B04011743019 @ 'C:\Users\[redacted]\Downloads\Monster Hunter Rise [NSP]\264 DLC\Monster Hunter Rise [DLC Hurt pose set] [0100B04011743019][v0].nsp'
00:00:02.348 |N| Application AddAocItem: Found AddOnContent with TitleId 0100B04011743034 @ 'C:\Users\[redacted]\Downloads\Monster Hunter Rise [NSP]\264 DLC\Monster Hunter Rise [DLC Idol Pose Set] [0100B04011743034][v0].nsp'
00:00:02.349 |N| Application AddAocItem: Found AddOnContent with TitleId 0100B04011743112 @ 'C:\Users\[redacted]\Downloads\Monster Hunter Rise [NSP]\264 DLC\Monster Hunter Rise [DLC Jae Cut Hairstyle] [0100B04011743112][v0].nsp'
00:00:02.349 |N| Application AddAocItem: Found AddOnContent with TitleId 0100B04011743085 @ 'C:\Users\[redacted]\Downloads\Monster Hunter Rise [NSP]\264 DLC\Monster Hunter Rise [DLC Kamura Cloak Braces Hunter Layered Armor Piece] [0100B04011743085][v0].nsp'
00:00:02.349 |N| Application AddAocItem: Found AddOnContent with TitleId 0100B04011743084 @ 'C:\Users\[redacted]\Downloads\Monster Hunter Rise [NSP]\264 DLC\Monster Hunter Rise [DLC Kamura Cloak Garb Hunter Layered Armor Piece] [0100B04011743084][v0].nsp'
00:00:02.349 |N| Application AddAocItem: Found AddOnContent with TitleId 0100B04011743058 @ 'C:\Users\[redacted]\Downloads\Monster Hunter Rise [NSP]\264 DLC\Monster Hunter Rise [DLC Kamura Village Summer Remix BGM] [0100B04011743058][v0].nsp'
00:00:02.349 |N| Application AddAocItem: Found AddOnContent with TitleId 0100B04011743118 @ 'C:\Users\[redacted]\Downloads\Monster Hunter Rise [NSP]\264 DLC\Monster Hunter Rise [DLC Kit T Palico Layered Armor Set] [0100B04011743118][v0].nsp'
00:00:02.350 |N| Application AddAocItem: Found AddOnContent with TitleId 0100B04011743076 @ 'C:\Users\[redacted]\Downloads\Monster Hunter Rise [NSP]\264 DLC\Monster Hunter Rise [DLC Kunai Earrings Hunter Layered Armor Piece] [0100B04011743076][v0].nsp'
00:00:02.350 |N| Application AddAocItem: Found AddOnContent with TitleId 0100B04011743116 @ 'C:\Users\[redacted]\Downloads\Monster Hunter Rise [NSP]\264 DLC\Monster Hunter Rise [DLC Lance Gunn Hunter Layered Armor Set] [0100B04011743116][v0].nsp'
00:00:02.350 |N| Application AddAocItem: Found AddOnContent with TitleId 0100B0401174307D @ 'C:\Users\[redacted]\Downloads\Monster Hunter Rise [NSP]\264 DLC\Monster Hunter Rise [DLC Leather Choker Hunter Layered Armor Piece] [0100B0401174307D][v0].nsp'
00:00:02.350 |N| Application AddAocItem: Found AddOnContent with TitleId 0100B04011743050 @ 'C:\Users\[redacted]\Downloads\Monster Hunter Rise [NSP]\264 DLC\Monster Hunter Rise [DLC Lil Wingdrake Cohoot Outfit] [0100B04011743050][v0].nsp'
00:00:02.351 |N| Application AddAocItem: Found AddOnContent with TitleId 0100B04011743021 @ 'C:\Users\[redacted]\Downloads\Monster Hunter Rise [NSP]\264 DLC\Monster Hunter Rise [DLC Long Coat Costume Palamute layered armor set] [0100B04011743021][v0].nsp'
00:00:02.351 |N| Application AddAocItem: Found AddOnContent with TitleId 0100B040117430E5 @ 'C:\Users\[redacted]\Downloads\Monster Hunter Rise [NSP]\264 DLC\Monster Hunter Rise [DLC Lost Code Alos Hunter Layered Weapon Hunting Horn] [0100B040117430E5][v0].nsp'
00:00:02.351 |N| Application AddAocItem: Found AddOnContent with TitleId 0100B040117430E0 @ 'C:\Users\[redacted]\Downloads\Monster Hunter Rise [NSP]\264 DLC\Monster Hunter Rise [DLC Lost Code Asca Hunter Layered Weapon Great Sword] [0100B040117430E0][v0].nsp'
00:00:02.352 |N| Application AddAocItem: Found AddOnContent with TitleId 0100B040117430E2 @ 'C:\Users\[redacted]\Downloads\Monster Hunter Rise [NSP]\264 DLC\Monster Hunter Rise [DLC Lost Code Carnhan Hunter Layered Weapon Sword and Shield] [0100B040117430E2][v0].nsp'
00:00:02.352 |N| Application AddAocItem: Found AddOnContent with TitleId 0100B040117430ED @ 'C:\Users\[redacted]\Downloads\Monster Hunter Rise [NSP]\264 DLC\Monster Hunter Rise [DLC Lost Code Iru Hunter Layered Weapon Bow] [0100B040117430ED][v0].nsp'
00:00:02.352 |N| Application AddAocItem: Found AddOnContent with TitleId 0100B040117430EC @ 'C:\Users\[redacted]\Downloads\Monster Hunter Rise [NSP]\264 DLC\Monster Hunter Rise [DLC Lost Code Jura Hunter Layered Weapon Heavy Bowgun] [0100B040117430EC][v0].nsp'
00:00:02.352 |N| Application AddAocItem: Found AddOnContent with TitleId 0100B040117430EB @ 'C:\Users\[redacted]\Downloads\Monster Hunter Rise [NSP]\264 DLC\Monster Hunter Rise [DLC Lost Code Kera Hunter Layered Weapon Light Bowgun] [0100B040117430EB][v0].nsp'
00:00:02.353 |N| Application AddAocItem: Found AddOnContent with TitleId 0100B040117430E1 @ 'C:\Users\[redacted]\Downloads\Monster Hunter Rise [NSP]\264 DLC\Monster Hunter Rise [DLC Lost Code Kiri Hunter Layered Weapon Long Sword] [0100B040117430E1][v0].nsp'
00:00:02.353 |N| Application AddAocItem: Found AddOnContent with TitleId 0100B040117430E9 @ 'C:\Users\[redacted]\Downloads\Monster Hunter Rise [NSP]\264 DLC\Monster Hunter Rise [DLC Lost Code Labr Hunter Layered Weapon Switch Axe] [0100B040117430E9][v0].nsp'
00:00:02.353 |N| Application AddAocItem: Found AddOnContent with TitleId 0100B040117430E6 @ 'C:\Users\[redacted]\Downloads\Monster Hunter Rise [NSP]\264 DLC\Monster Hunter Rise [DLC Lost Code Mia Hunter Layered Weapon Lance] [0100B040117430E6][v0].nsp'
00:00:02.353 |N| Application AddAocItem: Found AddOnContent with TitleId 0100B040117430E4 @ 'C:\Users\[redacted]\Downloads\Monster Hunter Rise [NSP]\264 DLC\Monster Hunter Rise [DLC Lost Code Mjo Hunter Layered Weapon Hammer] [0100B040117430E4][v0].nsp'
00:00:02.353 |N| Application AddAocItem: Found AddOnContent with TitleId 0100B040117430E7 @ 'C:\Users\[redacted]\Downloads\Monster Hunter Rise [NSP]\264 DLC\Monster Hunter Rise [DLC Lost Code Nir Hunter Layered Weapon Gunlance] [0100B040117430E7][v0].nsp'
00:00:02.354 |N| Application AddAocItem: Found AddOnContent with TitleId 0100B040117430E3 @ 'C:\Users\[redacted]\Downloads\Monster Hunter Rise [NSP]\264 DLC\Monster Hunter Rise [DLC Lost Code Rah Hunter Layered Weapon Dual Blades] [0100B040117430E3][v0].nsp'
00:00:02.354 |N| Application AddAocItem: Found AddOnContent with TitleId 0100B040117430E8 @ 'C:\Users\[redacted]\Downloads\Monster Hunter Rise [NSP]\264 DLC\Monster Hunter Rise [DLC Lost Code Sara Hunter Layered Weapon Charge Blade] [0100B040117430E8][v0].nsp'
00:00:02.354 |N| Application AddAocItem: Found AddOnContent with TitleId 0100B040117430EA @ 'C:\Users\[redacted]\Downloads\Monster Hunter Rise [NSP]\264 DLC\Monster Hunter Rise [DLC Lost Code Telth Hunter Layered Weapon Insect Glaive] [0100B040117430EA][v0].nsp'
00:00:02.354 |N| Application AddAocItem: Found AddOnContent with TitleId 0100B040117430BF @ 'C:\Users\[redacted]\Downloads\Monster Hunter Rise [NSP]\264 DLC\Monster Hunter Rise [DLC Malzeno Menace Face Paint] [0100B040117430BF][v0].nsp'
00:00:02.354 |N| Application AddAocItem: Found AddOnContent with TitleId 0100B040117430BC @ 'C:\Users\[redacted]\Downloads\Monster Hunter Rise [NSP]\264 DLC\Monster Hunter Rise [DLC MC Pose Set] [0100B040117430BC][v0].nsp'
00:00:02.355 |N| Application AddAocItem: Found AddOnContent with TitleId 0100B04011743122 @ 'C:\Users\[redacted]\Downloads\Monster Hunter Rise [NSP]\264 DLC\Monster Hunter Rise [DLC Mechanical face paint] [0100B04011743122][v0].nsp'
00:00:02.355 |N| Application AddAocItem: Found AddOnContent with TitleId 0100B04011743036 @ 'C:\Users\[redacted]\Downloads\Monster Hunter Rise [NSP]\264 DLC\Monster Hunter Rise [DLC Menacing Macaw Cohoot Outfit] [0100B04011743036][v0].nsp'
00:00:02.355 |N| Application AddAocItem: Found AddOnContent with TitleId 0100B0401174311E @ 'C:\Users\[redacted]\Downloads\Monster Hunter Rise [NSP]\264 DLC\Monster Hunter Rise [DLC Minoto Hunter Layered Armor Set] [0100B0401174311E][v0].nsp'
00:00:02.355 |N| Application AddAocItem: Found AddOnContent with TitleId 0100B0401174307A @ 'C:\Users\[redacted]\Downloads\Monster Hunter Rise [NSP]\264 DLC\Monster Hunter Rise [DLC Minoto Long Hairstyle] [0100B0401174307A][v0].nsp'
00:00:02.355 |N| Application AddAocItem: Found AddOnContent with TitleId 0100B040117430F4 @ 'C:\Users\[redacted]\Downloads\Monster Hunter Rise [NSP]\264 DLC\Monster Hunter Rise [DLC Mizutsune face paint] [0100B040117430F4][v0].nsp'
00:00:02.355 |N| Application AddAocItem: Found AddOnContent with TitleId 0100B04011743110 @ 'C:\Users\[redacted]\Downloads\Monster Hunter Rise [NSP]\264 DLC\Monster Hunter Rise [DLC Model Walk Gesture Set] [0100B04011743110][v0].nsp'
00:00:02.356 |N| Application AddAocItem: Found AddOnContent with TitleId 0100B040117430DE @ 'C:\Users\[redacted]\Downloads\Monster Hunter Rise [NSP]\264 DLC\Monster Hunter Rise [DLC Monster and Elgado Music Jazz Version BGM] [0100B040117430DE][v0].nsp'
00:00:02.356 |N| Application AddAocItem: Found AddOnContent with TitleId 0100B0401174311D @ 'C:\Users\[redacted]\Downloads\Monster Hunter Rise [NSP]\264 DLC\Monster Hunter Rise [DLC Monster and Stage Music Chiptune Version BGM] [0100B0401174311D][v0].nsp'
00:00:02.356 |N| Application AddAocItem: Found AddOnContent with TitleId 0100B040117430CA @ 'C:\Users\[redacted]\Downloads\Monster Hunter Rise [NSP]\264 DLC\Monster Hunter Rise [DLC Monster and Title Music Piano Version BGM] [0100B040117430CA][v0].nsp'
00:00:02.356 |N| Application AddAocItem: Found AddOnContent with TitleId 0100B04011743045 @ 'C:\Users\[redacted]\Downloads\Monster Hunter Rise [NSP]\264 DLC\Monster Hunter Rise [DLC Monster Hunter Series Bases BGM] [0100B04011743045][v0].nsp'
00:00:02.356 |N| Application AddAocItem: Found AddOnContent with TitleId 0100B04011743046 @ 'C:\Users\[redacted]\Downloads\Monster Hunter Rise [NSP]\264 DLC\Monster Hunter Rise [DLC Monster Music Dance Version BGM] [0100B04011743046][v0].nsp'
00:00:02.357 |N| Application AddAocItem: Found AddOnContent with TitleId 0100B04011743080 @ 'C:\Users\[redacted]\Downloads\Monster Hunter Rise [NSP]\264 DLC\Monster Hunter Rise [DLC Monster Music Rock Version BGM] [0100B04011743080][v0].nsp'
00:00:02.357 |N| Application AddAocItem: Found AddOnContent with TitleId 0100B04011743111 @ 'C:\Users\[redacted]\Downloads\Monster Hunter Rise [NSP]\264 DLC\Monster Hunter Rise [DLC Musical Pose Set] [0100B04011743111][v0].nsp'
00:00:02.357 |N| Application AddAocItem: Found AddOnContent with TitleId 0100B04011743020 @ 'C:\Users\[redacted]\Downloads\Monster Hunter Rise [NSP]\264 DLC\Monster Hunter Rise [DLC Nine Tails Palico layered armor set] [0100B04011743020][v0].nsp'
00:00:02.357 |N| Application AddAocItem: Found AddOnContent with TitleId 0100B04011743047 @ 'C:\Users\[redacted]\Downloads\Monster Hunter Rise [NSP]\264 DLC\Monster Hunter Rise [DLC Noble Short Hairstyle] [0100B04011743047][v0].nsp'
00:00:02.357 |N| Application AddAocItem: Found AddOnContent with TitleId 0100B0401174309F @ 'C:\Users\[redacted]\Downloads\Monster Hunter Rise [NSP]\264 DLC\Monster Hunter Rise [DLC One Character Edit Voucher Batch 2] [0100B0401174309F][v0].nsp'
00:00:02.358 |N| Application AddAocItem: Found AddOnContent with TitleId 0100B0401174302B @ 'C:\Users\[redacted]\Downloads\Monster Hunter Rise [NSP]\264 DLC\Monster Hunter Rise [DLC One Character Edit Voucher Free] [0100B0401174302B][v0].nsp'
00:00:02.358 |N| Application AddAocItem: Found AddOnContent with TitleId 0100B04011743028 @ 'C:\Users\[redacted]\Downloads\Monster Hunter Rise [NSP]\264 DLC\Monster Hunter Rise [DLC One Character Edit Voucher] [0100B04011743028][v0].nsp'
00:00:02.358 |N| Application AddAocItem: Found AddOnContent with TitleId 0100B0401174304F @ 'C:\Users\[redacted]\Downloads\Monster Hunter Rise [NSP]\264 DLC\Monster Hunter Rise [DLC Out On The Hunt Cohoot Outfit] [0100B0401174304F][v0].nsp'
00:00:02.358 |N| Application AddAocItem: Found AddOnContent with TitleId 0100B04011743114 @ 'C:\Users\[redacted]\Downloads\Monster Hunter Rise [NSP]\264 DLC\Monster Hunter Rise [DLC Palico Makeup] [0100B04011743114][v0].nsp'
00:00:02.358 |N| Application AddAocItem: Found AddOnContent with TitleId 0100B0401174309D @ 'C:\Users\[redacted]\Downloads\Monster Hunter Rise [NSP]\264 DLC\Monster Hunter Rise [DLC Pawprint Face Paint] [0100B0401174309D][v0].nsp'
00:00:02.359 |N| Application AddAocItem: Found AddOnContent with TitleId 0100B04011743033 @ 'C:\Users\[redacted]\Downloads\Monster Hunter Rise [NSP]\264 DLC\Monster Hunter Rise [DLC Petit Face Makeup] [0100B04011743033][v0].nsp'
00:00:02.359 |N| Application AddAocItem: Found AddOnContent with TitleId 0100B04011743012 @ 'C:\Users\[redacted]\Downloads\Monster Hunter Rise [NSP]\264 DLC\Monster Hunter Rise [DLC Pre-Order Bonus Add-On Content] [0100B04011743012][v0].nsp'
00:00:02.359 |N| Application AddAocItem: Found AddOnContent with TitleId 0100B0401174301C @ 'C:\Users\[redacted]\Downloads\Monster Hunter Rise [NSP]\264 DLC\Monster Hunter Rise [DLC Pre-Order Bonus Add-On Content] [0100B0401174301C][v0].nsp'
00:00:02.359 |N| Application AddAocItem: Found AddOnContent with TitleId 0100B0401174301D @ 'C:\Users\[redacted]\Downloads\Monster Hunter Rise [NSP]\264 DLC\Monster Hunter Rise [DLC Pre-order bonus Add-on Content] [0100B0401174301D][v0].nsp'
00:00:02.359 |N| Application AddAocItem: Found AddOnContent with TitleId 0100B04011743082 @ 'C:\Users\[redacted]\Downloads\Monster Hunter Rise [NSP]\264 DLC\Monster Hunter Rise [DLC Pretty Present Cohoot Outfit] [0100B04011743082][v0].nsp'
00:00:02.360 |N| Application AddAocItem: Found AddOnContent with TitleId 0100B040117430F1 @ 'C:\Users\[redacted]\Downloads\Monster Hunter Rise [NSP]\264 DLC\Monster Hunter Rise [DLC Princely Tail hairstyle] [0100B040117430F1][v0].nsp'
00:00:02.360 |N| Application AddAocItem: Found AddOnContent with TitleId 0100B040117430F2 @ 'C:\Users\[redacted]\Downloads\Monster Hunter Rise [NSP]\264 DLC\Monster Hunter Rise [DLC Princess Curls hairstyle] [0100B040117430F2][v0].nsp'
00:00:02.360 |N| Application AddAocItem: Found AddOnContent with TitleId 0100B040117430FF @ 'C:\Users\[redacted]\Downloads\Monster Hunter Rise [NSP]\264 DLC\Monster Hunter Rise [DLC Proof of a Hero and Monster Music Various Arrangements BGM] [0100B040117430FF][v0].nsp'
00:00:02.360 |N| Application AddAocItem: Found AddOnContent with TitleId 0100B04011743060 @ 'C:\Users\[redacted]\Downloads\Monster Hunter Rise [NSP]\264 DLC\Monster Hunter Rise [DLC Puffy Penguin Cohoot Outfit] [0100B04011743060][v0].nsp'
00:00:02.360 |N| Application AddAocItem: Found AddOnContent with TitleId 0100B04011743119 @ 'C:\Users\[redacted]\Downloads\Monster Hunter Rise [NSP]\264 DLC\Monster Hunter Rise [DLC Pup R Palamute Layered Armor Set] [0100B04011743119][v0].nsp'
00:00:02.361 |N| Application AddAocItem: Found AddOnContent with TitleId 0100B04011743117 @ 'C:\Users\[redacted]\Downloads\Monster Hunter Rise [NSP]\264 DLC\Monster Hunter Rise [DLC Ran Page Hunter Layered Armor Set] [0100B04011743117][v0].nsp'
00:00:02.361 |N| Application AddAocItem: Found AddOnContent with TitleId 0100B04011743077 @ 'C:\Users\[redacted]\Downloads\Monster Hunter Rise [NSP]\264 DLC\Monster Hunter Rise [DLC Reindeer Party Cohoot Outfit] [0100B04011743077][v0].nsp'
00:00:02.361 |N| Application AddAocItem: Found AddOnContent with TitleId 0100B04011743095 @ 'C:\Users\[redacted]\Downloads\Monster Hunter Rise [NSP]\264 DLC\Monster Hunter Rise [DLC Relunea Bottoms Hunter Layered Armor Piece] [0100B04011743095][v0].nsp'
00:00:02.361 |N| Application AddAocItem: Found AddOnContent with TitleId 0100B04011743093 @ 'C:\Users\[redacted]\Downloads\Monster Hunter Rise [NSP]\264 DLC\Monster Hunter Rise [DLC Relunea Glasses Hunter Layered Armor Piece] [0100B04011743093][v0].nsp'
00:00:02.361 |N| Application AddAocItem: Found AddOnContent with TitleId 0100B04011743094 @ 'C:\Users\[redacted]\Downloads\Monster Hunter Rise [NSP]\264 DLC\Monster Hunter Rise [DLC Relunea Jacket Hunter Layered Armor Piece] [0100B04011743094][v0].nsp'
00:00:02.362 |N| Application AddAocItem: Found AddOnContent with TitleId 0100B0401174307B @ 'C:\Users\[redacted]\Downloads\Monster Hunter Rise [NSP]\264 DLC\Monster Hunter Rise [DLC Reverent Wrap Hunter Layered Armor Piece] [0100B0401174307B][v0].nsp'
00:00:02.362 |N| Application AddAocItem: Found AddOnContent with TitleId 0100B04011743123 @ 'C:\Users\[redacted]\Downloads\Monster Hunter Rise [NSP]\264 DLC\Monster Hunter Rise [DLC Risen face paint] [0100B04011743123][v0].nsp'
00:00:02.362 |N| Application AddAocItem: Found AddOnContent with TitleId 0100B0401174312C @ 'C:\Users\[redacted]\Downloads\Monster Hunter Rise [NSP]\264 DLC\Monster Hunter Rise [DLC Rondine Hunter layered armor set] [0100B0401174312C][v0].nsp'
00:00:02.362 |N| Application AddAocItem: Found AddOnContent with TitleId 0100B0401174305A @ 'C:\Users\[redacted]\Downloads\Monster Hunter Rise [NSP]\264 DLC\Monster Hunter Rise [DLC Royal Dreads hairstyle] [0100B0401174305A][v0].nsp'
00:00:02.362 |N| Application AddAocItem: Found AddOnContent with TitleId 0100B0401174302E @ 'C:\Users\[redacted]\Downloads\Monster Hunter Rise [NSP]\264 DLC\Monster Hunter Rise [DLC Samurai Hairstyle] [0100B0401174302E][v0].nsp'
00:00:02.363 |N| Application AddAocItem: Found AddOnContent with TitleId 0100B040117430CB @ 'C:\Users\[redacted]\Downloads\Monster Hunter Rise [NSP]\264 DLC\Monster Hunter Rise [DLC Series Bases Pt. 2 BGM] [0100B040117430CB][v0].nsp'
00:00:02.363 |N| Application AddAocItem: Found AddOnContent with TitleId 0100B040117430C0 @ 'C:\Users\[redacted]\Downloads\Monster Hunter Rise [NSP]\264 DLC\Monster Hunter Rise [DLC Single Stroke Cheek Face Paint] [0100B040117430C0][v0].nsp'
00:00:02.363 |N| Application AddAocItem: Found AddOnContent with TitleId 0100B04011743037 @ 'C:\Users\[redacted]\Downloads\Monster Hunter Rise [NSP]\264 DLC\Monster Hunter Rise [DLC Special Stickers 1 Sticker Set] [0100B04011743037][v0].nsp'
00:00:02.363 |N| Application AddAocItem: Found AddOnContent with TitleId 0100B040117430BA @ 'C:\Users\[redacted]\Downloads\Monster Hunter Rise [NSP]\264 DLC\Monster Hunter Rise [DLC Special Stickers 10 Sticker Set] [0100B040117430BA][v0].nsp'
00:00:02.364 |N| Application AddAocItem: Found AddOnContent with TitleId 0100B040117430CE @ 'C:\Users\[redacted]\Downloads\Monster Hunter Rise [NSP]\264 DLC\Monster Hunter Rise [DLC Special Stickers 11 Sticker Set] [0100B040117430CE][v0].nsp'
00:00:02.364 |N| Application AddAocItem: Found AddOnContent with TitleId 0100B040117430EE @ 'C:\Users\[redacted]\Downloads\Monster Hunter Rise [NSP]\264 DLC\Monster Hunter Rise [DLC Special Stickers 12 sticker set] [0100B040117430EE][v0].nsp'
00:00:02.364 |N| Application AddAocItem: Found AddOnContent with TitleId 0100B0401174310F @ 'C:\Users\[redacted]\Downloads\Monster Hunter Rise [NSP]\264 DLC\Monster Hunter Rise [DLC Special Stickers 13 Sticker Set] [0100B0401174310F][v0].nsp'
00:00:02.365 |N| Application AddAocItem: Found AddOnContent with TitleId 0100B0401174311F @ 'C:\Users\[redacted]\Downloads\Monster Hunter Rise [NSP]\264 DLC\Monster Hunter Rise [DLC Special Stickers 14 sticker set] [0100B0401174311F][v0].nsp'
00:00:02.365 |N| Application AddAocItem: Found AddOnContent with TitleId 0100B04011743044 @ 'C:\Users\[redacted]\Downloads\Monster Hunter Rise [NSP]\264 DLC\Monster Hunter Rise [DLC Special Stickers 2 Sticker Set] [0100B04011743044][v0].nsp'
00:00:02.365 |N| Application AddAocItem: Found AddOnContent with TitleId 0100B04011743057 @ 'C:\Users\[redacted]\Downloads\Monster Hunter Rise [NSP]\264 DLC\Monster Hunter Rise [DLC Special Stickers 3 Sticker Set] [0100B04011743057][v0].nsp'
00:00:02.365 |N| Application AddAocItem: Found AddOnContent with TitleId 0100B04011743068 @ 'C:\Users\[redacted]\Downloads\Monster Hunter Rise [NSP]\264 DLC\Monster Hunter Rise [DLC Special Stickers 4 sticker set] [0100B04011743068][v0].nsp'
00:00:02.365 |N| Application AddAocItem: Found AddOnContent with TitleId 0100B04011743069 @ 'C:\Users\[redacted]\Downloads\Monster Hunter Rise [NSP]\264 DLC\Monster Hunter Rise [DLC Special Stickers 5 sticker set] [0100B04011743069][v0].nsp'
00:00:02.366 |N| Application AddAocItem: Found AddOnContent with TitleId 0100B0401174306A @ 'C:\Users\[redacted]\Downloads\Monster Hunter Rise [NSP]\264 DLC\Monster Hunter Rise [DLC Special Stickers 6 sticker set] [0100B0401174306A][v0].nsp'
00:00:02.366 |N| Application AddAocItem: Found AddOnContent with TitleId 0100B04011743078 @ 'C:\Users\[redacted]\Downloads\Monster Hunter Rise [NSP]\264 DLC\Monster Hunter Rise [DLC Special Stickers 7 Sticker Set] [0100B04011743078][v0].nsp'
00:00:02.366 |N| Application AddAocItem: Found AddOnContent with TitleId 0100B04011743083 @ 'C:\Users\[redacted]\Downloads\Monster Hunter Rise [NSP]\264 DLC\Monster Hunter Rise [DLC Special Stickers 8 Sticker Set] [0100B04011743083][v0].nsp'
00:00:02.366 |N| Application AddAocItem: Found AddOnContent with TitleId 0100B0401174309E @ 'C:\Users\[redacted]\Downloads\Monster Hunter Rise [NSP]\264 DLC\Monster Hunter Rise [DLC Special Stickers 9 Sticker Set] [0100B0401174309E][v0].nsp'
00:00:02.367 |N| Application AddAocItem: Found AddOnContent with TitleId 0100B0401174303E @ 'C:\Users\[redacted]\Downloads\Monster Hunter Rise [NSP]\264 DLC\Monster Hunter Rise [DLC Spiked Collar Palamute Layered Armor] [0100B0401174303E][v0].nsp'
00:00:02.367 |N| Application AddAocItem: Found AddOnContent with TitleId 0100B0401174303A @ 'C:\Users\[redacted]\Downloads\Monster Hunter Rise [NSP]\264 DLC\Monster Hunter Rise [DLC Spiked Collar Palico Layered Armor] [0100B0401174303A][v0].nsp'
00:00:02.367 |N| Application AddAocItem: Found AddOnContent with TitleId 0100B04011743073 @ 'C:\Users\[redacted]\Downloads\Monster Hunter Rise [NSP]\264 DLC\Monster Hunter Rise [DLC Spiribird Earrings Hunter Layered Armor Piece] [0100B04011743073][v0].nsp'
00:00:02.367 |N| Application AddAocItem: Found AddOnContent with TitleId 0100B040117430BD @ 'C:\Users\[redacted]\Downloads\Monster Hunter Rise [NSP]\264 DLC\Monster Hunter Rise [DLC Spiribird Edge Hairstyle] [0100B040117430BD][v0].nsp'
00:00:02.367 |N| Application AddAocItem: Found AddOnContent with TitleId 0100B04011743013 @ 'C:\Users\[redacted]\Downloads\Monster Hunter Rise [NSP]\264 DLC\Monster Hunter Rise [DLC Spread Wings makeup] [0100B04011743013][v0].nsp'
00:00:02.368 |N| Application AddAocItem: Found AddOnContent with TitleId 0100B0401174312B @ 'C:\Users\[redacted]\Downloads\Monster Hunter Rise [NSP]\264 DLC\Monster Hunter Rise [DLC Stage & Title Music Chill Version BGM] [0100B0401174312B][v0].nsp'
00:00:02.368 |N| Application AddAocItem: Found AddOnContent with TitleId 0100B0401174304C @ 'C:\Users\[redacted]\Downloads\Monster Hunter Rise [NSP]\264 DLC\Monster Hunter Rise [DLC Stitches Face Paint] [0100B0401174304C][v0].nsp'
00:00:02.368 |N| Application AddAocItem: Found AddOnContent with TitleId 0100B04011743105 @ 'C:\Users\[redacted]\Downloads\Monster Hunter Rise [NSP]\264 DLC\Monster Hunter Rise [DLC Stuffed Diablos Hunter layered weapon Hammer] [0100B04011743105][v0].nsp'
00:00:02.369 |N| Application AddAocItem: Found AddOnContent with TitleId 0100B04011743109 @ 'C:\Users\[redacted]\Downloads\Monster Hunter Rise [NSP]\264 DLC\Monster Hunter Rise [DLC Stuffed Garangolm Hunter layered weapon Charge Blade] [0100B04011743109][v0].nsp'
00:00:02.369 |N| Application AddAocItem: Found AddOnContent with TitleId 0100B04011743104 @ 'C:\Users\[redacted]\Downloads\Monster Hunter Rise [NSP]\264 DLC\Monster Hunter Rise [DLC Stuffed Goss Harag Hunter layered weapon Dual Blades] [0100B04011743104][v0].nsp'
00:00:02.369 |N| Application AddAocItem: Found AddOnContent with TitleId 0100B0401174310C @ 'C:\Users\[redacted]\Downloads\Monster Hunter Rise [NSP]\264 DLC\Monster Hunter Rise [DLC Stuffed Khezu Hunter layered weapon Light Bowgun] [0100B0401174310C][v0].nsp'
00:00:02.369 |N| Application AddAocItem: Found AddOnContent with TitleId 0100B0401174310A @ 'C:\Users\[redacted]\Downloads\Monster Hunter Rise [NSP]\264 DLC\Monster Hunter Rise [DLC Stuffed Lunagaron Hunter layered weapon Switch Axe] [0100B0401174310A][v0].nsp'
00:00:02.369 |N| Application AddAocItem: Found AddOnContent with TitleId 0100B04011743108 @ 'C:\Users\[redacted]\Downloads\Monster Hunter Rise [NSP]\264 DLC\Monster Hunter Rise [DLC Stuffed Magnamalo Hunter layered weapon Gunlance] [0100B04011743108][v0].nsp'
00:00:02.370 |N| Application AddAocItem: Found AddOnContent with TitleId 0100B04011743107 @ 'C:\Users\[redacted]\Downloads\Monster Hunter Rise [NSP]\264 DLC\Monster Hunter Rise [DLC Stuffed Malzeno Hunter layered weapon Lance] [0100B04011743107][v0].nsp'
00:00:02.370 |N| Application AddAocItem: Found AddOnContent with TitleId 0100B0401174310D @ 'C:\Users\[redacted]\Downloads\Monster Hunter Rise [NSP]\264 DLC\Monster Hunter Rise [DLC Stuffed Mizutsune Hunter layered weapon Heavy Bowgun] [0100B0401174310D][v0].nsp'
00:00:02.370 |N| Application AddAocItem: Found AddOnContent with TitleId 0100B04011743102 @ 'C:\Users\[redacted]\Downloads\Monster Hunter Rise [NSP]\264 DLC\Monster Hunter Rise [DLC Stuffed Nargacuga Hunter layered weapon Long Sword] [0100B04011743102][v0].nsp'
00:00:02.370 |N| Application AddAocItem: Found AddOnContent with TitleId 0100B0401174310E @ 'C:\Users\[redacted]\Downloads\Monster Hunter Rise [NSP]\264 DLC\Monster Hunter Rise [DLC Stuffed Rajang Hunter layered weapon Bow] [0100B0401174310E][v0].nsp'
00:00:02.371 |N| Application AddAocItem: Found AddOnContent with TitleId 0100B0401174310B @ 'C:\Users\[redacted]\Downloads\Monster Hunter Rise [NSP]\264 DLC\Monster Hunter Rise [DLC Stuffed Rakna-Kadaki Hunter layered weapon Insect Glaive] [0100B0401174310B][v0].nsp'
00:00:02.371 |N| Application AddAocItem: Found AddOnContent with TitleId 0100B04011743101 @ 'C:\Users\[redacted]\Downloads\Monster Hunter Rise [NSP]\264 DLC\Monster Hunter Rise [DLC Stuffed Rathalos Hunter layered weapon Great Sword] [0100B04011743101][v0].nsp'
00:00:02.371 |N| Application AddAocItem: Found AddOnContent with TitleId 0100B04011743106 @ 'C:\Users\[redacted]\Downloads\Monster Hunter Rise [NSP]\264 DLC\Monster Hunter Rise [DLC Stuffed Tigrex Hunter layered weapon Hunting Horn] [0100B04011743106][v0].nsp'
00:00:02.371 |N| Application AddAocItem: Found AddOnContent with TitleId 0100B04011743103 @ 'C:\Users\[redacted]\Downloads\Monster Hunter Rise [NSP]\264 DLC\Monster Hunter Rise [DLC Stuffed Zinogre Hunter layered weapon Sword and Shield] [0100B04011743103][v0].nsp'
00:00:02.371 |N| Application AddAocItem: Found AddOnContent with TitleId 0100B040117430C4 @ 'C:\Users\[redacted]\Downloads\Monster Hunter Rise [NSP]\264 DLC\Monster Hunter Rise [DLC Summer Belt Hunter Layered Armor Piece] [0100B040117430C4][v0].nsp'
00:00:02.372 |N| Application AddAocItem: Found AddOnContent with TitleId 0100B040117430C3 @ 'C:\Users\[redacted]\Downloads\Monster Hunter Rise [NSP]\264 DLC\Monster Hunter Rise [DLC Summer Bracelets Hunter Layered Armor Piece] [0100B040117430C3][v0].nsp'
00:00:02.372 |N| Application AddAocItem: Found AddOnContent with TitleId 0100B040117430C1 @ 'C:\Users\[redacted]\Downloads\Monster Hunter Rise [NSP]\264 DLC\Monster Hunter Rise [DLC Summer Hat Hunter Layered Armor Piece] [0100B040117430C1][v0].nsp'
00:00:02.372 |N| Application AddAocItem: Found AddOnContent with TitleId 0100B040117430C5 @ 'C:\Users\[redacted]\Downloads\Monster Hunter Rise [NSP]\264 DLC\Monster Hunter Rise [DLC Summer Pants Hunter Layered Armor Piece] [0100B040117430C5][v0].nsp'
00:00:02.372 |N| Application AddAocItem: Found AddOnContent with TitleId 0100B040117430C2 @ 'C:\Users\[redacted]\Downloads\Monster Hunter Rise [NSP]\264 DLC\Monster Hunter Rise [DLC Summer Top Hunter Layered Armor Piece] [0100B040117430C2][v0].nsp'
00:00:02.372 |N| Application AddAocItem: Found AddOnContent with TitleId 0100B0401174305F @ 'C:\Users\[redacted]\Downloads\Monster Hunter Rise [NSP]\264 DLC\Monster Hunter Rise [DLC Summery Sailor Cohoot Outfit] [0100B0401174305F][v0].nsp'
00:00:02.373 |N| Application AddAocItem: Found AddOnContent with TitleId 0100B04011743091 @ 'C:\Users\[redacted]\Downloads\Monster Hunter Rise [NSP]\264 DLC\Monster Hunter Rise [DLC Sunbreak Bonus Add-On Content] [0100B04011743091][v0].nsp'
00:00:02.373 |N| Application AddAocItem: Found AddOnContent with TitleId 0100B04011743092 @ 'C:\Users\[redacted]\Downloads\Monster Hunter Rise [NSP]\264 DLC\Monster Hunter Rise [DLC Sunbreak Bonus Add-On Content] [0100B04011743092][v0].nsp'
00:00:02.373 |N| Application AddAocItem: Found AddOnContent with TitleId 0100B0401174308A @ 'C:\Users\[redacted]\Downloads\Monster Hunter Rise [NSP]\264 DLC\Monster Hunter Rise [DLC Sunbreak Deluxe Kit] [0100B0401174308A][v0].nsp'
00:00:02.373 |N| Application AddAocItem: Found AddOnContent with TitleId 0100B0401174308B @ 'C:\Users\[redacted]\Downloads\Monster Hunter Rise [NSP]\264 DLC\Monster Hunter Rise [DLC Sunbreak Deluxe Kit] [0100B0401174308B][v0].nsp'
00:00:02.374 |N| Application AddAocItem: Found AddOnContent with TitleId 0100B0401174308C @ 'C:\Users\[redacted]\Downloads\Monster Hunter Rise [NSP]\264 DLC\Monster Hunter Rise [DLC Sunbreak Deluxe Kit] [0100B0401174308C][v0].nsp'
00:00:02.374 |N| Application AddAocItem: Found AddOnContent with TitleId 0100B0401174308D @ 'C:\Users\[redacted]\Downloads\Monster Hunter Rise [NSP]\264 DLC\Monster Hunter Rise [DLC Sunbreak Deluxe Kit] [0100B0401174308D][v0].nsp'
00:00:02.374 |N| Application AddAocItem: Found AddOnContent with TitleId 0100B0401174308E @ 'C:\Users\[redacted]\Downloads\Monster Hunter Rise [NSP]\264 DLC\Monster Hunter Rise [DLC Sunbreak Deluxe Kit] [0100B0401174308E][v0].nsp'
00:00:02.374 |N| Application AddAocItem: Found AddOnContent with TitleId 0100B0401174308F @ 'C:\Users\[redacted]\Downloads\Monster Hunter Rise [NSP]\264 DLC\Monster Hunter Rise [DLC Sunbreak Deluxe Kit] [0100B0401174308F][v0].nsp'
00:00:02.374 |N| Application AddAocItem: Found AddOnContent with TitleId 0100B04011743090 @ 'C:\Users\[redacted]\Downloads\Monster Hunter Rise [NSP]\264 DLC\Monster Hunter Rise [DLC Sunbreak Deluxe Kit] [0100B04011743090][v0].nsp'
00:00:02.375 |N| Application AddAocItem: Found AddOnContent with TitleId 0100B04011743089 @ 'C:\Users\[redacted]\Downloads\Monster Hunter Rise [NSP]\264 DLC\Monster Hunter Rise [DLC Sunbreak] [0100B04011743089][v0].nsp'
00:00:02.375 |N| Application AddAocItem: Found AddOnContent with TitleId 0100B04011743043 @ 'C:\Users\[redacted]\Downloads\Monster Hunter Rise [NSP]\264 DLC\Monster Hunter Rise [DLC Swallow Boots Hunter Layered Armor Piece] [0100B04011743043][v0].nsp'
00:00:02.375 |N| Application AddAocItem: Found AddOnContent with TitleId 0100B04011743042 @ 'C:\Users\[redacted]\Downloads\Monster Hunter Rise [NSP]\264 DLC\Monster Hunter Rise [DLC Swallow Gloves Hunter Layered Armor Piece] [0100B04011743042][v0].nsp'
00:00:02.375 |N| Application AddAocItem: Found AddOnContent with TitleId 0100B04011743041 @ 'C:\Users\[redacted]\Downloads\Monster Hunter Rise [NSP]\264 DLC\Monster Hunter Rise [DLC Swallow Shirt Hunter Layered Armor Piece] [0100B04011743041][v0].nsp'
00:00:02.375 |N| Application AddAocItem: Found AddOnContent with TitleId 0100B04011743032 @ 'C:\Users\[redacted]\Downloads\Monster Hunter Rise [NSP]\264 DLC\Monster Hunter Rise [DLC Tear Face Paint] [0100B04011743032][v0].nsp'
00:00:02.376 |N| Application AddAocItem: Found AddOnContent with TitleId 0100B04011743027 @ 'C:\Users\[redacted]\Downloads\Monster Hunter Rise [NSP]\264 DLC\Monster Hunter Rise [DLC Theater Wig Hunter layered armor piece] [0100B04011743027][v0].nsp'
00:00:02.376 |N| Application AddAocItem: Found AddOnContent with TitleId 0100B0401174305D @ 'C:\Users\[redacted]\Downloads\Monster Hunter Rise [NSP]\264 DLC\Monster Hunter Rise [DLC Third Eye Face Paint] [0100B0401174305D][v0].nsp'
00:00:02.376 |N| Application AddAocItem: Found AddOnContent with TitleId 0100B040117430A1 @ 'C:\Users\[redacted]\Downloads\Monster Hunter Rise [NSP]\264 DLC\Monster Hunter Rise [DLC Three Character Edit Vouchers Batch 2] [0100B040117430A1][v0].nsp'
00:00:02.376 |N| Application AddAocItem: Found AddOnContent with TitleId 0100B0401174302A @ 'C:\Users\[redacted]\Downloads\Monster Hunter Rise [NSP]\264 DLC\Monster Hunter Rise [DLC Three Character Edit Vouchers] [0100B0401174302A][v0].nsp'
00:00:02.376 |N| Application AddAocItem: Found AddOnContent with TitleId 0100B04011743086 @ 'C:\Users\[redacted]\Downloads\Monster Hunter Rise [NSP]\264 DLC\Monster Hunter Rise [DLC Topknot Soul Hairstyle] [0100B04011743086][v0].nsp'
00:00:02.377 |N| Application AddAocItem: Found AddOnContent with TitleId 0100B04011743063 @ 'C:\Users\[redacted]\Downloads\Monster Hunter Rise [NSP]\264 DLC\Monster Hunter Rise [DLC Traditional Dance Gesture Set] [0100B04011743063][v0].nsp'
00:00:02.377 |N| Application AddAocItem: Found AddOnContent with TitleId 0100B0401174302F @ 'C:\Users\[redacted]\Downloads\Monster Hunter Rise [NSP]\264 DLC\Monster Hunter Rise [DLC Twin Ponytails Hairstyle] [0100B0401174302F][v0].nsp'
00:00:02.377 |N| Application AddAocItem: Found AddOnContent with TitleId 0100B040117430A0 @ 'C:\Users\[redacted]\Downloads\Monster Hunter Rise [NSP]\264 DLC\Monster Hunter Rise [DLC Two Character Edit Vouchers Batch 2] [0100B040117430A0][v0].nsp'
00:00:02.377 |N| Application AddAocItem: Found AddOnContent with TitleId 0100B04011743029 @ 'C:\Users\[redacted]\Downloads\Monster Hunter Rise [NSP]\264 DLC\Monster Hunter Rise [DLC Two Character Edit Vouchers] [0100B04011743029][v0].nsp'
00:00:02.378 |N| Application AddAocItem: Found AddOnContent with TitleId 0100B040117430D0 @ 'C:\Users\[redacted]\Downloads\Monster Hunter Rise [NSP]\264 DLC\Monster Hunter Rise [DLC Unique Pose Set] [0100B040117430D0][v0].nsp'
00:00:02.378 |N| Application AddAocItem: Found AddOnContent with TitleId 0100B0401174304E @ 'C:\Users\[redacted]\Downloads\Monster Hunter Rise [NSP]\264 DLC\Monster Hunter Rise [DLC Using The Wall Pose Set] [0100B0401174304E][v0].nsp'
00:00:02.378 |N| Application AddAocItem: Found AddOnContent with TitleId 0100B0401174306C @ 'C:\Users\[redacted]\Downloads\Monster Hunter Rise [NSP]\264 DLC\Monster Hunter Rise [DLC Utsushi Cut hairstyle] [0100B0401174306C][v0].nsp'
00:00:02.378 |N| Application AddAocItem: Found AddOnContent with TitleId 0100B040117430CD @ 'C:\Users\[redacted]\Downloads\Monster Hunter Rise [NSP]\264 DLC\Monster Hunter Rise [DLC Utsushi Hunter Layered Armor Set] [0100B040117430CD][v0].nsp'
00:00:02.378 |N| Application AddAocItem: Found AddOnContent with TitleId 0100B0401174311A @ 'C:\Users\[redacted]\Downloads\Monster Hunter Rise [NSP]\264 DLC\Monster Hunter Rise [DLC Velkhana Costume Palamute Layered Armor Set] [0100B0401174311A][v0].nsp'
00:00:02.379 |N| Application AddAocItem: Found AddOnContent with TitleId 0100B040117430D4 @ 'C:\Users\[redacted]\Downloads\Monster Hunter Rise [NSP]\264 DLC\Monster Hunter Rise [DLC Wide Eyeline Makeup] [0100B040117430D4][v0].nsp'
00:00:02.379 |N| Application AddAocItem: Found AddOnContent with TitleId 0100B040117430EF @ 'C:\Users\[redacted]\Downloads\Monster Hunter Rise [NSP]\264 DLC\Monster Hunter Rise [DLC Wild and Elegant gesture set] [0100B040117430EF][v0].nsp'
00:00:02.379 |N| Application AddAocItem: Found AddOnContent with TitleId 0100B04011743126 @ 'C:\Users\[redacted]\Downloads\Monster Hunter Rise [NSP]\264 DLC\Monster Hunter Rise [DLC Wild Arms Hunter layered armor piece] [0100B04011743126][v0].nsp'
00:00:02.379 |N| Application AddAocItem: Found AddOnContent with TitleId 0100B04011743125 @ 'C:\Users\[redacted]\Downloads\Monster Hunter Rise [NSP]\264 DLC\Monster Hunter Rise [DLC Wild Body Hunter layered armor piece] [0100B04011743125][v0].nsp'
00:00:02.379 |N| Application AddAocItem: Found AddOnContent with TitleId 0100B04011743128 @ 'C:\Users\[redacted]\Downloads\Monster Hunter Rise [NSP]\264 DLC\Monster Hunter Rise [DLC Wild Legs Hunter layered armor piece] [0100B04011743128][v0].nsp'
00:00:02.380 |N| Application AddAocItem: Found AddOnContent with TitleId 0100B0401174309A @ 'C:\Users\[redacted]\Downloads\Monster Hunter Rise [NSP]\264 DLC\Monster Hunter Rise [DLC Wild Pompadour Hairstyle] [0100B0401174309A][v0].nsp'
00:00:02.380 |N| Application AddAocItem: Found AddOnContent with TitleId 0100B04011743127 @ 'C:\Users\[redacted]\Downloads\Monster Hunter Rise [NSP]\264 DLC\Monster Hunter Rise [DLC Wild Waist Hunter layered armor piece] [0100B04011743127][v0].nsp'
00:00:02.380 |N| Application AddAocItem: Found AddOnContent with TitleId 0100B0401174301B @ 'C:\Users\[redacted]\Downloads\Monster Hunter Rise [NSP]\264 DLC\Monster Hunter Rise [DLC Wind-up Cohoot Cohoot outfit] [0100B0401174301B][v0].nsp'
00:00:02.380 |N| Application AddAocItem: Found AddOnContent with TitleId 0100B04011743074 @ 'C:\Users\[redacted]\Downloads\Monster Hunter Rise [NSP]\264 DLC\Monster Hunter Rise [DLC Woofpurr Earrings Hunter Layered Armor Piece] [0100B04011743074][v0].nsp'
00:00:02.381 |N| Application AddAocItem: Found AddOnContent with TitleId 0100B04011743025 @ 'C:\Users\[redacted]\Downloads\Monster Hunter Rise [NSP]\264 DLC\Monster Hunter Rise [DLC Wyverian Earrings Hunter layered armor piece] [0100B04011743025][v0].nsp'
00:00:02.493 |I| ModLoader QueryContentsDir: Searching mods for Application 0100B04011742000 in "C:\Users\[redacted]\Downloads\MHRise-NPLN-Lab-v0.3-ready\MHRise-NPLN-Lab-v0.3-ready\lab-runtime\mods\contents"
00:00:02.494 |I| ModLoader QueryContentsDir: Searching mods for DLC 0100B0401174300C in "C:\Users\[redacted]\Downloads\MHRise-NPLN-Lab-v0.3-ready\MHRise-NPLN-Lab-v0.3-ready\lab-runtime\mods\contents"
00:00:02.494 |I| ModLoader QueryContentsDir: Searching mods for DLC 0100B0401174300D in "C:\Users\[redacted]\Downloads\MHRise-NPLN-Lab-v0.3-ready\MHRise-NPLN-Lab-v0.3-ready\lab-runtime\mods\contents"
00:00:02.494 |I| ModLoader QueryContentsDir: Searching mods for DLC 0100B0401174300E in "C:\Users\[redacted]\Downloads\MHRise-NPLN-Lab-v0.3-ready\MHRise-NPLN-Lab-v0.3-ready\lab-runtime\mods\contents"
00:00:02.494 |I| ModLoader QueryContentsDir: Searching mods for DLC 0100B0401174300F in "C:\Users\[redacted]\Downloads\MHRise-NPLN-Lab-v0.3-ready\MHRise-NPLN-Lab-v0.3-ready\lab-runtime\mods\contents"
00:00:02.494 |I| ModLoader QueryContentsDir: Searching mods for DLC 0100B04011743010 in "C:\Users\[redacted]\Downloads\MHRise-NPLN-Lab-v0.3-ready\MHRise-NPLN-Lab-v0.3-ready\lab-runtime\mods\contents"
00:00:02.494 |I| ModLoader QueryContentsDir: Searching mods for DLC 0100B04011743011 in "C:\Users\[redacted]\Downloads\MHRise-NPLN-Lab-v0.3-ready\MHRise-NPLN-Lab-v0.3-ready\lab-runtime\mods\contents"
00:00:02.494 |I| ModLoader QueryContentsDir: Searching mods for DLC 0100B04011743012 in "C:\Users\[redacted]\Downloads\MHRise-NPLN-Lab-v0.3-ready\MHRise-NPLN-Lab-v0.3-ready\lab-runtime\mods\contents"
00:00:02.494 |I| ModLoader QueryContentsDir: Searching mods for DLC 0100B04011743013 in "C:\Users\[redacted]\Downloads\MHRise-NPLN-Lab-v0.3-ready\MHRise-NPLN-Lab-v0.3-ready\lab-runtime\mods\contents"
00:00:02.495 |I| ModLoader QueryContentsDir: Searching mods for DLC 0100B04011743014 in "C:\Users\[redacted]\Downloads\MHRise-NPLN-Lab-v0.3-ready\MHRise-NPLN-Lab-v0.3-ready\lab-runtime\mods\contents"
00:00:02.495 |I| ModLoader QueryContentsDir: Searching mods for DLC 0100B04011743015 in "C:\Users\[redacted]\Downloads\MHRise-NPLN-Lab-v0.3-ready\MHRise-NPLN-Lab-v0.3-ready\lab-runtime\mods\contents"
00:00:02.495 |I| ModLoader QueryContentsDir: Searching mods for DLC 0100B04011743016 in "C:\Users\[redacted]\Downloads\MHRise-NPLN-Lab-v0.3-ready\MHRise-NPLN-Lab-v0.3-ready\lab-runtime\mods\contents"
00:00:02.495 |I| ModLoader QueryContentsDir: Searching mods for DLC 0100B04011743017 in "C:\Users\[redacted]\Downloads\MHRise-NPLN-Lab-v0.3-ready\MHRise-NPLN-Lab-v0.3-ready\lab-runtime\mods\contents"
00:00:02.495 |I| ModLoader QueryContentsDir: Searching mods for DLC 0100B04011743018 in "C:\Users\[redacted]\Downloads\MHRise-NPLN-Lab-v0.3-ready\MHRise-NPLN-Lab-v0.3-ready\lab-runtime\mods\contents"
00:00:02.495 |I| ModLoader QueryContentsDir: Searching mods for DLC 0100B04011743019 in "C:\Users\[redacted]\Downloads\MHRise-NPLN-Lab-v0.3-ready\MHRise-NPLN-Lab-v0.3-ready\lab-runtime\mods\contents"
00:00:02.495 |I| ModLoader QueryContentsDir: Searching mods for DLC 0100B0401174301A in "C:\Users\[redacted]\Downloads\MHRise-NPLN-Lab-v0.3-ready\MHRise-NPLN-Lab-v0.3-ready\lab-runtime\mods\contents"
00:00:02.495 |I| ModLoader QueryContentsDir: Searching mods for DLC 0100B0401174301B in "C:\Users\[redacted]\Downloads\MHRise-NPLN-Lab-v0.3-ready\MHRise-NPLN-Lab-v0.3-ready\lab-runtime\mods\contents"
00:00:02.495 |I| ModLoader QueryContentsDir: Searching mods for DLC 0100B0401174301C in "C:\Users\[redacted]\Downloads\MHRise-NPLN-Lab-v0.3-ready\MHRise-NPLN-Lab-v0.3-ready\lab-runtime\mods\contents"
00:00:02.495 |I| ModLoader QueryContentsDir: Searching mods for DLC 0100B0401174301D in "C:\Users\[redacted]\Downloads\MHRise-NPLN-Lab-v0.3-ready\MHRise-NPLN-Lab-v0.3-ready\lab-runtime\mods\contents"
00:00:02.495 |I| ModLoader QueryContentsDir: Searching mods for DLC 0100B0401174301E in "C:\Users\[redacted]\Downloads\MHRise-NPLN-Lab-v0.3-ready\MHRise-NPLN-Lab-v0.3-ready\lab-runtime\mods\contents"
00:00:02.495 |I| ModLoader QueryContentsDir: Searching mods for DLC 0100B0401174301F in "C:\Users\[redacted]\Downloads\MHRise-NPLN-Lab-v0.3-ready\MHRise-NPLN-Lab-v0.3-ready\lab-runtime\mods\contents"
00:00:02.496 |I| ModLoader QueryContentsDir: Searching mods for DLC 0100B04011743020 in "C:\Users\[redacted]\Downloads\MHRise-NPLN-Lab-v0.3-ready\MHRise-NPLN-Lab-v0.3-ready\lab-runtime\mods\contents"
00:00:02.496 |I| ModLoader QueryContentsDir: Searching mods for DLC 0100B04011743021 in "C:\Users\[redacted]\Downloads\MHRise-NPLN-Lab-v0.3-ready\MHRise-NPLN-Lab-v0.3-ready\lab-runtime\mods\contents"
00:00:02.496 |I| ModLoader QueryContentsDir: Searching mods for DLC 0100B04011743022 in "C:\Users\[redacted]\Downloads\MHRise-NPLN-Lab-v0.3-ready\MHRise-NPLN-Lab-v0.3-ready\lab-runtime\mods\contents"
00:00:02.496 |I| ModLoader QueryContentsDir: Searching mods for DLC 0100B04011743023 in "C:\Users\[redacted]\Downloads\MHRise-NPLN-Lab-v0.3-ready\MHRise-NPLN-Lab-v0.3-ready\lab-runtime\mods\contents"
00:00:02.496 |I| ModLoader QueryContentsDir: Searching mods for DLC 0100B04011743024 in "C:\Users\[redacted]\Downloads\MHRise-NPLN-Lab-v0.3-ready\MHRise-NPLN-Lab-v0.3-ready\lab-runtime\mods\contents"
00:00:02.496 |I| ModLoader QueryContentsDir: Searching mods for DLC 0100B04011743025 in "C:\Users\[redacted]\Downloads\MHRise-NPLN-Lab-v0.3-ready\MHRise-NPLN-Lab-v0.3-ready\lab-runtime\mods\contents"
00:00:02.496 |I| ModLoader QueryContentsDir: Searching mods for DLC 0100B04011743026 in "C:\Users\[redacted]\Downloads\MHRise-NPLN-Lab-v0.3-ready\MHRise-NPLN-Lab-v0.3-ready\lab-runtime\mods\contents"
00:00:02.496 |I| ModLoader QueryContentsDir: Searching mods for DLC 0100B04011743027 in "C:\Users\[redacted]\Downloads\MHRise-NPLN-Lab-v0.3-ready\MHRise-NPLN-Lab-v0.3-ready\lab-runtime\mods\contents"
00:00:02.496 |I| ModLoader QueryContentsDir: Searching mods for DLC 0100B04011743028 in "C:\Users\[redacted]\Downloads\MHRise-NPLN-Lab-v0.3-ready\MHRise-NPLN-Lab-v0.3-ready\lab-runtime\mods\contents"
00:00:02.496 |I| ModLoader QueryContentsDir: Searching mods for DLC 0100B04011743029 in "C:\Users\[redacted]\Downloads\MHRise-NPLN-Lab-v0.3-ready\MHRise-NPLN-Lab-v0.3-ready\lab-runtime\mods\contents"
00:00:02.496 |I| ModLoader QueryContentsDir: Searching mods for DLC 0100B0401174302A in "C:\Users\[redacted]\Downloads\MHRise-NPLN-Lab-v0.3-ready\MHRise-NPLN-Lab-v0.3-ready\lab-runtime\mods\contents"
00:00:02.496 |I| ModLoader QueryContentsDir: Searching mods for DLC 0100B0401174302B in "C:\Users\[redacted]\Downloads\MHRise-NPLN-Lab-v0.3-ready\MHRise-NPLN-Lab-v0.3-ready\lab-runtime\mods\contents"
00:00:02.497 |I| ModLoader QueryContentsDir: Searching mods for DLC 0100B0401174302C in "C:\Users\[redacted]\Downloads\MHRise-NPLN-Lab-v0.3-ready\MHRise-NPLN-Lab-v0.3-ready\lab-runtime\mods\contents"
00:00:02.497 |I| ModLoader QueryContentsDir: Searching mods for DLC 0100B0401174302D in "C:\Users\[redacted]\Downloads\MHRise-NPLN-Lab-v0.3-ready\MHRise-NPLN-Lab-v0.3-ready\lab-runtime\mods\contents"
00:00:02.497 |I| ModLoader QueryContentsDir: Searching mods for DLC 0100B0401174302E in "C:\Users\[redacted]\Downloads\MHRise-NPLN-Lab-v0.3-ready\MHRise-NPLN-Lab-v0.3-ready\lab-runtime\mods\contents"
00:00:02.497 |I| ModLoader QueryContentsDir: Searching mods for DLC 0100B0401174302F in "C:\Users\[redacted]\Downloads\MHRise-NPLN-Lab-v0.3-ready\MHRise-NPLN-Lab-v0.3-ready\lab-runtime\mods\contents"
00:00:02.497 |I| ModLoader QueryContentsDir: Searching mods for DLC 0100B04011743030 in "C:\Users\[redacted]\Downloads\MHRise-NPLN-Lab-v0.3-ready\MHRise-NPLN-Lab-v0.3-ready\lab-runtime\mods\contents"
00:00:02.497 |I| ModLoader QueryContentsDir: Searching mods for DLC 0100B04011743031 in "C:\Users\[redacted]\Downloads\MHRise-NPLN-Lab-v0.3-ready\MHRise-NPLN-Lab-v0.3-ready\lab-runtime\mods\contents"
00:00:02.497 |I| ModLoader QueryContentsDir: Searching mods for DLC 0100B04011743032 in "C:\Users\[redacted]\Downloads\MHRise-NPLN-Lab-v0.3-ready\MHRise-NPLN-Lab-v0.3-ready\lab-runtime\mods\contents"
00:00:02.497 |I| ModLoader QueryContentsDir: Searching mods for DLC 0100B04011743033 in "C:\Users\[redacted]\Downloads\MHRise-NPLN-Lab-v0.3-ready\MHRise-NPLN-Lab-v0.3-ready\lab-runtime\mods\contents"
00:00:02.497 |I| ModLoader QueryContentsDir: Searching mods for DLC 0100B04011743034 in "C:\Users\[redacted]\Downloads\MHRise-NPLN-Lab-v0.3-ready\MHRise-NPLN-Lab-v0.3-ready\lab-runtime\mods\contents"
00:00:02.498 |I| ModLoader QueryContentsDir: Searching mods for DLC 0100B04011743035 in "C:\Users\[redacted]\Downloads\MHRise-NPLN-Lab-v0.3-ready\MHRise-NPLN-Lab-v0.3-ready\lab-runtime\mods\contents"
00:00:02.498 |I| ModLoader QueryContentsDir: Searching mods for DLC 0100B04011743036 in "C:\Users\[redacted]\Downloads\MHRise-NPLN-Lab-v0.3-ready\MHRise-NPLN-Lab-v0.3-ready\lab-runtime\mods\contents"
00:00:02.498 |I| ModLoader QueryContentsDir: Searching mods for DLC 0100B04011743037 in "C:\Users\[redacted]\Downloads\MHRise-NPLN-Lab-v0.3-ready\MHRise-NPLN-Lab-v0.3-ready\lab-runtime\mods\contents"
00:00:02.498 |I| ModLoader QueryContentsDir: Searching mods for DLC 0100B04011743038 in "C:\Users\[redacted]\Downloads\MHRise-NPLN-Lab-v0.3-ready\MHRise-NPLN-Lab-v0.3-ready\lab-runtime\mods\contents"
00:00:02.498 |I| ModLoader QueryContentsDir: Searching mods for DLC 0100B04011743039 in "C:\Users\[redacted]\Downloads\MHRise-NPLN-Lab-v0.3-ready\MHRise-NPLN-Lab-v0.3-ready\lab-runtime\mods\contents"
00:00:02.498 |I| ModLoader QueryContentsDir: Searching mods for DLC 0100B0401174303A in "C:\Users\[redacted]\Downloads\MHRise-NPLN-Lab-v0.3-ready\MHRise-NPLN-Lab-v0.3-ready\lab-runtime\mods\contents"
00:00:02.498 |I| ModLoader QueryContentsDir: Searching mods for DLC 0100B0401174303B in "C:\Users\[redacted]\Downloads\MHRise-NPLN-Lab-v0.3-ready\MHRise-NPLN-Lab-v0.3-ready\lab-runtime\mods\contents"
00:00:02.498 |I| ModLoader QueryContentsDir: Searching mods for DLC 0100B0401174303C in "C:\Users\[redacted]\Downloads\MHRise-NPLN-Lab-v0.3-ready\MHRise-NPLN-Lab-v0.3-ready\lab-runtime\mods\contents"
00:00:02.498 |I| ModLoader QueryContentsDir: Searching mods for DLC 0100B0401174303D in "C:\Users\[redacted]\Downloads\MHRise-NPLN-Lab-v0.3-ready\MHRise-NPLN-Lab-v0.3-ready\lab-runtime\mods\contents"
00:00:02.498 |I| ModLoader QueryContentsDir: Searching mods for DLC 0100B0401174303E in "C:\Users\[redacted]\Downloads\MHRise-NPLN-Lab-v0.3-ready\MHRise-NPLN-Lab-v0.3-ready\lab-runtime\mods\contents"
00:00:02.498 |I| ModLoader QueryContentsDir: Searching mods for DLC 0100B0401174303F in "C:\Users\[redacted]\Downloads\MHRise-NPLN-Lab-v0.3-ready\MHRise-NPLN-Lab-v0.3-ready\lab-runtime\mods\contents"
00:00:02.498 |I| ModLoader QueryContentsDir: Searching mods for DLC 0100B04011743040 in "C:\Users\[redacted]\Downloads\MHRise-NPLN-Lab-v0.3-ready\MHRise-NPLN-Lab-v0.3-ready\lab-runtime\mods\contents"
00:00:02.498 |I| ModLoader QueryContentsDir: Searching mods for DLC 0100B04011743041 in "C:\Users\[redacted]\Downloads\MHRise-NPLN-Lab-v0.3-ready\MHRise-NPLN-Lab-v0.3-ready\lab-runtime\mods\contents"
00:00:02.499 |I| ModLoader QueryContentsDir: Searching mods for DLC 0100B04011743042 in "C:\Users\[redacted]\Downloads\MHRise-NPLN-Lab-v0.3-ready\MHRise-NPLN-Lab-v0.3-ready\lab-runtime\mods\contents"
00:00:02.499 |I| ModLoader QueryContentsDir: Searching mods for DLC 0100B04011743043 in "C:\Users\[redacted]\Downloads\MHRise-NPLN-Lab-v0.3-ready\MHRise-NPLN-Lab-v0.3-ready\lab-runtime\mods\contents"
00:00:02.499 |I| ModLoader QueryContentsDir: Searching mods for DLC 0100B04011743044 in "C:\Users\[redacted]\Downloads\MHRise-NPLN-Lab-v0.3-ready\MHRise-NPLN-Lab-v0.3-ready\lab-runtime\mods\contents"
00:00:02.499 |I| ModLoader QueryContentsDir: Searching mods for DLC 0100B04011743045 in "C:\Users\[redacted]\Downloads\MHRise-NPLN-Lab-v0.3-ready\MHRise-NPLN-Lab-v0.3-ready\lab-runtime\mods\contents"
00:00:02.499 |I| ModLoader QueryContentsDir: Searching mods for DLC 0100B04011743046 in "C:\Users\[redacted]\Downloads\MHRise-NPLN-Lab-v0.3-ready\MHRise-NPLN-Lab-v0.3-ready\lab-runtime\mods\contents"
00:00:02.499 |I| ModLoader QueryContentsDir: Searching mods for DLC 0100B04011743047 in "C:\Users\[redacted]\Downloads\MHRise-NPLN-Lab-v0.3-ready\MHRise-NPLN-Lab-v0.3-ready\lab-runtime\mods\contents"
00:00:02.499 |I| ModLoader QueryContentsDir: Searching mods for DLC 0100B04011743048 in "C:\Users\[redacted]\Downloads\MHRise-NPLN-Lab-v0.3-ready\MHRise-NPLN-Lab-v0.3-ready\lab-runtime\mods\contents"
00:00:02.499 |I| ModLoader QueryContentsDir: Searching mods for DLC 0100B04011743049 in "C:\Users\[redacted]\Downloads\MHRise-NPLN-Lab-v0.3-ready\MHRise-NPLN-Lab-v0.3-ready\lab-runtime\mods\contents"
00:00:02.499 |I| ModLoader QueryContentsDir: Searching mods for DLC 0100B0401174304A in "C:\Users\[redacted]\Downloads\MHRise-NPLN-Lab-v0.3-ready\MHRise-NPLN-Lab-v0.3-ready\lab-runtime\mods\contents"
00:00:02.499 |I| ModLoader QueryContentsDir: Searching mods for DLC 0100B0401174304B in "C:\Users\[redacted]\Downloads\MHRise-NPLN-Lab-v0.3-ready\MHRise-NPLN-Lab-v0.3-ready\lab-runtime\mods\contents"
00:00:02.499 |I| ModLoader QueryContentsDir: Searching mods for DLC 0100B0401174304C in "C:\Users\[redacted]\Downloads\MHRise-NPLN-Lab-v0.3-ready\MHRise-NPLN-Lab-v0.3-ready\lab-runtime\mods\contents"
00:00:02.500 |I| ModLoader QueryContentsDir: Searching mods for DLC 0100B0401174304D in "C:\Users\[redacted]\Downloads\MHRise-NPLN-Lab-v0.3-ready\MHRise-NPLN-Lab-v0.3-ready\lab-runtime\mods\contents"
00:00:02.500 |I| ModLoader QueryContentsDir: Searching mods for DLC 0100B0401174304E in "C:\Users\[redacted]\Downloads\MHRise-NPLN-Lab-v0.3-ready\MHRise-NPLN-Lab-v0.3-ready\lab-runtime\mods\contents"
00:00:02.500 |I| ModLoader QueryContentsDir: Searching mods for DLC 0100B0401174304F in "C:\Users\[redacted]\Downloads\MHRise-NPLN-Lab-v0.3-ready\MHRise-NPLN-Lab-v0.3-ready\lab-runtime\mods\contents"
00:00:02.500 |I| ModLoader QueryContentsDir: Searching mods for DLC 0100B04011743050 in "C:\Users\[redacted]\Downloads\MHRise-NPLN-Lab-v0.3-ready\MHRise-NPLN-Lab-v0.3-ready\lab-runtime\mods\contents"
00:00:02.500 |I| ModLoader QueryContentsDir: Searching mods for DLC 0100B04011743051 in "C:\Users\[redacted]\Downloads\MHRise-NPLN-Lab-v0.3-ready\MHRise-NPLN-Lab-v0.3-ready\lab-runtime\mods\contents"
00:00:02.500 |I| ModLoader QueryContentsDir: Searching mods for DLC 0100B04011743052 in "C:\Users\[redacted]\Downloads\MHRise-NPLN-Lab-v0.3-ready\MHRise-NPLN-Lab-v0.3-ready\lab-runtime\mods\contents"
00:00:02.500 |I| ModLoader QueryContentsDir: Searching mods for DLC 0100B04011743053 in "C:\Users\[redacted]\Downloads\MHRise-NPLN-Lab-v0.3-ready\MHRise-NPLN-Lab-v0.3-ready\lab-runtime\mods\contents"
00:00:02.500 |I| ModLoader QueryContentsDir: Searching mods for DLC 0100B04011743054 in "C:\Users\[redacted]\Downloads\MHRise-NPLN-Lab-v0.3-ready\MHRise-NPLN-Lab-v0.3-ready\lab-runtime\mods\contents"
00:00:02.500 |I| ModLoader QueryContentsDir: Searching mods for DLC 0100B04011743055 in "C:\Users\[redacted]\Downloads\MHRise-NPLN-Lab-v0.3-ready\MHRise-NPLN-Lab-v0.3-ready\lab-runtime\mods\contents"
00:00:02.500 |I| ModLoader QueryContentsDir: Searching mods for DLC 0100B04011743056 in "C:\Users\[redacted]\Downloads\MHRise-NPLN-Lab-v0.3-ready\MHRise-NPLN-Lab-v0.3-ready\lab-runtime\mods\contents"
00:00:02.500 |I| ModLoader QueryContentsDir: Searching mods for DLC 0100B04011743057 in "C:\Users\[redacted]\Downloads\MHRise-NPLN-Lab-v0.3-ready\MHRise-NPLN-Lab-v0.3-ready\lab-runtime\mods\contents"
00:00:02.500 |I| ModLoader QueryContentsDir: Searching mods for DLC 0100B04011743058 in "C:\Users\[redacted]\Downloads\MHRise-NPLN-Lab-v0.3-ready\MHRise-NPLN-Lab-v0.3-ready\lab-runtime\mods\contents"
00:00:02.500 |I| ModLoader QueryContentsDir: Searching mods for DLC 0100B04011743059 in "C:\Users\[redacted]\Downloads\MHRise-NPLN-Lab-v0.3-ready\MHRise-NPLN-Lab-v0.3-ready\lab-runtime\mods\contents"
00:00:02.501 |I| ModLoader QueryContentsDir: Searching mods for DLC 0100B0401174305A in "C:\Users\[redacted]\Downloads\MHRise-NPLN-Lab-v0.3-ready\MHRise-NPLN-Lab-v0.3-ready\lab-runtime\mods\contents"
00:00:02.501 |I| ModLoader QueryContentsDir: Searching mods for DLC 0100B0401174305B in "C:\Users\[redacted]\Downloads\MHRise-NPLN-Lab-v0.3-ready\MHRise-NPLN-Lab-v0.3-ready\lab-runtime\mods\contents"
00:00:02.501 |I| ModLoader QueryContentsDir: Searching mods for DLC 0100B0401174305C in "C:\Users\[redacted]\Downloads\MHRise-NPLN-Lab-v0.3-ready\MHRise-NPLN-Lab-v0.3-ready\lab-runtime\mods\contents"
00:00:02.501 |I| ModLoader QueryContentsDir: Searching mods for DLC 0100B0401174305D in "C:\Users\[redacted]\Downloads\MHRise-NPLN-Lab-v0.3-ready\MHRise-NPLN-Lab-v0.3-ready\lab-runtime\mods\contents"
00:00:02.501 |I| ModLoader QueryContentsDir: Searching mods for DLC 0100B0401174305E in "C:\Users\[redacted]\Downloads\MHRise-NPLN-Lab-v0.3-ready\MHRise-NPLN-Lab-v0.3-ready\lab-runtime\mods\contents"
00:00:02.501 |I| ModLoader QueryContentsDir: Searching mods for DLC 0100B0401174305F in "C:\Users\[redacted]\Downloads\MHRise-NPLN-Lab-v0.3-ready\MHRise-NPLN-Lab-v0.3-ready\lab-runtime\mods\contents"
00:00:02.501 |I| ModLoader QueryContentsDir: Searching mods for DLC 0100B04011743060 in "C:\Users\[redacted]\Downloads\MHRise-NPLN-Lab-v0.3-ready\MHRise-NPLN-Lab-v0.3-ready\lab-runtime\mods\contents"
00:00:02.501 |I| ModLoader QueryContentsDir: Searching mods for DLC 0100B04011743061 in "C:\Users\[redacted]\Downloads\MHRise-NPLN-Lab-v0.3-ready\MHRise-NPLN-Lab-v0.3-ready\lab-runtime\mods\contents"
00:00:02.501 |I| ModLoader QueryContentsDir: Searching mods for DLC 0100B04011743062 in "C:\Users\[redacted]\Downloads\MHRise-NPLN-Lab-v0.3-ready\MHRise-NPLN-Lab-v0.3-ready\lab-runtime\mods\contents"
00:00:02.501 |I| ModLoader QueryContentsDir: Searching mods for DLC 0100B04011743063 in "C:\Users\[redacted]\Downloads\MHRise-NPLN-Lab-v0.3-ready\MHRise-NPLN-Lab-v0.3-ready\lab-runtime\mods\contents"
00:00:02.501 |I| ModLoader QueryContentsDir: Searching mods for DLC 0100B04011743064 in "C:\Users\[redacted]\Downloads\MHRise-NPLN-Lab-v0.3-ready\MHRise-NPLN-Lab-v0.3-ready\lab-runtime\mods\contents"
00:00:02.501 |I| ModLoader QueryContentsDir: Searching mods for DLC 0100B04011743065 in "C:\Users\[redacted]\Downloads\MHRise-NPLN-Lab-v0.3-ready\MHRise-NPLN-Lab-v0.3-ready\lab-runtime\mods\contents"
00:00:02.502 |I| ModLoader QueryContentsDir: Searching mods for DLC 0100B04011743066 in "C:\Users\[redacted]\Downloads\MHRise-NPLN-Lab-v0.3-ready\MHRise-NPLN-Lab-v0.3-ready\lab-runtime\mods\contents"
00:00:02.502 |I| ModLoader QueryContentsDir: Searching mods for DLC 0100B04011743067 in "C:\Users\[redacted]\Downloads\MHRise-NPLN-Lab-v0.3-ready\MHRise-NPLN-Lab-v0.3-ready\lab-runtime\mods\contents"
00:00:02.502 |I| ModLoader QueryContentsDir: Searching mods for DLC 0100B04011743068 in "C:\Users\[redacted]\Downloads\MHRise-NPLN-Lab-v0.3-ready\MHRise-NPLN-Lab-v0.3-ready\lab-runtime\mods\contents"
00:00:02.502 |I| ModLoader QueryContentsDir: Searching mods for DLC 0100B04011743069 in "C:\Users\[redacted]\Downloads\MHRise-NPLN-Lab-v0.3-ready\MHRise-NPLN-Lab-v0.3-ready\lab-runtime\mods\contents"
00:00:02.502 |I| ModLoader QueryContentsDir: Searching mods for DLC 0100B0401174306A in "C:\Users\[redacted]\Downloads\MHRise-NPLN-Lab-v0.3-ready\MHRise-NPLN-Lab-v0.3-ready\lab-runtime\mods\contents"
00:00:02.502 |I| ModLoader QueryContentsDir: Searching mods for DLC 0100B0401174306B in "C:\Users\[redacted]\Downloads\MHRise-NPLN-Lab-v0.3-ready\MHRise-NPLN-Lab-v0.3-ready\lab-runtime\mods\contents"
00:00:02.502 |I| ModLoader QueryContentsDir: Searching mods for DLC 0100B0401174306C in "C:\Users\[redacted]\Downloads\MHRise-NPLN-Lab-v0.3-ready\MHRise-NPLN-Lab-v0.3-ready\lab-runtime\mods\contents"
00:00:02.502 |I| ModLoader QueryContentsDir: Searching mods for DLC 0100B0401174306D in "C:\Users\[redacted]\Downloads\MHRise-NPLN-Lab-v0.3-ready\MHRise-NPLN-Lab-v0.3-ready\lab-runtime\mods\contents"
00:00:02.502 |I| ModLoader QueryContentsDir: Searching mods for DLC 0100B0401174306E in "C:\Users\[redacted]\Downloads\MHRise-NPLN-Lab-v0.3-ready\MHRise-NPLN-Lab-v0.3-ready\lab-runtime\mods\contents"
00:00:02.502 |I| ModLoader QueryContentsDir: Searching mods for DLC 0100B0401174306F in "C:\Users\[redacted]\Downloads\MHRise-NPLN-Lab-v0.3-ready\MHRise-NPLN-Lab-v0.3-ready\lab-runtime\mods\contents"
00:00:02.502 |I| ModLoader QueryContentsDir: Searching mods for DLC 0100B04011743070 in "C:\Users\[redacted]\Downloads\MHRise-NPLN-Lab-v0.3-ready\MHRise-NPLN-Lab-v0.3-ready\lab-runtime\mods\contents"
00:00:02.502 |I| ModLoader QueryContentsDir: Searching mods for DLC 0100B04011743071 in "C:\Users\[redacted]\Downloads\MHRise-NPLN-Lab-v0.3-ready\MHRise-NPLN-Lab-v0.3-ready\lab-runtime\mods\contents"
00:00:02.503 |I| ModLoader QueryContentsDir: Searching mods for DLC 0100B04011743072 in "C:\Users\[redacted]\Downloads\MHRise-NPLN-Lab-v0.3-ready\MHRise-NPLN-Lab-v0.3-ready\lab-runtime\mods\contents"
00:00:02.503 |I| ModLoader QueryContentsDir: Searching mods for DLC 0100B04011743073 in "C:\Users\[redacted]\Downloads\MHRise-NPLN-Lab-v0.3-ready\MHRise-NPLN-Lab-v0.3-ready\lab-runtime\mods\contents"
00:00:02.503 |I| ModLoader QueryContentsDir: Searching mods for DLC 0100B04011743074 in "C:\Users\[redacted]\Downloads\MHRise-NPLN-Lab-v0.3-ready\MHRise-NPLN-Lab-v0.3-ready\lab-runtime\mods\contents"
00:00:02.503 |I| ModLoader QueryContentsDir: Searching mods for DLC 0100B04011743075 in "C:\Users\[redacted]\Downloads\MHRise-NPLN-Lab-v0.3-ready\MHRise-NPLN-Lab-v0.3-ready\lab-runtime\mods\contents"
00:00:02.503 |I| ModLoader QueryContentsDir: Searching mods for DLC 0100B04011743076 in "C:\Users\[redacted]\Downloads\MHRise-NPLN-Lab-v0.3-ready\MHRise-NPLN-Lab-v0.3-ready\lab-runtime\mods\contents"
00:00:02.503 |I| ModLoader QueryContentsDir: Searching mods for DLC 0100B04011743077 in "C:\Users\[redacted]\Downloads\MHRise-NPLN-Lab-v0.3-ready\MHRise-NPLN-Lab-v0.3-ready\lab-runtime\mods\contents"
00:00:02.503 |I| ModLoader QueryContentsDir: Searching mods for DLC 0100B04011743078 in "C:\Users\[redacted]\Downloads\MHRise-NPLN-Lab-v0.3-ready\MHRise-NPLN-Lab-v0.3-ready\lab-runtime\mods\contents"
00:00:02.503 |I| ModLoader QueryContentsDir: Searching mods for DLC 0100B04011743079 in "C:\Users\[redacted]\Downloads\MHRise-NPLN-Lab-v0.3-ready\MHRise-NPLN-Lab-v0.3-ready\lab-runtime\mods\contents"
00:00:02.503 |I| ModLoader QueryContentsDir: Searching mods for DLC 0100B0401174307A in "C:\Users\[redacted]\Downloads\MHRise-NPLN-Lab-v0.3-ready\MHRise-NPLN-Lab-v0.3-ready\lab-runtime\mods\contents"
00:00:02.503 |I| ModLoader QueryContentsDir: Searching mods for DLC 0100B0401174307B in "C:\Users\[redacted]\Downloads\MHRise-NPLN-Lab-v0.3-ready\MHRise-NPLN-Lab-v0.3-ready\lab-runtime\mods\contents"
00:00:02.503 |I| ModLoader QueryContentsDir: Searching mods for DLC 0100B0401174307C in "C:\Users\[redacted]\Downloads\MHRise-NPLN-Lab-v0.3-ready\MHRise-NPLN-Lab-v0.3-ready\lab-runtime\mods\contents"
00:00:02.503 |I| ModLoader QueryContentsDir: Searching mods for DLC 0100B0401174307D in "C:\Users\[redacted]\Downloads\MHRise-NPLN-Lab-v0.3-ready\MHRise-NPLN-Lab-v0.3-ready\lab-runtime\mods\contents"
00:00:02.503 |I| ModLoader QueryContentsDir: Searching mods for DLC 0100B0401174307E in "C:\Users\[redacted]\Downloads\MHRise-NPLN-Lab-v0.3-ready\MHRise-NPLN-Lab-v0.3-ready\lab-runtime\mods\contents"
00:00:02.504 |I| ModLoader QueryContentsDir: Searching mods for DLC 0100B0401174307F in "C:\Users\[redacted]\Downloads\MHRise-NPLN-Lab-v0.3-ready\MHRise-NPLN-Lab-v0.3-ready\lab-runtime\mods\contents"
00:00:02.504 |I| ModLoader QueryContentsDir: Searching mods for DLC 0100B04011743080 in "C:\Users\[redacted]\Downloads\MHRise-NPLN-Lab-v0.3-ready\MHRise-NPLN-Lab-v0.3-ready\lab-runtime\mods\contents"
00:00:02.504 |I| ModLoader QueryContentsDir: Searching mods for DLC 0100B04011743081 in "C:\Users\[redacted]\Downloads\MHRise-NPLN-Lab-v0.3-ready\MHRise-NPLN-Lab-v0.3-ready\lab-runtime\mods\contents"
00:00:02.504 |I| ModLoader QueryContentsDir: Searching mods for DLC 0100B04011743082 in "C:\Users\[redacted]\Downloads\MHRise-NPLN-Lab-v0.3-ready\MHRise-NPLN-Lab-v0.3-ready\lab-runtime\mods\contents"
00:00:02.504 |I| ModLoader QueryContentsDir: Searching mods for DLC 0100B04011743083 in "C:\Users\[redacted]\Downloads\MHRise-NPLN-Lab-v0.3-ready\MHRise-NPLN-Lab-v0.3-ready\lab-runtime\mods\contents"
00:00:02.504 |I| ModLoader QueryContentsDir: Searching mods for DLC 0100B04011743084 in "C:\Users\[redacted]\Downloads\MHRise-NPLN-Lab-v0.3-ready\MHRise-NPLN-Lab-v0.3-ready\lab-runtime\mods\contents"
00:00:02.504 |I| ModLoader QueryContentsDir: Searching mods for DLC 0100B04011743085 in "C:\Users\[redacted]\Downloads\MHRise-NPLN-Lab-v0.3-ready\MHRise-NPLN-Lab-v0.3-ready\lab-runtime\mods\contents"
00:00:02.504 |I| ModLoader QueryContentsDir: Searching mods for DLC 0100B04011743086 in "C:\Users\[redacted]\Downloads\MHRise-NPLN-Lab-v0.3-ready\MHRise-NPLN-Lab-v0.3-ready\lab-runtime\mods\contents"
00:00:02.504 |I| ModLoader QueryContentsDir: Searching mods for DLC 0100B04011743087 in "C:\Users\[redacted]\Downloads\MHRise-NPLN-Lab-v0.3-ready\MHRise-NPLN-Lab-v0.3-ready\lab-runtime\mods\contents"
00:00:02.504 |I| ModLoader QueryContentsDir: Searching mods for DLC 0100B04011743088 in "C:\Users\[redacted]\Downloads\MHRise-NPLN-Lab-v0.3-ready\MHRise-NPLN-Lab-v0.3-ready\lab-runtime\mods\contents"
00:00:02.504 |I| ModLoader QueryContentsDir: Searching mods for DLC 0100B04011743089 in "C:\Users\[redacted]\Downloads\MHRise-NPLN-Lab-v0.3-ready\MHRise-NPLN-Lab-v0.3-ready\lab-runtime\mods\contents"
00:00:02.504 |I| ModLoader QueryContentsDir: Searching mods for DLC 0100B0401174308A in "C:\Users\[redacted]\Downloads\MHRise-NPLN-Lab-v0.3-ready\MHRise-NPLN-Lab-v0.3-ready\lab-runtime\mods\contents"
00:00:02.504 |I| ModLoader QueryContentsDir: Searching mods for DLC 0100B0401174308B in "C:\Users\[redacted]\Downloads\MHRise-NPLN-Lab-v0.3-ready\MHRise-NPLN-Lab-v0.3-ready\lab-runtime\mods\contents"
00:00:02.505 |I| ModLoader QueryContentsDir: Searching mods for DLC 0100B0401174308C in "C:\Users\[redacted]\Downloads\MHRise-NPLN-Lab-v0.3-ready\MHRise-NPLN-Lab-v0.3-ready\lab-runtime\mods\contents"
00:00:02.505 |I| ModLoader QueryContentsDir: Searching mods for DLC 0100B0401174308D in "C:\Users\[redacted]\Downloads\MHRise-NPLN-Lab-v0.3-ready\MHRise-NPLN-Lab-v0.3-ready\lab-runtime\mods\contents"
00:00:02.505 |I| ModLoader QueryContentsDir: Searching mods for DLC 0100B0401174308E in "C:\Users\[redacted]\Downloads\MHRise-NPLN-Lab-v0.3-ready\MHRise-NPLN-Lab-v0.3-ready\lab-runtime\mods\contents"
00:00:02.505 |I| ModLoader QueryContentsDir: Searching mods for DLC 0100B0401174308F in "C:\Users\[redacted]\Downloads\MHRise-NPLN-Lab-v0.3-ready\MHRise-NPLN-Lab-v0.3-ready\lab-runtime\mods\contents"
00:00:02.505 |I| ModLoader QueryContentsDir: Searching mods for DLC 0100B04011743090 in "C:\Users\[redacted]\Downloads\MHRise-NPLN-Lab-v0.3-ready\MHRise-NPLN-Lab-v0.3-ready\lab-runtime\mods\contents"
00:00:02.505 |I| ModLoader QueryContentsDir: Searching mods for DLC 0100B04011743091 in "C:\Users\[redacted]\Downloads\MHRise-NPLN-Lab-v0.3-ready\MHRise-NPLN-Lab-v0.3-ready\lab-runtime\mods\contents"
00:00:02.505 |I| ModLoader QueryContentsDir: Searching mods for DLC 0100B04011743092 in "C:\Users\[redacted]\Downloads\MHRise-NPLN-Lab-v0.3-ready\MHRise-NPLN-Lab-v0.3-ready\lab-runtime\mods\contents"
00:00:02.505 |I| ModLoader QueryContentsDir: Searching mods for DLC 0100B04011743093 in "C:\Users\[redacted]\Downloads\MHRise-NPLN-Lab-v0.3-ready\MHRise-NPLN-Lab-v0.3-ready\lab-runtime\mods\contents"
00:00:02.505 |I| ModLoader QueryContentsDir: Searching mods for DLC 0100B04011743094 in "C:\Users\[redacted]\Downloads\MHRise-NPLN-Lab-v0.3-ready\MHRise-NPLN-Lab-v0.3-ready\lab-runtime\mods\contents"
00:00:02.505 |I| ModLoader QueryContentsDir: Searching mods for DLC 0100B04011743095 in "C:\Users\[redacted]\Downloads\MHRise-NPLN-Lab-v0.3-ready\MHRise-NPLN-Lab-v0.3-ready\lab-runtime\mods\contents"
00:00:02.505 |I| ModLoader QueryContentsDir: Searching mods for DLC 0100B04011743096 in "C:\Users\[redacted]\Downloads\MHRise-NPLN-Lab-v0.3-ready\MHRise-NPLN-Lab-v0.3-ready\lab-runtime\mods\contents"
00:00:02.506 |I| ModLoader QueryContentsDir: Searching mods for DLC 0100B04011743097 in "C:\Users\[redacted]\Downloads\MHRise-NPLN-Lab-v0.3-ready\MHRise-NPLN-Lab-v0.3-ready\lab-runtime\mods\contents"
00:00:02.506 |I| ModLoader QueryContentsDir: Searching mods for DLC 0100B04011743098 in "C:\Users\[redacted]\Downloads\MHRise-NPLN-Lab-v0.3-ready\MHRise-NPLN-Lab-v0.3-ready\lab-runtime\mods\contents"
00:00:02.506 |I| ModLoader QueryContentsDir: Searching mods for DLC 0100B04011743099 in "C:\Users\[redacted]\Downloads\MHRise-NPLN-Lab-v0.3-ready\MHRise-NPLN-Lab-v0.3-ready\lab-runtime\mods\contents"
00:00:02.506 |I| ModLoader QueryContentsDir: Searching mods for DLC 0100B0401174309A in "C:\Users\[redacted]\Downloads\MHRise-NPLN-Lab-v0.3-ready\MHRise-NPLN-Lab-v0.3-ready\lab-runtime\mods\contents"
00:00:02.506 |I| ModLoader QueryContentsDir: Searching mods for DLC 0100B0401174309B in "C:\Users\[redacted]\Downloads\MHRise-NPLN-Lab-v0.3-ready\MHRise-NPLN-Lab-v0.3-ready\lab-runtime\mods\contents"
00:00:02.506 |I| ModLoader QueryContentsDir: Searching mods for DLC 0100B0401174309C in "C:\Users\[redacted]\Downloads\MHRise-NPLN-Lab-v0.3-ready\MHRise-NPLN-Lab-v0.3-ready\lab-runtime\mods\contents"
00:00:02.506 |I| ModLoader QueryContentsDir: Searching mods for DLC 0100B0401174309D in "C:\Users\[redacted]\Downloads\MHRise-NPLN-Lab-v0.3-ready\MHRise-NPLN-Lab-v0.3-ready\lab-runtime\mods\contents"
00:00:02.506 |I| ModLoader QueryContentsDir: Searching mods for DLC 0100B0401174309E in "C:\Users\[redacted]\Downloads\MHRise-NPLN-Lab-v0.3-ready\MHRise-NPLN-Lab-v0.3-ready\lab-runtime\mods\contents"
00:00:02.506 |I| ModLoader QueryContentsDir: Searching mods for DLC 0100B0401174309F in "C:\Users\[redacted]\Downloads\MHRise-NPLN-Lab-v0.3-ready\MHRise-NPLN-Lab-v0.3-ready\lab-runtime\mods\contents"
00:00:02.506 |I| ModLoader QueryContentsDir: Searching mods for DLC 0100B040117430A0 in "C:\Users\[redacted]\Downloads\MHRise-NPLN-Lab-v0.3-ready\MHRise-NPLN-Lab-v0.3-ready\lab-runtime\mods\contents"
00:00:02.506 |I| ModLoader QueryContentsDir: Searching mods for DLC 0100B040117430A1 in "C:\Users\[redacted]\Downloads\MHRise-NPLN-Lab-v0.3-ready\MHRise-NPLN-Lab-v0.3-ready\lab-runtime\mods\contents"
00:00:02.506 |I| ModLoader QueryContentsDir: Searching mods for DLC 0100B040117430BA in "C:\Users\[redacted]\Downloads\MHRise-NPLN-Lab-v0.3-ready\MHRise-NPLN-Lab-v0.3-ready\lab-runtime\mods\contents"
00:00:02.507 |I| ModLoader QueryContentsDir: Searching mods for DLC 0100B040117430BB in "C:\Users\[redacted]\Downloads\MHRise-NPLN-Lab-v0.3-ready\MHRise-NPLN-Lab-v0.3-ready\lab-runtime\mods\contents"
00:00:02.507 |I| ModLoader QueryContentsDir: Searching mods for DLC 0100B040117430BC in "C:\Users\[redacted]\Downloads\MHRise-NPLN-Lab-v0.3-ready\MHRise-NPLN-Lab-v0.3-ready\lab-runtime\mods\contents"
00:00:02.507 |I| ModLoader QueryContentsDir: Searching mods for DLC 0100B040117430BD in "C:\Users\[redacted]\Downloads\MHRise-NPLN-Lab-v0.3-ready\MHRise-NPLN-Lab-v0.3-ready\lab-runtime\mods\contents"
00:00:02.507 |I| ModLoader QueryContentsDir: Searching mods for DLC 0100B040117430BE in "C:\Users\[redacted]\Downloads\MHRise-NPLN-Lab-v0.3-ready\MHRise-NPLN-Lab-v0.3-ready\lab-runtime\mods\contents"
00:00:02.507 |I| ModLoader QueryContentsDir: Searching mods for DLC 0100B040117430BF in "C:\Users\[redacted]\Downloads\MHRise-NPLN-Lab-v0.3-ready\MHRise-NPLN-Lab-v0.3-ready\lab-runtime\mods\contents"
00:00:02.507 |I| ModLoader QueryContentsDir: Searching mods for DLC 0100B040117430C0 in "C:\Users\[redacted]\Downloads\MHRise-NPLN-Lab-v0.3-ready\MHRise-NPLN-Lab-v0.3-ready\lab-runtime\mods\contents"
00:00:02.507 |I| ModLoader QueryContentsDir: Searching mods for DLC 0100B040117430C1 in "C:\Users\[redacted]\Downloads\MHRise-NPLN-Lab-v0.3-ready\MHRise-NPLN-Lab-v0.3-ready\lab-runtime\mods\contents"
00:00:02.507 |I| ModLoader QueryContentsDir: Searching mods for DLC 0100B040117430C2 in "C:\Users\[redacted]\Downloads\MHRise-NPLN-Lab-v0.3-ready\MHRise-NPLN-Lab-v0.3-ready\lab-runtime\mods\contents"
00:00:02.507 |I| ModLoader QueryContentsDir: Searching mods for DLC 0100B040117430C3 in "C:\Users\[redacted]\Downloads\MHRise-NPLN-Lab-v0.3-ready\MHRise-NPLN-Lab-v0.3-ready\lab-runtime\mods\contents"
00:00:02.507 |I| ModLoader QueryContentsDir: Searching mods for DLC 0100B040117430C4 in "C:\Users\[redacted]\Downloads\MHRise-NPLN-Lab-v0.3-ready\MHRise-NPLN-Lab-v0.3-ready\lab-runtime\mods\contents"
00:00:02.507 |I| ModLoader QueryContentsDir: Searching mods for DLC 0100B040117430C5 in "C:\Users\[redacted]\Downloads\MHRise-NPLN-Lab-v0.3-ready\MHRise-NPLN-Lab-v0.3-ready\lab-runtime\mods\contents"
00:00:02.507 |I| ModLoader QueryContentsDir: Searching mods for DLC 0100B040117430C6 in "C:\Users\[redacted]\Downloads\MHRise-NPLN-Lab-v0.3-ready\MHRise-NPLN-Lab-v0.3-ready\lab-runtime\mods\contents"
00:00:02.507 |I| ModLoader QueryContentsDir: Searching mods for DLC 0100B040117430C7 in "C:\Users\[redacted]\Downloads\MHRise-NPLN-Lab-v0.3-ready\MHRise-NPLN-Lab-v0.3-ready\lab-runtime\mods\contents"
00:00:02.508 |I| ModLoader QueryContentsDir: Searching mods for DLC 0100B040117430C8 in "C:\Users\[redacted]\Downloads\MHRise-NPLN-Lab-v0.3-ready\MHRise-NPLN-Lab-v0.3-ready\lab-runtime\mods\contents"
00:00:02.508 |I| ModLoader QueryContentsDir: Searching mods for DLC 0100B040117430C9 in "C:\Users\[redacted]\Downloads\MHRise-NPLN-Lab-v0.3-ready\MHRise-NPLN-Lab-v0.3-ready\lab-runtime\mods\contents"
00:00:02.508 |I| ModLoader QueryContentsDir: Searching mods for DLC 0100B040117430CA in "C:\Users\[redacted]\Downloads\MHRise-NPLN-Lab-v0.3-ready\MHRise-NPLN-Lab-v0.3-ready\lab-runtime\mods\contents"
00:00:02.508 |I| ModLoader QueryContentsDir: Searching mods for DLC 0100B040117430CB in "C:\Users\[redacted]\Downloads\MHRise-NPLN-Lab-v0.3-ready\MHRise-NPLN-Lab-v0.3-ready\lab-runtime\mods\contents"
00:00:02.508 |I| ModLoader QueryContentsDir: Searching mods for DLC 0100B040117430CC in "C:\Users\[redacted]\Downloads\MHRise-NPLN-Lab-v0.3-ready\MHRise-NPLN-Lab-v0.3-ready\lab-runtime\mods\contents"
00:00:02.508 |I| ModLoader QueryContentsDir: Searching mods for DLC 0100B040117430CD in "C:\Users\[redacted]\Downloads\MHRise-NPLN-Lab-v0.3-ready\MHRise-NPLN-Lab-v0.3-ready\lab-runtime\mods\contents"
00:00:02.508 |I| ModLoader QueryContentsDir: Searching mods for DLC 0100B040117430CE in "C:\Users\[redacted]\Downloads\MHRise-NPLN-Lab-v0.3-ready\MHRise-NPLN-Lab-v0.3-ready\lab-runtime\mods\contents"
00:00:02.508 |I| ModLoader QueryContentsDir: Searching mods for DLC 0100B040117430CF in "C:\Users\[redacted]\Downloads\MHRise-NPLN-Lab-v0.3-ready\MHRise-NPLN-Lab-v0.3-ready\lab-runtime\mods\contents"
00:00:02.508 |I| ModLoader QueryContentsDir: Searching mods for DLC 0100B040117430D0 in "C:\Users\[redacted]\Downloads\MHRise-NPLN-Lab-v0.3-ready\MHRise-NPLN-Lab-v0.3-ready\lab-runtime\mods\contents"
00:00:02.508 |I| ModLoader QueryContentsDir: Searching mods for DLC 0100B040117430D1 in "C:\Users\[redacted]\Downloads\MHRise-NPLN-Lab-v0.3-ready\MHRise-NPLN-Lab-v0.3-ready\lab-runtime\mods\contents"
00:00:02.508 |I| ModLoader QueryContentsDir: Searching mods for DLC 0100B040117430D2 in "C:\Users\[redacted]\Downloads\MHRise-NPLN-Lab-v0.3-ready\MHRise-NPLN-Lab-v0.3-ready\lab-runtime\mods\contents"
00:00:02.508 |I| ModLoader QueryContentsDir: Searching mods for DLC 0100B040117430D3 in "C:\Users\[redacted]\Downloads\MHRise-NPLN-Lab-v0.3-ready\MHRise-NPLN-Lab-v0.3-ready\lab-runtime\mods\contents"
00:00:02.508 |I| ModLoader QueryContentsDir: Searching mods for DLC 0100B040117430D4 in "C:\Users\[redacted]\Downloads\MHRise-NPLN-Lab-v0.3-ready\MHRise-NPLN-Lab-v0.3-ready\lab-runtime\mods\contents"
00:00:02.509 |I| ModLoader QueryContentsDir: Searching mods for DLC 0100B040117430D5 in "C:\Users\[redacted]\Downloads\MHRise-NPLN-Lab-v0.3-ready\MHRise-NPLN-Lab-v0.3-ready\lab-runtime\mods\contents"
00:00:02.509 |I| ModLoader QueryContentsDir: Searching mods for DLC 0100B040117430D6 in "C:\Users\[redacted]\Downloads\MHRise-NPLN-Lab-v0.3-ready\MHRise-NPLN-Lab-v0.3-ready\lab-runtime\mods\contents"
00:00:02.509 |I| ModLoader QueryContentsDir: Searching mods for DLC 0100B040117430D7 in "C:\Users\[redacted]\Downloads\MHRise-NPLN-Lab-v0.3-ready\MHRise-NPLN-Lab-v0.3-ready\lab-runtime\mods\contents"
00:00:02.509 |I| ModLoader QueryContentsDir: Searching mods for DLC 0100B040117430D8 in "C:\Users\[redacted]\Downloads\MHRise-NPLN-Lab-v0.3-ready\MHRise-NPLN-Lab-v0.3-ready\lab-runtime\mods\contents"
00:00:02.509 |I| ModLoader QueryContentsDir: Searching mods for DLC 0100B040117430D9 in "C:\Users\[redacted]\Downloads\MHRise-NPLN-Lab-v0.3-ready\MHRise-NPLN-Lab-v0.3-ready\lab-runtime\mods\contents"
00:00:02.509 |I| ModLoader QueryContentsDir: Searching mods for DLC 0100B040117430DA in "C:\Users\[redacted]\Downloads\MHRise-NPLN-Lab-v0.3-ready\MHRise-NPLN-Lab-v0.3-ready\lab-runtime\mods\contents"
00:00:02.509 |I| ModLoader QueryContentsDir: Searching mods for DLC 0100B040117430DB in "C:\Users\[redacted]\Downloads\MHRise-NPLN-Lab-v0.3-ready\MHRise-NPLN-Lab-v0.3-ready\lab-runtime\mods\contents"
00:00:02.509 |I| ModLoader QueryContentsDir: Searching mods for DLC 0100B040117430DC in "C:\Users\[redacted]\Downloads\MHRise-NPLN-Lab-v0.3-ready\MHRise-NPLN-Lab-v0.3-ready\lab-runtime\mods\contents"
00:00:02.509 |I| ModLoader QueryContentsDir: Searching mods for DLC 0100B040117430DD in "C:\Users\[redacted]\Downloads\MHRise-NPLN-Lab-v0.3-ready\MHRise-NPLN-Lab-v0.3-ready\lab-runtime\mods\contents"
00:00:02.509 |I| ModLoader QueryContentsDir: Searching mods for DLC 0100B040117430DE in "C:\Users\[redacted]\Downloads\MHRise-NPLN-Lab-v0.3-ready\MHRise-NPLN-Lab-v0.3-ready\lab-runtime\mods\contents"
00:00:02.509 |I| ModLoader QueryContentsDir: Searching mods for DLC 0100B040117430DF in "C:\Users\[redacted]\Downloads\MHRise-NPLN-Lab-v0.3-ready\MHRise-NPLN-Lab-v0.3-ready\lab-runtime\mods\contents"
00:00:02.509 |I| ModLoader QueryContentsDir: Searching mods for DLC 0100B040117430E0 in "C:\Users\[redacted]\Downloads\MHRise-NPLN-Lab-v0.3-ready\MHRise-NPLN-Lab-v0.3-ready\lab-runtime\mods\contents"
00:00:02.510 |I| ModLoader QueryContentsDir: Searching mods for DLC 0100B040117430E1 in "C:\Users\[redacted]\Downloads\MHRise-NPLN-Lab-v0.3-ready\MHRise-NPLN-Lab-v0.3-ready\lab-runtime\mods\contents"
00:00:02.510 |I| ModLoader QueryContentsDir: Searching mods for DLC 0100B040117430E2 in "C:\Users\[redacted]\Downloads\MHRise-NPLN-Lab-v0.3-ready\MHRise-NPLN-Lab-v0.3-ready\lab-runtime\mods\contents"
00:00:02.510 |I| ModLoader QueryContentsDir: Searching mods for DLC 0100B040117430E3 in "C:\Users\[redacted]\Downloads\MHRise-NPLN-Lab-v0.3-ready\MHRise-NPLN-Lab-v0.3-ready\lab-runtime\mods\contents"
00:00:02.510 |I| ModLoader QueryContentsDir: Searching mods for DLC 0100B040117430E4 in "C:\Users\[redacted]\Downloads\MHRise-NPLN-Lab-v0.3-ready\MHRise-NPLN-Lab-v0.3-ready\lab-runtime\mods\contents"
00:00:02.510 |I| ModLoader QueryContentsDir: Searching mods for DLC 0100B040117430E5 in "C:\Users\[redacted]\Downloads\MHRise-NPLN-Lab-v0.3-ready\MHRise-NPLN-Lab-v0.3-ready\lab-runtime\mods\contents"
00:00:02.510 |I| ModLoader QueryContentsDir: Searching mods for DLC 0100B040117430E6 in "C:\Users\[redacted]\Downloads\MHRise-NPLN-Lab-v0.3-ready\MHRise-NPLN-Lab-v0.3-ready\lab-runtime\mods\contents"
00:00:02.510 |I| ModLoader QueryContentsDir: Searching mods for DLC 0100B040117430E7 in "C:\Users\[redacted]\Downloads\MHRise-NPLN-Lab-v0.3-ready\MHRise-NPLN-Lab-v0.3-ready\lab-runtime\mods\contents"
00:00:02.510 |I| ModLoader QueryContentsDir: Searching mods for DLC 0100B040117430E8 in "C:\Users\[redacted]\Downloads\MHRise-NPLN-Lab-v0.3-ready\MHRise-NPLN-Lab-v0.3-ready\lab-runtime\mods\contents"
00:00:02.510 |I| ModLoader QueryContentsDir: Searching mods for DLC 0100B040117430E9 in "C:\Users\[redacted]\Downloads\MHRise-NPLN-Lab-v0.3-ready\MHRise-NPLN-Lab-v0.3-ready\lab-runtime\mods\contents"
00:00:02.510 |I| ModLoader QueryContentsDir: Searching mods for DLC 0100B040117430EA in "C:\Users\[redacted]\Downloads\MHRise-NPLN-Lab-v0.3-ready\MHRise-NPLN-Lab-v0.3-ready\lab-runtime\mods\contents"
00:00:02.510 |I| ModLoader QueryContentsDir: Searching mods for DLC 0100B040117430EB in "C:\Users\[redacted]\Downloads\MHRise-NPLN-Lab-v0.3-ready\MHRise-NPLN-Lab-v0.3-ready\lab-runtime\mods\contents"
00:00:02.510 |I| ModLoader QueryContentsDir: Searching mods for DLC 0100B040117430EC in "C:\Users\[redacted]\Downloads\MHRise-NPLN-Lab-v0.3-ready\MHRise-NPLN-Lab-v0.3-ready\lab-runtime\mods\contents"
00:00:02.511 |I| ModLoader QueryContentsDir: Searching mods for DLC 0100B040117430ED in "C:\Users\[redacted]\Downloads\MHRise-NPLN-Lab-v0.3-ready\MHRise-NPLN-Lab-v0.3-ready\lab-runtime\mods\contents"
00:00:02.511 |I| ModLoader QueryContentsDir: Searching mods for DLC 0100B040117430EE in "C:\Users\[redacted]\Downloads\MHRise-NPLN-Lab-v0.3-ready\MHRise-NPLN-Lab-v0.3-ready\lab-runtime\mods\contents"
00:00:02.511 |I| ModLoader QueryContentsDir: Searching mods for DLC 0100B040117430EF in "C:\Users\[redacted]\Downloads\MHRise-NPLN-Lab-v0.3-ready\MHRise-NPLN-Lab-v0.3-ready\lab-runtime\mods\contents"
00:00:02.511 |I| ModLoader QueryContentsDir: Searching mods for DLC 0100B040117430F0 in "C:\Users\[redacted]\Downloads\MHRise-NPLN-Lab-v0.3-ready\MHRise-NPLN-Lab-v0.3-ready\lab-runtime\mods\contents"
00:00:02.511 |I| ModLoader QueryContentsDir: Searching mods for DLC 0100B040117430F1 in "C:\Users\[redacted]\Downloads\MHRise-NPLN-Lab-v0.3-ready\MHRise-NPLN-Lab-v0.3-ready\lab-runtime\mods\contents"
00:00:02.511 |I| ModLoader QueryContentsDir: Searching mods for DLC 0100B040117430F2 in "C:\Users\[redacted]\Downloads\MHRise-NPLN-Lab-v0.3-ready\MHRise-NPLN-Lab-v0.3-ready\lab-runtime\mods\contents"
00:00:02.511 |I| ModLoader QueryContentsDir: Searching mods for DLC 0100B040117430F3 in "C:\Users\[redacted]\Downloads\MHRise-NPLN-Lab-v0.3-ready\MHRise-NPLN-Lab-v0.3-ready\lab-runtime\mods\contents"
00:00:02.511 |I| ModLoader QueryContentsDir: Searching mods for DLC 0100B040117430F4 in "C:\Users\[redacted]\Downloads\MHRise-NPLN-Lab-v0.3-ready\MHRise-NPLN-Lab-v0.3-ready\lab-runtime\mods\contents"
00:00:02.511 |I| ModLoader QueryContentsDir: Searching mods for DLC 0100B040117430F5 in "C:\Users\[redacted]\Downloads\MHRise-NPLN-Lab-v0.3-ready\MHRise-NPLN-Lab-v0.3-ready\lab-runtime\mods\contents"
00:00:02.511 |I| ModLoader QueryContentsDir: Searching mods for DLC 0100B040117430F6 in "C:\Users\[redacted]\Downloads\MHRise-NPLN-Lab-v0.3-ready\MHRise-NPLN-Lab-v0.3-ready\lab-runtime\mods\contents"
00:00:02.511 |I| ModLoader QueryContentsDir: Searching mods for DLC 0100B040117430F7 in "C:\Users\[redacted]\Downloads\MHRise-NPLN-Lab-v0.3-ready\MHRise-NPLN-Lab-v0.3-ready\lab-runtime\mods\contents"
00:00:02.511 |I| ModLoader QueryContentsDir: Searching mods for DLC 0100B040117430F8 in "C:\Users\[redacted]\Downloads\MHRise-NPLN-Lab-v0.3-ready\MHRise-NPLN-Lab-v0.3-ready\lab-runtime\mods\contents"
00:00:02.511 |I| ModLoader QueryContentsDir: Searching mods for DLC 0100B040117430F9 in "C:\Users\[redacted]\Downloads\MHRise-NPLN-Lab-v0.3-ready\MHRise-NPLN-Lab-v0.3-ready\lab-runtime\mods\contents"
00:00:02.511 |I| ModLoader QueryContentsDir: Searching mods for DLC 0100B040117430FA in "C:\Users\[redacted]\Downloads\MHRise-NPLN-Lab-v0.3-ready\MHRise-NPLN-Lab-v0.3-ready\lab-runtime\mods\contents"
00:00:02.512 |I| ModLoader QueryContentsDir: Searching mods for DLC 0100B040117430FB in "C:\Users\[redacted]\Downloads\MHRise-NPLN-Lab-v0.3-ready\MHRise-NPLN-Lab-v0.3-ready\lab-runtime\mods\contents"
00:00:02.512 |I| ModLoader QueryContentsDir: Searching mods for DLC 0100B040117430FC in "C:\Users\[redacted]\Downloads\MHRise-NPLN-Lab-v0.3-ready\MHRise-NPLN-Lab-v0.3-ready\lab-runtime\mods\contents"
00:00:02.512 |I| ModLoader QueryContentsDir: Searching mods for DLC 0100B040117430FD in "C:\Users\[redacted]\Downloads\MHRise-NPLN-Lab-v0.3-ready\MHRise-NPLN-Lab-v0.3-ready\lab-runtime\mods\contents"
00:00:02.512 |I| ModLoader QueryContentsDir: Searching mods for DLC 0100B040117430FE in "C:\Users\[redacted]\Downloads\MHRise-NPLN-Lab-v0.3-ready\MHRise-NPLN-Lab-v0.3-ready\lab-runtime\mods\contents"
00:00:02.512 |I| ModLoader QueryContentsDir: Searching mods for DLC 0100B040117430FF in "C:\Users\[redacted]\Downloads\MHRise-NPLN-Lab-v0.3-ready\MHRise-NPLN-Lab-v0.3-ready\lab-runtime\mods\contents"
00:00:02.512 |I| ModLoader QueryContentsDir: Searching mods for DLC 0100B04011743100 in "C:\Users\[redacted]\Downloads\MHRise-NPLN-Lab-v0.3-ready\MHRise-NPLN-Lab-v0.3-ready\lab-runtime\mods\contents"
00:00:02.512 |I| ModLoader QueryContentsDir: Searching mods for DLC 0100B04011743101 in "C:\Users\[redacted]\Downloads\MHRise-NPLN-Lab-v0.3-ready\MHRise-NPLN-Lab-v0.3-ready\lab-runtime\mods\contents"
00:00:02.512 |I| ModLoader QueryContentsDir: Searching mods for DLC 0100B04011743102 in "C:\Users\[redacted]\Downloads\MHRise-NPLN-Lab-v0.3-ready\MHRise-NPLN-Lab-v0.3-ready\lab-runtime\mods\contents"
00:00:02.512 |I| ModLoader QueryContentsDir: Searching mods for DLC 0100B04011743103 in "C:\Users\[redacted]\Downloads\MHRise-NPLN-Lab-v0.3-ready\MHRise-NPLN-Lab-v0.3-ready\lab-runtime\mods\contents"
00:00:02.512 |I| ModLoader QueryContentsDir: Searching mods for DLC 0100B04011743104 in "C:\Users\[redacted]\Downloads\MHRise-NPLN-Lab-v0.3-ready\MHRise-NPLN-Lab-v0.3-ready\lab-runtime\mods\contents"
00:00:02.512 |I| ModLoader QueryContentsDir: Searching mods for DLC 0100B04011743105 in "C:\Users\[redacted]\Downloads\MHRise-NPLN-Lab-v0.3-ready\MHRise-NPLN-Lab-v0.3-ready\lab-runtime\mods\contents"
00:00:02.512 |I| ModLoader QueryContentsDir: Searching mods for DLC 0100B04011743106 in "C:\Users\[redacted]\Downloads\MHRise-NPLN-Lab-v0.3-ready\MHRise-NPLN-Lab-v0.3-ready\lab-runtime\mods\contents"
00:00:02.512 |I| ModLoader QueryContentsDir: Searching mods for DLC 0100B04011743107 in "C:\Users\[redacted]\Downloads\MHRise-NPLN-Lab-v0.3-ready\MHRise-NPLN-Lab-v0.3-ready\lab-runtime\mods\contents"
00:00:02.513 |I| ModLoader QueryContentsDir: Searching mods for DLC 0100B04011743108 in "C:\Users\[redacted]\Downloads\MHRise-NPLN-Lab-v0.3-ready\MHRise-NPLN-Lab-v0.3-ready\lab-runtime\mods\contents"
00:00:02.513 |I| ModLoader QueryContentsDir: Searching mods for DLC 0100B04011743109 in "C:\Users\[redacted]\Downloads\MHRise-NPLN-Lab-v0.3-ready\MHRise-NPLN-Lab-v0.3-ready\lab-runtime\mods\contents"
00:00:02.513 |I| ModLoader QueryContentsDir: Searching mods for DLC 0100B0401174310A in "C:\Users\[redacted]\Downloads\MHRise-NPLN-Lab-v0.3-ready\MHRise-NPLN-Lab-v0.3-ready\lab-runtime\mods\contents"
00:00:02.513 |I| ModLoader QueryContentsDir: Searching mods for DLC 0100B0401174310B in "C:\Users\[redacted]\Downloads\MHRise-NPLN-Lab-v0.3-ready\MHRise-NPLN-Lab-v0.3-ready\lab-runtime\mods\contents"
00:00:02.513 |I| ModLoader QueryContentsDir: Searching mods for DLC 0100B0401174310C in "C:\Users\[redacted]\Downloads\MHRise-NPLN-Lab-v0.3-ready\MHRise-NPLN-Lab-v0.3-ready\lab-runtime\mods\contents"
00:00:02.514 |I| ModLoader QueryContentsDir: Searching mods for DLC 0100B0401174310D in "C:\Users\[redacted]\Downloads\MHRise-NPLN-Lab-v0.3-ready\MHRise-NPLN-Lab-v0.3-ready\lab-runtime\mods\contents"
00:00:02.514 |I| ModLoader QueryContentsDir: Searching mods for DLC 0100B0401174310E in "C:\Users\[redacted]\Downloads\MHRise-NPLN-Lab-v0.3-ready\MHRise-NPLN-Lab-v0.3-ready\lab-runtime\mods\contents"
00:00:02.514 |I| ModLoader QueryContentsDir: Searching mods for DLC 0100B0401174310F in "C:\Users\[redacted]\Downloads\MHRise-NPLN-Lab-v0.3-ready\MHRise-NPLN-Lab-v0.3-ready\lab-runtime\mods\contents"
00:00:02.514 |I| ModLoader QueryContentsDir: Searching mods for DLC 0100B04011743110 in "C:\Users\[redacted]\Downloads\MHRise-NPLN-Lab-v0.3-ready\MHRise-NPLN-Lab-v0.3-ready\lab-runtime\mods\contents"
00:00:02.514 |I| ModLoader QueryContentsDir: Searching mods for DLC 0100B04011743111 in "C:\Users\[redacted]\Downloads\MHRise-NPLN-Lab-v0.3-ready\MHRise-NPLN-Lab-v0.3-ready\lab-runtime\mods\contents"
00:00:02.514 |I| ModLoader QueryContentsDir: Searching mods for DLC 0100B04011743112 in "C:\Users\[redacted]\Downloads\MHRise-NPLN-Lab-v0.3-ready\MHRise-NPLN-Lab-v0.3-ready\lab-runtime\mods\contents"
00:00:02.514 |I| ModLoader QueryContentsDir: Searching mods for DLC 0100B04011743113 in "C:\Users\[redacted]\Downloads\MHRise-NPLN-Lab-v0.3-ready\MHRise-NPLN-Lab-v0.3-ready\lab-runtime\mods\contents"
00:00:02.514 |I| ModLoader QueryContentsDir: Searching mods for DLC 0100B04011743114 in "C:\Users\[redacted]\Downloads\MHRise-NPLN-Lab-v0.3-ready\MHRise-NPLN-Lab-v0.3-ready\lab-runtime\mods\contents"
00:00:02.514 |I| ModLoader QueryContentsDir: Searching mods for DLC 0100B04011743115 in "C:\Users\[redacted]\Downloads\MHRise-NPLN-Lab-v0.3-ready\MHRise-NPLN-Lab-v0.3-ready\lab-runtime\mods\contents"
00:00:02.514 |I| ModLoader QueryContentsDir: Searching mods for DLC 0100B04011743116 in "C:\Users\[redacted]\Downloads\MHRise-NPLN-Lab-v0.3-ready\MHRise-NPLN-Lab-v0.3-ready\lab-runtime\mods\contents"
00:00:02.514 |I| ModLoader QueryContentsDir: Searching mods for DLC 0100B04011743117 in "C:\Users\[redacted]\Downloads\MHRise-NPLN-Lab-v0.3-ready\MHRise-NPLN-Lab-v0.3-ready\lab-runtime\mods\contents"
00:00:02.515 |I| ModLoader QueryContentsDir: Searching mods for DLC 0100B04011743118 in "C:\Users\[redacted]\Downloads\MHRise-NPLN-Lab-v0.3-ready\MHRise-NPLN-Lab-v0.3-ready\lab-runtime\mods\contents"
00:00:02.515 |I| ModLoader QueryContentsDir: Searching mods for DLC 0100B04011743119 in "C:\Users\[redacted]\Downloads\MHRise-NPLN-Lab-v0.3-ready\MHRise-NPLN-Lab-v0.3-ready\lab-runtime\mods\contents"
00:00:02.515 |I| ModLoader QueryContentsDir: Searching mods for DLC 0100B0401174311A in "C:\Users\[redacted]\Downloads\MHRise-NPLN-Lab-v0.3-ready\MHRise-NPLN-Lab-v0.3-ready\lab-runtime\mods\contents"
00:00:02.515 |I| ModLoader QueryContentsDir: Searching mods for DLC 0100B0401174311B in "C:\Users\[redacted]\Downloads\MHRise-NPLN-Lab-v0.3-ready\MHRise-NPLN-Lab-v0.3-ready\lab-runtime\mods\contents"
00:00:02.515 |I| ModLoader QueryContentsDir: Searching mods for DLC 0100B0401174311C in "C:\Users\[redacted]\Downloads\MHRise-NPLN-Lab-v0.3-ready\MHRise-NPLN-Lab-v0.3-ready\lab-runtime\mods\contents"
00:00:02.515 |I| ModLoader QueryContentsDir: Searching mods for DLC 0100B0401174311D in "C:\Users\[redacted]\Downloads\MHRise-NPLN-Lab-v0.3-ready\MHRise-NPLN-Lab-v0.3-ready\lab-runtime\mods\contents"
00:00:02.515 |I| ModLoader QueryContentsDir: Searching mods for DLC 0100B0401174311E in "C:\Users\[redacted]\Downloads\MHRise-NPLN-Lab-v0.3-ready\MHRise-NPLN-Lab-v0.3-ready\lab-runtime\mods\contents"
00:00:02.515 |I| ModLoader QueryContentsDir: Searching mods for DLC 0100B0401174311F in "C:\Users\[redacted]\Downloads\MHRise-NPLN-Lab-v0.3-ready\MHRise-NPLN-Lab-v0.3-ready\lab-runtime\mods\contents"
00:00:02.515 |I| ModLoader QueryContentsDir: Searching mods for DLC 0100B04011743120 in "C:\Users\[redacted]\Downloads\MHRise-NPLN-Lab-v0.3-ready\MHRise-NPLN-Lab-v0.3-ready\lab-runtime\mods\contents"
00:00:02.515 |I| ModLoader QueryContentsDir: Searching mods for DLC 0100B04011743121 in "C:\Users\[redacted]\Downloads\MHRise-NPLN-Lab-v0.3-ready\MHRise-NPLN-Lab-v0.3-ready\lab-runtime\mods\contents"
00:00:02.515 |I| ModLoader QueryContentsDir: Searching mods for DLC 0100B04011743122 in "C:\Users\[redacted]\Downloads\MHRise-NPLN-Lab-v0.3-ready\MHRise-NPLN-Lab-v0.3-ready\lab-runtime\mods\contents"
00:00:02.515 |I| ModLoader QueryContentsDir: Searching mods for DLC 0100B04011743123 in "C:\Users\[redacted]\Downloads\MHRise-NPLN-Lab-v0.3-ready\MHRise-NPLN-Lab-v0.3-ready\lab-runtime\mods\contents"
00:00:02.516 |I| ModLoader QueryContentsDir: Searching mods for DLC 0100B04011743125 in "C:\Users\[redacted]\Downloads\MHRise-NPLN-Lab-v0.3-ready\MHRise-NPLN-Lab-v0.3-ready\lab-runtime\mods\contents"
00:00:02.516 |I| ModLoader QueryContentsDir: Searching mods for DLC 0100B04011743126 in "C:\Users\[redacted]\Downloads\MHRise-NPLN-Lab-v0.3-ready\MHRise-NPLN-Lab-v0.3-ready\lab-runtime\mods\contents"
00:00:02.516 |I| ModLoader QueryContentsDir: Searching mods for DLC 0100B04011743127 in "C:\Users\[redacted]\Downloads\MHRise-NPLN-Lab-v0.3-ready\MHRise-NPLN-Lab-v0.3-ready\lab-runtime\mods\contents"
00:00:02.516 |I| ModLoader QueryContentsDir: Searching mods for DLC 0100B04011743128 in "C:\Users\[redacted]\Downloads\MHRise-NPLN-Lab-v0.3-ready\MHRise-NPLN-Lab-v0.3-ready\lab-runtime\mods\contents"
00:00:02.516 |I| ModLoader QueryContentsDir: Searching mods for DLC 0100B04011743129 in "C:\Users\[redacted]\Downloads\MHRise-NPLN-Lab-v0.3-ready\MHRise-NPLN-Lab-v0.3-ready\lab-runtime\mods\contents"
00:00:02.516 |I| ModLoader QueryContentsDir: Searching mods for DLC 0100B0401174312A in "C:\Users\[redacted]\Downloads\MHRise-NPLN-Lab-v0.3-ready\MHRise-NPLN-Lab-v0.3-ready\lab-runtime\mods\contents"
00:00:02.516 |I| ModLoader QueryContentsDir: Searching mods for DLC 0100B0401174312B in "C:\Users\[redacted]\Downloads\MHRise-NPLN-Lab-v0.3-ready\MHRise-NPLN-Lab-v0.3-ready\lab-runtime\mods\contents"
00:00:02.516 |I| ModLoader QueryContentsDir: Searching mods for DLC 0100B0401174312C in "C:\Users\[redacted]\Downloads\MHRise-NPLN-Lab-v0.3-ready\MHRise-NPLN-Lab-v0.3-ready\lab-runtime\mods\contents"
00:00:02.518 |I| ModLoader QueryContentsDir: Searching mods for Application 0100B04011742000 in "C:\Users\[redacted]\Downloads\MHRise-NPLN-Lab-v0.3-ready\MHRise-NPLN-Lab-v0.3-ready\lab-runtime\sdcard\atmosphere\contents"
00:00:02.518 |I| ModLoader QueryContentsDir: Searching mods for DLC 0100B0401174300C in "C:\Users\[redacted]\Downloads\MHRise-NPLN-Lab-v0.3-ready\MHRise-NPLN-Lab-v0.3-ready\lab-runtime\sdcard\atmosphere\contents"
00:00:02.518 |I| ModLoader QueryContentsDir: Searching mods for DLC 0100B0401174300D in "C:\Users\[redacted]\Downloads\MHRise-NPLN-Lab-v0.3-ready\MHRise-NPLN-Lab-v0.3-ready\lab-runtime\sdcard\atmosphere\contents"
00:00:02.518 |I| ModLoader QueryContentsDir: Searching mods for DLC 0100B0401174300E in "C:\Users\[redacted]\Downloads\MHRise-NPLN-Lab-v0.3-ready\MHRise-NPLN-Lab-v0.3-ready\lab-runtime\sdcard\atmosphere\contents"
00:00:02.518 |I| ModLoader QueryContentsDir: Searching mods for DLC 0100B0401174300F in "C:\Users\[redacted]\Downloads\MHRise-NPLN-Lab-v0.3-ready\MHRise-NPLN-Lab-v0.3-ready\lab-runtime\sdcard\atmosphere\contents"
00:00:02.518 |I| ModLoader QueryContentsDir: Searching mods for DLC 0100B04011743010 in "C:\Users\[redacted]\Downloads\MHRise-NPLN-Lab-v0.3-ready\MHRise-NPLN-Lab-v0.3-ready\lab-runtime\sdcard\atmosphere\contents"
00:00:02.519 |I| ModLoader QueryContentsDir: Searching mods for DLC 0100B04011743011 in "C:\Users\[redacted]\Downloads\MHRise-NPLN-Lab-v0.3-ready\MHRise-NPLN-Lab-v0.3-ready\lab-runtime\sdcard\atmosphere\contents"
00:00:02.519 |I| ModLoader QueryContentsDir: Searching mods for DLC 0100B04011743012 in "C:\Users\[redacted]\Downloads\MHRise-NPLN-Lab-v0.3-ready\MHRise-NPLN-Lab-v0.3-ready\lab-runtime\sdcard\atmosphere\contents"
00:00:02.519 |I| ModLoader QueryContentsDir: Searching mods for DLC 0100B04011743013 in "C:\Users\[redacted]\Downloads\MHRise-NPLN-Lab-v0.3-ready\MHRise-NPLN-Lab-v0.3-ready\lab-runtime\sdcard\atmosphere\contents"
00:00:02.519 |I| ModLoader QueryContentsDir: Searching mods for DLC 0100B04011743014 in "C:\Users\[redacted]\Downloads\MHRise-NPLN-Lab-v0.3-ready\MHRise-NPLN-Lab-v0.3-ready\lab-runtime\sdcard\atmosphere\contents"
00:00:02.519 |I| ModLoader QueryContentsDir: Searching mods for DLC 0100B04011743015 in "C:\Users\[redacted]\Downloads\MHRise-NPLN-Lab-v0.3-ready\MHRise-NPLN-Lab-v0.3-ready\lab-runtime\sdcard\atmosphere\contents"
00:00:02.519 |I| ModLoader QueryContentsDir: Searching mods for DLC 0100B04011743016 in "C:\Users\[redacted]\Downloads\MHRise-NPLN-Lab-v0.3-ready\MHRise-NPLN-Lab-v0.3-ready\lab-runtime\sdcard\atmosphere\contents"
00:00:02.519 |I| ModLoader QueryContentsDir: Searching mods for DLC 0100B04011743017 in "C:\Users\[redacted]\Downloads\MHRise-NPLN-Lab-v0.3-ready\MHRise-NPLN-Lab-v0.3-ready\lab-runtime\sdcard\atmosphere\contents"
00:00:02.519 |I| ModLoader QueryContentsDir: Searching mods for DLC 0100B04011743018 in "C:\Users\[redacted]\Downloads\MHRise-NPLN-Lab-v0.3-ready\MHRise-NPLN-Lab-v0.3-ready\lab-runtime\sdcard\atmosphere\contents"
00:00:02.519 |I| ModLoader QueryContentsDir: Searching mods for DLC 0100B04011743019 in "C:\Users\[redacted]\Downloads\MHRise-NPLN-Lab-v0.3-ready\MHRise-NPLN-Lab-v0.3-ready\lab-runtime\sdcard\atmosphere\contents"
00:00:02.519 |I| ModLoader QueryContentsDir: Searching mods for DLC 0100B0401174301A in "C:\Users\[redacted]\Downloads\MHRise-NPLN-Lab-v0.3-ready\MHRise-NPLN-Lab-v0.3-ready\lab-runtime\sdcard\atmosphere\contents"
00:00:02.519 |I| ModLoader QueryContentsDir: Searching mods for DLC 0100B0401174301B in "C:\Users\[redacted]\Downloads\MHRise-NPLN-Lab-v0.3-ready\MHRise-NPLN-Lab-v0.3-ready\lab-runtime\sdcard\atmosphere\contents"
00:00:02.520 |I| ModLoader QueryContentsDir: Searching mods for DLC 0100B0401174301C in "C:\Users\[redacted]\Downloads\MHRise-NPLN-Lab-v0.3-ready\MHRise-NPLN-Lab-v0.3-ready\lab-runtime\sdcard\atmosphere\contents"
00:00:02.520 |I| ModLoader QueryContentsDir: Searching mods for DLC 0100B0401174301D in "C:\Users\[redacted]\Downloads\MHRise-NPLN-Lab-v0.3-ready\MHRise-NPLN-Lab-v0.3-ready\lab-runtime\sdcard\atmosphere\contents"
00:00:02.520 |I| ModLoader QueryContentsDir: Searching mods for DLC 0100B0401174301E in "C:\Users\[redacted]\Downloads\MHRise-NPLN-Lab-v0.3-ready\MHRise-NPLN-Lab-v0.3-ready\lab-runtime\sdcard\atmosphere\contents"
00:00:02.520 |I| ModLoader QueryContentsDir: Searching mods for DLC 0100B0401174301F in "C:\Users\[redacted]\Downloads\MHRise-NPLN-Lab-v0.3-ready\MHRise-NPLN-Lab-v0.3-ready\lab-runtime\sdcard\atmosphere\contents"
00:00:02.520 |I| ModLoader QueryContentsDir: Searching mods for DLC 0100B04011743020 in "C:\Users\[redacted]\Downloads\MHRise-NPLN-Lab-v0.3-ready\MHRise-NPLN-Lab-v0.3-ready\lab-runtime\sdcard\atmosphere\contents"
00:00:02.520 |I| ModLoader QueryContentsDir: Searching mods for DLC 0100B04011743021 in "C:\Users\[redacted]\Downloads\MHRise-NPLN-Lab-v0.3-ready\MHRise-NPLN-Lab-v0.3-ready\lab-runtime\sdcard\atmosphere\contents"
00:00:02.520 |I| ModLoader QueryContentsDir: Searching mods for DLC 0100B04011743022 in "C:\Users\[redacted]\Downloads\MHRise-NPLN-Lab-v0.3-ready\MHRise-NPLN-Lab-v0.3-ready\lab-runtime\sdcard\atmosphere\contents"
00:00:02.520 |I| ModLoader QueryContentsDir: Searching mods for DLC 0100B04011743023 in "C:\Users\[redacted]\Downloads\MHRise-NPLN-Lab-v0.3-ready\MHRise-NPLN-Lab-v0.3-ready\lab-runtime\sdcard\atmosphere\contents"
00:00:02.520 |I| ModLoader QueryContentsDir: Searching mods for DLC 0100B04011743024 in "C:\Users\[redacted]\Downloads\MHRise-NPLN-Lab-v0.3-ready\MHRise-NPLN-Lab-v0.3-ready\lab-runtime\sdcard\atmosphere\contents"
00:00:02.520 |I| ModLoader QueryContentsDir: Searching mods for DLC 0100B04011743025 in "C:\Users\[redacted]\Downloads\MHRise-NPLN-Lab-v0.3-ready\MHRise-NPLN-Lab-v0.3-ready\lab-runtime\sdcard\atmosphere\contents"
00:00:02.520 |I| ModLoader QueryContentsDir: Searching mods for DLC 0100B04011743026 in "C:\Users\[redacted]\Downloads\MHRise-NPLN-Lab-v0.3-ready\MHRise-NPLN-Lab-v0.3-ready\lab-runtime\sdcard\atmosphere\contents"
00:00:02.520 |I| ModLoader QueryContentsDir: Searching mods for DLC 0100B04011743027 in "C:\Users\[redacted]\Downloads\MHRise-NPLN-Lab-v0.3-ready\MHRise-NPLN-Lab-v0.3-ready\lab-runtime\sdcard\atmosphere\contents"
00:00:02.520 |I| ModLoader QueryContentsDir: Searching mods for DLC 0100B04011743028 in "C:\Users\[redacted]\Downloads\MHRise-NPLN-Lab-v0.3-ready\MHRise-NPLN-Lab-v0.3-ready\lab-runtime\sdcard\atmosphere\contents"
00:00:02.521 |I| ModLoader QueryContentsDir: Searching mods for DLC 0100B04011743029 in "C:\Users\[redacted]\Downloads\MHRise-NPLN-Lab-v0.3-ready\MHRise-NPLN-Lab-v0.3-ready\lab-runtime\sdcard\atmosphere\contents"
00:00:02.521 |I| ModLoader QueryContentsDir: Searching mods for DLC 0100B0401174302A in "C:\Users\[redacted]\Downloads\MHRise-NPLN-Lab-v0.3-ready\MHRise-NPLN-Lab-v0.3-ready\lab-runtime\sdcard\atmosphere\contents"
00:00:02.521 |I| ModLoader QueryContentsDir: Searching mods for DLC 0100B0401174302B in "C:\Users\[redacted]\Downloads\MHRise-NPLN-Lab-v0.3-ready\MHRise-NPLN-Lab-v0.3-ready\lab-runtime\sdcard\atmosphere\contents"
00:00:02.521 |I| ModLoader QueryContentsDir: Searching mods for DLC 0100B0401174302C in "C:\Users\[redacted]\Downloads\MHRise-NPLN-Lab-v0.3-ready\MHRise-NPLN-Lab-v0.3-ready\lab-runtime\sdcard\atmosphere\contents"
00:00:02.521 |I| ModLoader QueryContentsDir: Searching mods for DLC 0100B0401174302D in "C:\Users\[redacted]\Downloads\MHRise-NPLN-Lab-v0.3-ready\MHRise-NPLN-Lab-v0.3-ready\lab-runtime\sdcard\atmosphere\contents"
00:00:02.521 |I| ModLoader QueryContentsDir: Searching mods for DLC 0100B0401174302E in "C:\Users\[redacted]\Downloads\MHRise-NPLN-Lab-v0.3-ready\MHRise-NPLN-Lab-v0.3-ready\lab-runtime\sdcard\atmosphere\contents"
00:00:02.521 |I| ModLoader QueryContentsDir: Searching mods for DLC 0100B0401174302F in "C:\Users\[redacted]\Downloads\MHRise-NPLN-Lab-v0.3-ready\MHRise-NPLN-Lab-v0.3-ready\lab-runtime\sdcard\atmosphere\contents"
00:00:02.521 |I| ModLoader QueryContentsDir: Searching mods for DLC 0100B04011743030 in "C:\Users\[redacted]\Downloads\MHRise-NPLN-Lab-v0.3-ready\MHRise-NPLN-Lab-v0.3-ready\lab-runtime\sdcard\atmosphere\contents"
00:00:02.521 |I| ModLoader QueryContentsDir: Searching mods for DLC 0100B04011743031 in "C:\Users\[redacted]\Downloads\MHRise-NPLN-Lab-v0.3-ready\MHRise-NPLN-Lab-v0.3-ready\lab-runtime\sdcard\atmosphere\contents"
00:00:02.521 |I| ModLoader QueryContentsDir: Searching mods for DLC 0100B04011743032 in "C:\Users\[redacted]\Downloads\MHRise-NPLN-Lab-v0.3-ready\MHRise-NPLN-Lab-v0.3-ready\lab-runtime\sdcard\atmosphere\contents"
00:00:02.521 |I| ModLoader QueryContentsDir: Searching mods for DLC 0100B04011743033 in "C:\Users\[redacted]\Downloads\MHRise-NPLN-Lab-v0.3-ready\MHRise-NPLN-Lab-v0.3-ready\lab-runtime\sdcard\atmosphere\contents"
00:00:02.521 |I| ModLoader QueryContentsDir: Searching mods for DLC 0100B04011743034 in "C:\Users\[redacted]\Downloads\MHRise-NPLN-Lab-v0.3-ready\MHRise-NPLN-Lab-v0.3-ready\lab-runtime\sdcard\atmosphere\contents"
00:00:02.521 |I| ModLoader QueryContentsDir: Searching mods for DLC 0100B04011743035 in "C:\Users\[redacted]\Downloads\MHRise-NPLN-Lab-v0.3-ready\MHRise-NPLN-Lab-v0.3-ready\lab-runtime\sdcard\atmosphere\contents"
00:00:02.521 |I| ModLoader QueryContentsDir: Searching mods for DLC 0100B04011743036 in "C:\Users\[redacted]\Downloads\MHRise-NPLN-Lab-v0.3-ready\MHRise-NPLN-Lab-v0.3-ready\lab-runtime\sdcard\atmosphere\contents"
00:00:02.522 |I| ModLoader QueryContentsDir: Searching mods for DLC 0100B04011743037 in "C:\Users\[redacted]\Downloads\MHRise-NPLN-Lab-v0.3-ready\MHRise-NPLN-Lab-v0.3-ready\lab-runtime\sdcard\atmosphere\contents"
00:00:02.522 |I| ModLoader QueryContentsDir: Searching mods for DLC 0100B04011743038 in "C:\Users\[redacted]\Downloads\MHRise-NPLN-Lab-v0.3-ready\MHRise-NPLN-Lab-v0.3-ready\lab-runtime\sdcard\atmosphere\contents"
00:00:02.522 |I| ModLoader QueryContentsDir: Searching mods for DLC 0100B04011743039 in "C:\Users\[redacted]\Downloads\MHRise-NPLN-Lab-v0.3-ready\MHRise-NPLN-Lab-v0.3-ready\lab-runtime\sdcard\atmosphere\contents"
00:00:02.522 |I| ModLoader QueryContentsDir: Searching mods for DLC 0100B0401174303A in "C:\Users\[redacted]\Downloads\MHRise-NPLN-Lab-v0.3-ready\MHRise-NPLN-Lab-v0.3-ready\lab-runtime\sdcard\atmosphere\contents"
00:00:02.522 |I| ModLoader QueryContentsDir: Searching mods for DLC 0100B0401174303B in "C:\Users\[redacted]\Downloads\MHRise-NPLN-Lab-v0.3-ready\MHRise-NPLN-Lab-v0.3-ready\lab-runtime\sdcard\atmosphere\contents"
00:00:02.522 |I| ModLoader QueryContentsDir: Searching mods for DLC 0100B0401174303C in "C:\Users\[redacted]\Downloads\MHRise-NPLN-Lab-v0.3-ready\MHRise-NPLN-Lab-v0.3-ready\lab-runtime\sdcard\atmosphere\contents"
00:00:02.522 |I| ModLoader QueryContentsDir: Searching mods for DLC 0100B0401174303D in "C:\Users\[redacted]\Downloads\MHRise-NPLN-Lab-v0.3-ready\MHRise-NPLN-Lab-v0.3-ready\lab-runtime\sdcard\atmosphere\contents"
00:00:02.522 |I| ModLoader QueryContentsDir: Searching mods for DLC 0100B0401174303E in "C:\Users\[redacted]\Downloads\MHRise-NPLN-Lab-v0.3-ready\MHRise-NPLN-Lab-v0.3-ready\lab-runtime\sdcard\atmosphere\contents"
00:00:02.522 |I| ModLoader QueryContentsDir: Searching mods for DLC 0100B0401174303F in "C:\Users\[redacted]\Downloads\MHRise-NPLN-Lab-v0.3-ready\MHRise-NPLN-Lab-v0.3-ready\lab-runtime\sdcard\atmosphere\contents"
00:00:02.522 |I| ModLoader QueryContentsDir: Searching mods for DLC 0100B04011743040 in "C:\Users\[redacted]\Downloads\MHRise-NPLN-Lab-v0.3-ready\MHRise-NPLN-Lab-v0.3-ready\lab-runtime\sdcard\atmosphere\contents"
00:00:02.522 |I| ModLoader QueryContentsDir: Searching mods for DLC 0100B04011743041 in "C:\Users\[redacted]\Downloads\MHRise-NPLN-Lab-v0.3-ready\MHRise-NPLN-Lab-v0.3-ready\lab-runtime\sdcard\atmosphere\contents"
00:00:02.522 |I| ModLoader QueryContentsDir: Searching mods for DLC 0100B04011743042 in "C:\Users\[redacted]\Downloads\MHRise-NPLN-Lab-v0.3-ready\MHRise-NPLN-Lab-v0.3-ready\lab-runtime\sdcard\atmosphere\contents"
00:00:02.522 |I| ModLoader QueryContentsDir: Searching mods for DLC 0100B04011743043 in "C:\Users\[redacted]\Downloads\MHRise-NPLN-Lab-v0.3-ready\MHRise-NPLN-Lab-v0.3-ready\lab-runtime\sdcard\atmosphere\contents"
00:00:02.523 |I| ModLoader QueryContentsDir: Searching mods for DLC 0100B04011743044 in "C:\Users\[redacted]\Downloads\MHRise-NPLN-Lab-v0.3-ready\MHRise-NPLN-Lab-v0.3-ready\lab-runtime\sdcard\atmosphere\contents"
00:00:02.523 |I| ModLoader QueryContentsDir: Searching mods for DLC 0100B04011743045 in "C:\Users\[redacted]\Downloads\MHRise-NPLN-Lab-v0.3-ready\MHRise-NPLN-Lab-v0.3-ready\lab-runtime\sdcard\atmosphere\contents"
00:00:02.523 |I| ModLoader QueryContentsDir: Searching mods for DLC 0100B04011743046 in "C:\Users\[redacted]\Downloads\MHRise-NPLN-Lab-v0.3-ready\MHRise-NPLN-Lab-v0.3-ready\lab-runtime\sdcard\atmosphere\contents"
00:00:02.523 |I| ModLoader QueryContentsDir: Searching mods for DLC 0100B04011743047 in "C:\Users\[redacted]\Downloads\MHRise-NPLN-Lab-v0.3-ready\MHRise-NPLN-Lab-v0.3-ready\lab-runtime\sdcard\atmosphere\contents"
00:00:02.523 |I| ModLoader QueryContentsDir: Searching mods for DLC 0100B04011743048 in "C:\Users\[redacted]\Downloads\MHRise-NPLN-Lab-v0.3-ready\MHRise-NPLN-Lab-v0.3-ready\lab-runtime\sdcard\atmosphere\contents"
00:00:02.523 |I| ModLoader QueryContentsDir: Searching mods for DLC 0100B04011743049 in "C:\Users\[redacted]\Downloads\MHRise-NPLN-Lab-v0.3-ready\MHRise-NPLN-Lab-v0.3-ready\lab-runtime\sdcard\atmosphere\contents"
00:00:02.523 |I| ModLoader QueryContentsDir: Searching mods for DLC 0100B0401174304A in "C:\Users\[redacted]\Downloads\MHRise-NPLN-Lab-v0.3-ready\MHRise-NPLN-Lab-v0.3-ready\lab-runtime\sdcard\atmosphere\contents"
00:00:02.523 |I| ModLoader QueryContentsDir: Searching mods for DLC 0100B0401174304B in "C:\Users\[redacted]\Downloads\MHRise-NPLN-Lab-v0.3-ready\MHRise-NPLN-Lab-v0.3-ready\lab-runtime\sdcard\atmosphere\contents"
00:00:02.523 |I| ModLoader QueryContentsDir: Searching mods for DLC 0100B0401174304C in "C:\Users\[redacted]\Downloads\MHRise-NPLN-Lab-v0.3-ready\MHRise-NPLN-Lab-v0.3-ready\lab-runtime\sdcard\atmosphere\contents"
00:00:02.523 |I| ModLoader QueryContentsDir: Searching mods for DLC 0100B0401174304D in "C:\Users\[redacted]\Downloads\MHRise-NPLN-Lab-v0.3-ready\MHRise-NPLN-Lab-v0.3-ready\lab-runtime\sdcard\atmosphere\contents"
00:00:02.523 |I| ModLoader QueryContentsDir: Searching mods for DLC 0100B0401174304E in "C:\Users\[redacted]\Downloads\MHRise-NPLN-Lab-v0.3-ready\MHRise-NPLN-Lab-v0.3-ready\lab-runtime\sdcard\atmosphere\contents"
00:00:02.523 |I| ModLoader QueryContentsDir: Searching mods for DLC 0100B0401174304F in "C:\Users\[redacted]\Downloads\MHRise-NPLN-Lab-v0.3-ready\MHRise-NPLN-Lab-v0.3-ready\lab-runtime\sdcard\atmosphere\contents"
00:00:02.523 |I| ModLoader QueryContentsDir: Searching mods for DLC 0100B04011743050 in "C:\Users\[redacted]\Downloads\MHRise-NPLN-Lab-v0.3-ready\MHRise-NPLN-Lab-v0.3-ready\lab-runtime\sdcard\atmosphere\contents"
00:00:02.523 |I| ModLoader QueryContentsDir: Searching mods for DLC 0100B04011743051 in "C:\Users\[redacted]\Downloads\MHRise-NPLN-Lab-v0.3-ready\MHRise-NPLN-Lab-v0.3-ready\lab-runtime\sdcard\atmosphere\contents"
00:00:02.524 |I| ModLoader QueryContentsDir: Searching mods for DLC 0100B04011743052 in "C:\Users\[redacted]\Downloads\MHRise-NPLN-Lab-v0.3-ready\MHRise-NPLN-Lab-v0.3-ready\lab-runtime\sdcard\atmosphere\contents"
00:00:02.524 |I| ModLoader QueryContentsDir: Searching mods for DLC 0100B04011743053 in "C:\Users\[redacted]\Downloads\MHRise-NPLN-Lab-v0.3-ready\MHRise-NPLN-Lab-v0.3-ready\lab-runtime\sdcard\atmosphere\contents"
00:00:02.524 |I| ModLoader QueryContentsDir: Searching mods for DLC 0100B04011743054 in "C:\Users\[redacted]\Downloads\MHRise-NPLN-Lab-v0.3-ready\MHRise-NPLN-Lab-v0.3-ready\lab-runtime\sdcard\atmosphere\contents"
00:00:02.524 |I| ModLoader QueryContentsDir: Searching mods for DLC 0100B04011743055 in "C:\Users\[redacted]\Downloads\MHRise-NPLN-Lab-v0.3-ready\MHRise-NPLN-Lab-v0.3-ready\lab-runtime\sdcard\atmosphere\contents"
00:00:02.524 |I| ModLoader QueryContentsDir: Searching mods for DLC 0100B04011743056 in "C:\Users\[redacted]\Downloads\MHRise-NPLN-Lab-v0.3-ready\MHRise-NPLN-Lab-v0.3-ready\lab-runtime\sdcard\atmosphere\contents"
00:00:02.524 |I| ModLoader QueryContentsDir: Searching mods for DLC 0100B04011743057 in "C:\Users\[redacted]\Downloads\MHRise-NPLN-Lab-v0.3-ready\MHRise-NPLN-Lab-v0.3-ready\lab-runtime\sdcard\atmosphere\contents"
00:00:02.524 |I| ModLoader QueryContentsDir: Searching mods for DLC 0100B04011743058 in "C:\Users\[redacted]\Downloads\MHRise-NPLN-Lab-v0.3-ready\MHRise-NPLN-Lab-v0.3-ready\lab-runtime\sdcard\atmosphere\contents"
00:00:02.524 |I| ModLoader QueryContentsDir: Searching mods for DLC 0100B04011743059 in "C:\Users\[redacted]\Downloads\MHRise-NPLN-Lab-v0.3-ready\MHRise-NPLN-Lab-v0.3-ready\lab-runtime\sdcard\atmosphere\contents"
00:00:02.524 |I| ModLoader QueryContentsDir: Searching mods for DLC 0100B0401174305A in "C:\Users\[redacted]\Downloads\MHRise-NPLN-Lab-v0.3-ready\MHRise-NPLN-Lab-v0.3-ready\lab-runtime\sdcard\atmosphere\contents"
00:00:02.524 |I| ModLoader QueryContentsDir: Searching mods for DLC 0100B0401174305B in "C:\Users\[redacted]\Downloads\MHRise-NPLN-Lab-v0.3-ready\MHRise-NPLN-Lab-v0.3-ready\lab-runtime\sdcard\atmosphere\contents"
00:00:02.524 |I| ModLoader QueryContentsDir: Searching mods for DLC 0100B0401174305C in "C:\Users\[redacted]\Downloads\MHRise-NPLN-Lab-v0.3-ready\MHRise-NPLN-Lab-v0.3-ready\lab-runtime\sdcard\atmosphere\contents"
00:00:02.524 |I| ModLoader QueryContentsDir: Searching mods for DLC 0100B0401174305D in "C:\Users\[redacted]\Downloads\MHRise-NPLN-Lab-v0.3-ready\MHRise-NPLN-Lab-v0.3-ready\lab-runtime\sdcard\atmosphere\contents"
00:00:02.524 |I| ModLoader QueryContentsDir: Searching mods for DLC 0100B0401174305E in "C:\Users\[redacted]\Downloads\MHRise-NPLN-Lab-v0.3-ready\MHRise-NPLN-Lab-v0.3-ready\lab-runtime\sdcard\atmosphere\contents"
00:00:02.525 |I| ModLoader QueryContentsDir: Searching mods for DLC 0100B0401174305F in "C:\Users\[redacted]\Downloads\MHRise-NPLN-Lab-v0.3-ready\MHRise-NPLN-Lab-v0.3-ready\lab-runtime\sdcard\atmosphere\contents"
00:00:02.525 |I| ModLoader QueryContentsDir: Searching mods for DLC 0100B04011743060 in "C:\Users\[redacted]\Downloads\MHRise-NPLN-Lab-v0.3-ready\MHRise-NPLN-Lab-v0.3-ready\lab-runtime\sdcard\atmosphere\contents"
00:00:02.525 |I| ModLoader QueryContentsDir: Searching mods for DLC 0100B04011743061 in "C:\Users\[redacted]\Downloads\MHRise-NPLN-Lab-v0.3-ready\MHRise-NPLN-Lab-v0.3-ready\lab-runtime\sdcard\atmosphere\contents"
00:00:02.525 |I| ModLoader QueryContentsDir: Searching mods for DLC 0100B04011743062 in "C:\Users\[redacted]\Downloads\MHRise-NPLN-Lab-v0.3-ready\MHRise-NPLN-Lab-v0.3-ready\lab-runtime\sdcard\atmosphere\contents"
00:00:02.525 |I| ModLoader QueryContentsDir: Searching mods for DLC 0100B04011743063 in "C:\Users\[redacted]\Downloads\MHRise-NPLN-Lab-v0.3-ready\MHRise-NPLN-Lab-v0.3-ready\lab-runtime\sdcard\atmosphere\contents"
00:00:02.525 |I| ModLoader QueryContentsDir: Searching mods for DLC 0100B04011743064 in "C:\Users\[redacted]\Downloads\MHRise-NPLN-Lab-v0.3-ready\MHRise-NPLN-Lab-v0.3-ready\lab-runtime\sdcard\atmosphere\contents"
00:00:02.525 |I| ModLoader QueryContentsDir: Searching mods for DLC 0100B04011743065 in "C:\Users\[redacted]\Downloads\MHRise-NPLN-Lab-v0.3-ready\MHRise-NPLN-Lab-v0.3-ready\lab-runtime\sdcard\atmosphere\contents"
00:00:02.525 |I| ModLoader QueryContentsDir: Searching mods for DLC 0100B04011743066 in "C:\Users\[redacted]\Downloads\MHRise-NPLN-Lab-v0.3-ready\MHRise-NPLN-Lab-v0.3-ready\lab-runtime\sdcard\atmosphere\contents"
00:00:02.525 |I| ModLoader QueryContentsDir: Searching mods for DLC 0100B04011743067 in "C:\Users\[redacted]\Downloads\MHRise-NPLN-Lab-v0.3-ready\MHRise-NPLN-Lab-v0.3-ready\lab-runtime\sdcard\atmosphere\contents"
00:00:02.525 |I| ModLoader QueryContentsDir: Searching mods for DLC 0100B04011743068 in "C:\Users\[redacted]\Downloads\MHRise-NPLN-Lab-v0.3-ready\MHRise-NPLN-Lab-v0.3-ready\lab-runtime\sdcard\atmosphere\contents"
00:00:02.525 |I| ModLoader QueryContentsDir: Searching mods for DLC 0100B04011743069 in "C:\Users\[redacted]\Downloads\MHRise-NPLN-Lab-v0.3-ready\MHRise-NPLN-Lab-v0.3-ready\lab-runtime\sdcard\atmosphere\contents"
00:00:02.525 |I| ModLoader QueryContentsDir: Searching mods for DLC 0100B0401174306A in "C:\Users\[redacted]\Downloads\MHRise-NPLN-Lab-v0.3-ready\MHRise-NPLN-Lab-v0.3-ready\lab-runtime\sdcard\atmosphere\contents"
00:00:02.526 |I| ModLoader QueryContentsDir: Searching mods for DLC 0100B0401174306B in "C:\Users\[redacted]\Downloads\MHRise-NPLN-Lab-v0.3-ready\MHRise-NPLN-Lab-v0.3-ready\lab-runtime\sdcard\atmosphere\contents"
00:00:02.526 |I| ModLoader QueryContentsDir: Searching mods for DLC 0100B0401174306C in "C:\Users\[redacted]\Downloads\MHRise-NPLN-Lab-v0.3-ready\MHRise-NPLN-Lab-v0.3-ready\lab-runtime\sdcard\atmosphere\contents"
00:00:02.526 |I| ModLoader QueryContentsDir: Searching mods for DLC 0100B0401174306D in "C:\Users\[redacted]\Downloads\MHRise-NPLN-Lab-v0.3-ready\MHRise-NPLN-Lab-v0.3-ready\lab-runtime\sdcard\atmosphere\contents"
00:00:02.526 |I| ModLoader QueryContentsDir: Searching mods for DLC 0100B0401174306E in "C:\Users\[redacted]\Downloads\MHRise-NPLN-Lab-v0.3-ready\MHRise-NPLN-Lab-v0.3-ready\lab-runtime\sdcard\atmosphere\contents"
00:00:02.526 |I| ModLoader QueryContentsDir: Searching mods for DLC 0100B0401174306F in "C:\Users\[redacted]\Downloads\MHRise-NPLN-Lab-v0.3-ready\MHRise-NPLN-Lab-v0.3-ready\lab-runtime\sdcard\atmosphere\contents"
00:00:02.526 |I| ModLoader QueryContentsDir: Searching mods for DLC 0100B04011743070 in "C:\Users\[redacted]\Downloads\MHRise-NPLN-Lab-v0.3-ready\MHRise-NPLN-Lab-v0.3-ready\lab-runtime\sdcard\atmosphere\contents"
00:00:02.526 |I| ModLoader QueryContentsDir: Searching mods for DLC 0100B04011743071 in "C:\Users\[redacted]\Downloads\MHRise-NPLN-Lab-v0.3-ready\MHRise-NPLN-Lab-v0.3-ready\lab-runtime\sdcard\atmosphere\contents"
00:00:02.526 |I| ModLoader QueryContentsDir: Searching mods for DLC 0100B04011743072 in "C:\Users\[redacted]\Downloads\MHRise-NPLN-Lab-v0.3-ready\MHRise-NPLN-Lab-v0.3-ready\lab-runtime\sdcard\atmosphere\contents"
00:00:02.526 |I| ModLoader QueryContentsDir: Searching mods for DLC 0100B04011743073 in "C:\Users\[redacted]\Downloads\MHRise-NPLN-Lab-v0.3-ready\MHRise-NPLN-Lab-v0.3-ready\lab-runtime\sdcard\atmosphere\contents"
00:00:02.526 |I| ModLoader QueryContentsDir: Searching mods for DLC 0100B04011743074 in "C:\Users\[redacted]\Downloads\MHRise-NPLN-Lab-v0.3-ready\MHRise-NPLN-Lab-v0.3-ready\lab-runtime\sdcard\atmosphere\contents"
00:00:02.526 |I| ModLoader QueryContentsDir: Searching mods for DLC 0100B04011743075 in "C:\Users\[redacted]\Downloads\MHRise-NPLN-Lab-v0.3-ready\MHRise-NPLN-Lab-v0.3-ready\lab-runtime\sdcard\atmosphere\contents"
00:00:02.526 |I| ModLoader QueryContentsDir: Searching mods for DLC 0100B04011743076 in "C:\Users\[redacted]\Downloads\MHRise-NPLN-Lab-v0.3-ready\MHRise-NPLN-Lab-v0.3-ready\lab-runtime\sdcard\atmosphere\contents"
00:00:02.526 |I| ModLoader QueryContentsDir: Searching mods for DLC 0100B04011743077 in "C:\Users\[redacted]\Downloads\MHRise-NPLN-Lab-v0.3-ready\MHRise-NPLN-Lab-v0.3-ready\lab-runtime\sdcard\atmosphere\contents"
00:00:02.527 |I| ModLoader QueryContentsDir: Searching mods for DLC 0100B04011743078 in "C:\Users\[redacted]\Downloads\MHRise-NPLN-Lab-v0.3-ready\MHRise-NPLN-Lab-v0.3-ready\lab-runtime\sdcard\atmosphere\contents"
00:00:02.527 |I| ModLoader QueryContentsDir: Searching mods for DLC 0100B04011743079 in "C:\Users\[redacted]\Downloads\MHRise-NPLN-Lab-v0.3-ready\MHRise-NPLN-Lab-v0.3-ready\lab-runtime\sdcard\atmosphere\contents"
00:00:02.527 |I| ModLoader QueryContentsDir: Searching mods for DLC 0100B0401174307A in "C:\Users\[redacted]\Downloads\MHRise-NPLN-Lab-v0.3-ready\MHRise-NPLN-Lab-v0.3-ready\lab-runtime\sdcard\atmosphere\contents"
00:00:02.527 |I| ModLoader QueryContentsDir: Searching mods for DLC 0100B0401174307B in "C:\Users\[redacted]\Downloads\MHRise-NPLN-Lab-v0.3-ready\MHRise-NPLN-Lab-v0.3-ready\lab-runtime\sdcard\atmosphere\contents"
00:00:02.527 |I| ModLoader QueryContentsDir: Searching mods for DLC 0100B0401174307C in "C:\Users\[redacted]\Downloads\MHRise-NPLN-Lab-v0.3-ready\MHRise-NPLN-Lab-v0.3-ready\lab-runtime\sdcard\atmosphere\contents"
00:00:02.527 |I| ModLoader QueryContentsDir: Searching mods for DLC 0100B0401174307D in "C:\Users\[redacted]\Downloads\MHRise-NPLN-Lab-v0.3-ready\MHRise-NPLN-Lab-v0.3-ready\lab-runtime\sdcard\atmosphere\contents"
00:00:02.527 |I| ModLoader QueryContentsDir: Searching mods for DLC 0100B0401174307E in "C:\Users\[redacted]\Downloads\MHRise-NPLN-Lab-v0.3-ready\MHRise-NPLN-Lab-v0.3-ready\lab-runtime\sdcard\atmosphere\contents"
00:00:02.527 |I| ModLoader QueryContentsDir: Searching mods for DLC 0100B0401174307F in "C:\Users\[redacted]\Downloads\MHRise-NPLN-Lab-v0.3-ready\MHRise-NPLN-Lab-v0.3-ready\lab-runtime\sdcard\atmosphere\contents"
00:00:02.527 |I| ModLoader QueryContentsDir: Searching mods for DLC 0100B04011743080 in "C:\Users\[redacted]\Downloads\MHRise-NPLN-Lab-v0.3-ready\MHRise-NPLN-Lab-v0.3-ready\lab-runtime\sdcard\atmosphere\contents"
00:00:02.527 |I| ModLoader QueryContentsDir: Searching mods for DLC 0100B04011743081 in "C:\Users\[redacted]\Downloads\MHRise-NPLN-Lab-v0.3-ready\MHRise-NPLN-Lab-v0.3-ready\lab-runtime\sdcard\atmosphere\contents"
00:00:02.527 |I| ModLoader QueryContentsDir: Searching mods for DLC 0100B04011743082 in "C:\Users\[redacted]\Downloads\MHRise-NPLN-Lab-v0.3-ready\MHRise-NPLN-Lab-v0.3-ready\lab-runtime\sdcard\atmosphere\contents"
00:00:02.527 |I| ModLoader QueryContentsDir: Searching mods for DLC 0100B04011743083 in "C:\Users\[redacted]\Downloads\MHRise-NPLN-Lab-v0.3-ready\MHRise-NPLN-Lab-v0.3-ready\lab-runtime\sdcard\atmosphere\contents"
00:00:02.527 |I| ModLoader QueryContentsDir: Searching mods for DLC 0100B04011743084 in "C:\Users\[redacted]\Downloads\MHRise-NPLN-Lab-v0.3-ready\MHRise-NPLN-Lab-v0.3-ready\lab-runtime\sdcard\atmosphere\contents"
00:00:02.528 |I| ModLoader QueryContentsDir: Searching mods for DLC 0100B04011743085 in "C:\Users\[redacted]\Downloads\MHRise-NPLN-Lab-v0.3-ready\MHRise-NPLN-Lab-v0.3-ready\lab-runtime\sdcard\atmosphere\contents"
00:00:02.528 |I| ModLoader QueryContentsDir: Searching mods for DLC 0100B04011743086 in "C:\Users\[redacted]\Downloads\MHRise-NPLN-Lab-v0.3-ready\MHRise-NPLN-Lab-v0.3-ready\lab-runtime\sdcard\atmosphere\contents"
00:00:02.528 |I| ModLoader QueryContentsDir: Searching mods for DLC 0100B04011743087 in "C:\Users\[redacted]\Downloads\MHRise-NPLN-Lab-v0.3-ready\MHRise-NPLN-Lab-v0.3-ready\lab-runtime\sdcard\atmosphere\contents"
00:00:02.528 |I| ModLoader QueryContentsDir: Searching mods for DLC 0100B04011743088 in "C:\Users\[redacted]\Downloads\MHRise-NPLN-Lab-v0.3-ready\MHRise-NPLN-Lab-v0.3-ready\lab-runtime\sdcard\atmosphere\contents"
00:00:02.528 |I| ModLoader QueryContentsDir: Searching mods for DLC 0100B04011743089 in "C:\Users\[redacted]\Downloads\MHRise-NPLN-Lab-v0.3-ready\MHRise-NPLN-Lab-v0.3-ready\lab-runtime\sdcard\atmosphere\contents"
00:00:02.528 |I| ModLoader QueryContentsDir: Searching mods for DLC 0100B0401174308A in "C:\Users\[redacted]\Downloads\MHRise-NPLN-Lab-v0.3-ready\MHRise-NPLN-Lab-v0.3-ready\lab-runtime\sdcard\atmosphere\contents"
00:00:02.528 |I| ModLoader QueryContentsDir: Searching mods for DLC 0100B0401174308B in "C:\Users\[redacted]\Downloads\MHRise-NPLN-Lab-v0.3-ready\MHRise-NPLN-Lab-v0.3-ready\lab-runtime\sdcard\atmosphere\contents"
00:00:02.528 |I| ModLoader QueryContentsDir: Searching mods for DLC 0100B0401174308C in "C:\Users\[redacted]\Downloads\MHRise-NPLN-Lab-v0.3-ready\MHRise-NPLN-Lab-v0.3-ready\lab-runtime\sdcard\atmosphere\contents"
00:00:02.528 |I| ModLoader QueryContentsDir: Searching mods for DLC 0100B0401174308D in "C:\Users\[redacted]\Downloads\MHRise-NPLN-Lab-v0.3-ready\MHRise-NPLN-Lab-v0.3-ready\lab-runtime\sdcard\atmosphere\contents"
00:00:02.528 |I| ModLoader QueryContentsDir: Searching mods for DLC 0100B0401174308E in "C:\Users\[redacted]\Downloads\MHRise-NPLN-Lab-v0.3-ready\MHRise-NPLN-Lab-v0.3-ready\lab-runtime\sdcard\atmosphere\contents"
00:00:02.528 |I| ModLoader QueryContentsDir: Searching mods for DLC 0100B0401174308F in "C:\Users\[redacted]\Downloads\MHRise-NPLN-Lab-v0.3-ready\MHRise-NPLN-Lab-v0.3-ready\lab-runtime\sdcard\atmosphere\contents"
00:00:02.528 |I| ModLoader QueryContentsDir: Searching mods for DLC 0100B04011743090 in "C:\Users\[redacted]\Downloads\MHRise-NPLN-Lab-v0.3-ready\MHRise-NPLN-Lab-v0.3-ready\lab-runtime\sdcard\atmosphere\contents"
00:00:02.528 |I| ModLoader QueryContentsDir: Searching mods for DLC 0100B04011743091 in "C:\Users\[redacted]\Downloads\MHRise-NPLN-Lab-v0.3-ready\MHRise-NPLN-Lab-v0.3-ready\lab-runtime\sdcard\atmosphere\contents"
00:00:02.528 |I| ModLoader QueryContentsDir: Searching mods for DLC 0100B04011743092 in "C:\Users\[redacted]\Downloads\MHRise-NPLN-Lab-v0.3-ready\MHRise-NPLN-Lab-v0.3-ready\lab-runtime\sdcard\atmosphere\contents"
00:00:02.529 |I| ModLoader QueryContentsDir: Searching mods for DLC 0100B04011743093 in "C:\Users\[redacted]\Downloads\MHRise-NPLN-Lab-v0.3-ready\MHRise-NPLN-Lab-v0.3-ready\lab-runtime\sdcard\atmosphere\contents"
00:00:02.529 |I| ModLoader QueryContentsDir: Searching mods for DLC 0100B04011743094 in "C:\Users\[redacted]\Downloads\MHRise-NPLN-Lab-v0.3-ready\MHRise-NPLN-Lab-v0.3-ready\lab-runtime\sdcard\atmosphere\contents"
00:00:02.529 |I| ModLoader QueryContentsDir: Searching mods for DLC 0100B04011743095 in "C:\Users\[redacted]\Downloads\MHRise-NPLN-Lab-v0.3-ready\MHRise-NPLN-Lab-v0.3-ready\lab-runtime\sdcard\atmosphere\contents"
00:00:02.529 |I| ModLoader QueryContentsDir: Searching mods for DLC 0100B04011743096 in "C:\Users\[redacted]\Downloads\MHRise-NPLN-Lab-v0.3-ready\MHRise-NPLN-Lab-v0.3-ready\lab-runtime\sdcard\atmosphere\contents"
00:00:02.529 |I| ModLoader QueryContentsDir: Searching mods for DLC 0100B04011743097 in "C:\Users\[redacted]\Downloads\MHRise-NPLN-Lab-v0.3-ready\MHRise-NPLN-Lab-v0.3-ready\lab-runtime\sdcard\atmosphere\contents"
00:00:02.529 |I| ModLoader QueryContentsDir: Searching mods for DLC 0100B04011743098 in "C:\Users\[redacted]\Downloads\MHRise-NPLN-Lab-v0.3-ready\MHRise-NPLN-Lab-v0.3-ready\lab-runtime\sdcard\atmosphere\contents"
00:00:02.529 |I| ModLoader QueryContentsDir: Searching mods for DLC 0100B04011743099 in "C:\Users\[redacted]\Downloads\MHRise-NPLN-Lab-v0.3-ready\MHRise-NPLN-Lab-v0.3-ready\lab-runtime\sdcard\atmosphere\contents"
00:00:02.529 |I| ModLoader QueryContentsDir: Searching mods for DLC 0100B0401174309A in "C:\Users\[redacted]\Downloads\MHRise-NPLN-Lab-v0.3-ready\MHRise-NPLN-Lab-v0.3-ready\lab-runtime\sdcard\atmosphere\contents"
00:00:02.529 |I| ModLoader QueryContentsDir: Searching mods for DLC 0100B0401174309B in "C:\Users\[redacted]\Downloads\MHRise-NPLN-Lab-v0.3-ready\MHRise-NPLN-Lab-v0.3-ready\lab-runtime\sdcard\atmosphere\contents"
00:00:02.529 |I| ModLoader QueryContentsDir: Searching mods for DLC 0100B0401174309C in "C:\Users\[redacted]\Downloads\MHRise-NPLN-Lab-v0.3-ready\MHRise-NPLN-Lab-v0.3-ready\lab-runtime\sdcard\atmosphere\contents"
00:00:02.529 |I| ModLoader QueryContentsDir: Searching mods for DLC 0100B0401174309D in "C:\Users\[redacted]\Downloads\MHRise-NPLN-Lab-v0.3-ready\MHRise-NPLN-Lab-v0.3-ready\lab-runtime\sdcard\atmosphere\contents"
00:00:02.529 |I| ModLoader QueryContentsDir: Searching mods for DLC 0100B0401174309E in "C:\Users\[redacted]\Downloads\MHRise-NPLN-Lab-v0.3-ready\MHRise-NPLN-Lab-v0.3-ready\lab-runtime\sdcard\atmosphere\contents"
00:00:02.530 |I| ModLoader QueryContentsDir: Searching mods for DLC 0100B0401174309F in "C:\Users\[redacted]\Downloads\MHRise-NPLN-Lab-v0.3-ready\MHRise-NPLN-Lab-v0.3-ready\lab-runtime\sdcard\atmosphere\contents"
00:00:02.530 |I| ModLoader QueryContentsDir: Searching mods for DLC 0100B040117430A0 in "C:\Users\[redacted]\Downloads\MHRise-NPLN-Lab-v0.3-ready\MHRise-NPLN-Lab-v0.3-ready\lab-runtime\sdcard\atmosphere\contents"
00:00:02.530 |I| ModLoader QueryContentsDir: Searching mods for DLC 0100B040117430A1 in "C:\Users\[redacted]\Downloads\MHRise-NPLN-Lab-v0.3-ready\MHRise-NPLN-Lab-v0.3-ready\lab-runtime\sdcard\atmosphere\contents"
00:00:02.530 |I| ModLoader QueryContentsDir: Searching mods for DLC 0100B040117430BA in "C:\Users\[redacted]\Downloads\MHRise-NPLN-Lab-v0.3-ready\MHRise-NPLN-Lab-v0.3-ready\lab-runtime\sdcard\atmosphere\contents"
00:00:02.530 |I| ModLoader QueryContentsDir: Searching mods for DLC 0100B040117430BB in "C:\Users\[redacted]\Downloads\MHRise-NPLN-Lab-v0.3-ready\MHRise-NPLN-Lab-v0.3-ready\lab-runtime\sdcard\atmosphere\contents"
00:00:02.530 |I| ModLoader QueryContentsDir: Searching mods for DLC 0100B040117430BC in "C:\Users\[redacted]\Downloads\MHRise-NPLN-Lab-v0.3-ready\MHRise-NPLN-Lab-v0.3-ready\lab-runtime\sdcard\atmosphere\contents"
00:00:02.530 |I| ModLoader QueryContentsDir: Searching mods for DLC 0100B040117430BD in "C:\Users\[redacted]\Downloads\MHRise-NPLN-Lab-v0.3-ready\MHRise-NPLN-Lab-v0.3-ready\lab-runtime\sdcard\atmosphere\contents"
00:00:02.530 |I| ModLoader QueryContentsDir: Searching mods for DLC 0100B040117430BE in "C:\Users\[redacted]\Downloads\MHRise-NPLN-Lab-v0.3-ready\MHRise-NPLN-Lab-v0.3-ready\lab-runtime\sdcard\atmosphere\contents"
00:00:02.530 |I| ModLoader QueryContentsDir: Searching mods for DLC 0100B040117430BF in "C:\Users\[redacted]\Downloads\MHRise-NPLN-Lab-v0.3-ready\MHRise-NPLN-Lab-v0.3-ready\lab-runtime\sdcard\atmosphere\contents"
00:00:02.530 |I| ModLoader QueryContentsDir: Searching mods for DLC 0100B040117430C0 in "C:\Users\[redacted]\Downloads\MHRise-NPLN-Lab-v0.3-ready\MHRise-NPLN-Lab-v0.3-ready\lab-runtime\sdcard\atmosphere\contents"
00:00:02.530 |I| ModLoader QueryContentsDir: Searching mods for DLC 0100B040117430C1 in "C:\Users\[redacted]\Downloads\MHRise-NPLN-Lab-v0.3-ready\MHRise-NPLN-Lab-v0.3-ready\lab-runtime\sdcard\atmosphere\contents"
00:00:02.530 |I| ModLoader QueryContentsDir: Searching mods for DLC 0100B040117430C2 in "C:\Users\[redacted]\Downloads\MHRise-NPLN-Lab-v0.3-ready\MHRise-NPLN-Lab-v0.3-ready\lab-runtime\sdcard\atmosphere\contents"
00:00:02.531 |I| ModLoader QueryContentsDir: Searching mods for DLC 0100B040117430C3 in "C:\Users\[redacted]\Downloads\MHRise-NPLN-Lab-v0.3-ready\MHRise-NPLN-Lab-v0.3-ready\lab-runtime\sdcard\atmosphere\contents"
00:00:02.531 |I| ModLoader QueryContentsDir: Searching mods for DLC 0100B040117430C4 in "C:\Users\[redacted]\Downloads\MHRise-NPLN-Lab-v0.3-ready\MHRise-NPLN-Lab-v0.3-ready\lab-runtime\sdcard\atmosphere\contents"
00:00:02.531 |I| ModLoader QueryContentsDir: Searching mods for DLC 0100B040117430C5 in "C:\Users\[redacted]\Downloads\MHRise-NPLN-Lab-v0.3-ready\MHRise-NPLN-Lab-v0.3-ready\lab-runtime\sdcard\atmosphere\contents"
00:00:02.531 |I| ModLoader QueryContentsDir: Searching mods for DLC 0100B040117430C6 in "C:\Users\[redacted]\Downloads\MHRise-NPLN-Lab-v0.3-ready\MHRise-NPLN-Lab-v0.3-ready\lab-runtime\sdcard\atmosphere\contents"
00:00:02.531 |I| ModLoader QueryContentsDir: Searching mods for DLC 0100B040117430C7 in "C:\Users\[redacted]\Downloads\MHRise-NPLN-Lab-v0.3-ready\MHRise-NPLN-Lab-v0.3-ready\lab-runtime\sdcard\atmosphere\contents"
00:00:02.531 |I| ModLoader QueryContentsDir: Searching mods for DLC 0100B040117430C8 in "C:\Users\[redacted]\Downloads\MHRise-NPLN-Lab-v0.3-ready\MHRise-NPLN-Lab-v0.3-ready\lab-runtime\sdcard\atmosphere\contents"
00:00:02.531 |I| ModLoader QueryContentsDir: Searching mods for DLC 0100B040117430C9 in "C:\Users\[redacted]\Downloads\MHRise-NPLN-Lab-v0.3-ready\MHRise-NPLN-Lab-v0.3-ready\lab-runtime\sdcard\atmosphere\contents"
00:00:02.531 |I| ModLoader QueryContentsDir: Searching mods for DLC 0100B040117430CA in "C:\Users\[redacted]\Downloads\MHRise-NPLN-Lab-v0.3-ready\MHRise-NPLN-Lab-v0.3-ready\lab-runtime\sdcard\atmosphere\contents"
00:00:02.531 |I| ModLoader QueryContentsDir: Searching mods for DLC 0100B040117430CB in "C:\Users\[redacted]\Downloads\MHRise-NPLN-Lab-v0.3-ready\MHRise-NPLN-Lab-v0.3-ready\lab-runtime\sdcard\atmosphere\contents"
00:00:02.531 |I| ModLoader QueryContentsDir: Searching mods for DLC 0100B040117430CC in "C:\Users\[redacted]\Downloads\MHRise-NPLN-Lab-v0.3-ready\MHRise-NPLN-Lab-v0.3-ready\lab-runtime\sdcard\atmosphere\contents"
00:00:02.531 |I| ModLoader QueryContentsDir: Searching mods for DLC 0100B040117430CD in "C:\Users\[redacted]\Downloads\MHRise-NPLN-Lab-v0.3-ready\MHRise-NPLN-Lab-v0.3-ready\lab-runtime\sdcard\atmosphere\contents"
00:00:02.531 |I| ModLoader QueryContentsDir: Searching mods for DLC 0100B040117430CE in "C:\Users\[redacted]\Downloads\MHRise-NPLN-Lab-v0.3-ready\MHRise-NPLN-Lab-v0.3-ready\lab-runtime\sdcard\atmosphere\contents"
00:00:02.531 |I| ModLoader QueryContentsDir: Searching mods for DLC 0100B040117430CF in "C:\Users\[redacted]\Downloads\MHRise-NPLN-Lab-v0.3-ready\MHRise-NPLN-Lab-v0.3-ready\lab-runtime\sdcard\atmosphere\contents"
00:00:02.532 |I| ModLoader QueryContentsDir: Searching mods for DLC 0100B040117430D0 in "C:\Users\[redacted]\Downloads\MHRise-NPLN-Lab-v0.3-ready\MHRise-NPLN-Lab-v0.3-ready\lab-runtime\sdcard\atmosphere\contents"
00:00:02.532 |I| ModLoader QueryContentsDir: Searching mods for DLC 0100B040117430D1 in "C:\Users\[redacted]\Downloads\MHRise-NPLN-Lab-v0.3-ready\MHRise-NPLN-Lab-v0.3-ready\lab-runtime\sdcard\atmosphere\contents"
00:00:02.532 |I| ModLoader QueryContentsDir: Searching mods for DLC 0100B040117430D2 in "C:\Users\[redacted]\Downloads\MHRise-NPLN-Lab-v0.3-ready\MHRise-NPLN-Lab-v0.3-ready\lab-runtime\sdcard\atmosphere\contents"
00:00:02.532 |I| ModLoader QueryContentsDir: Searching mods for DLC 0100B040117430D3 in "C:\Users\[redacted]\Downloads\MHRise-NPLN-Lab-v0.3-ready\MHRise-NPLN-Lab-v0.3-ready\lab-runtime\sdcard\atmosphere\contents"
00:00:02.532 |I| ModLoader QueryContentsDir: Searching mods for DLC 0100B040117430D4 in "C:\Users\[redacted]\Downloads\MHRise-NPLN-Lab-v0.3-ready\MHRise-NPLN-Lab-v0.3-ready\lab-runtime\sdcard\atmosphere\contents"
00:00:02.532 |I| ModLoader QueryContentsDir: Searching mods for DLC 0100B040117430D5 in "C:\Users\[redacted]\Downloads\MHRise-NPLN-Lab-v0.3-ready\MHRise-NPLN-Lab-v0.3-ready\lab-runtime\sdcard\atmosphere\contents"
00:00:02.532 |I| ModLoader QueryContentsDir: Searching mods for DLC 0100B040117430D6 in "C:\Users\[redacted]\Downloads\MHRise-NPLN-Lab-v0.3-ready\MHRise-NPLN-Lab-v0.3-ready\lab-runtime\sdcard\atmosphere\contents"
00:00:02.532 |I| ModLoader QueryContentsDir: Searching mods for DLC 0100B040117430D7 in "C:\Users\[redacted]\Downloads\MHRise-NPLN-Lab-v0.3-ready\MHRise-NPLN-Lab-v0.3-ready\lab-runtime\sdcard\atmosphere\contents"
00:00:02.532 |I| ModLoader QueryContentsDir: Searching mods for DLC 0100B040117430D8 in "C:\Users\[redacted]\Downloads\MHRise-NPLN-Lab-v0.3-ready\MHRise-NPLN-Lab-v0.3-ready\lab-runtime\sdcard\atmosphere\contents"
00:00:02.532 |I| ModLoader QueryContentsDir: Searching mods for DLC 0100B040117430D9 in "C:\Users\[redacted]\Downloads\MHRise-NPLN-Lab-v0.3-ready\MHRise-NPLN-Lab-v0.3-ready\lab-runtime\sdcard\atmosphere\contents"
00:00:02.532 |I| ModLoader QueryContentsDir: Searching mods for DLC 0100B040117430DA in "C:\Users\[redacted]\Downloads\MHRise-NPLN-Lab-v0.3-ready\MHRise-NPLN-Lab-v0.3-ready\lab-runtime\sdcard\atmosphere\contents"
00:00:02.532 |I| ModLoader QueryContentsDir: Searching mods for DLC 0100B040117430DB in "C:\Users\[redacted]\Downloads\MHRise-NPLN-Lab-v0.3-ready\MHRise-NPLN-Lab-v0.3-ready\lab-runtime\sdcard\atmosphere\contents"
00:00:02.532 |I| ModLoader QueryContentsDir: Searching mods for DLC 0100B040117430DC in "C:\Users\[redacted]\Downloads\MHRise-NPLN-Lab-v0.3-ready\MHRise-NPLN-Lab-v0.3-ready\lab-runtime\sdcard\atmosphere\contents"
00:00:02.533 |I| ModLoader QueryContentsDir: Searching mods for DLC 0100B040117430DD in "C:\Users\[redacted]\Downloads\MHRise-NPLN-Lab-v0.3-ready\MHRise-NPLN-Lab-v0.3-ready\lab-runtime\sdcard\atmosphere\contents"
00:00:02.533 |I| ModLoader QueryContentsDir: Searching mods for DLC 0100B040117430DE in "C:\Users\[redacted]\Downloads\MHRise-NPLN-Lab-v0.3-ready\MHRise-NPLN-Lab-v0.3-ready\lab-runtime\sdcard\atmosphere\contents"
00:00:02.533 |I| ModLoader QueryContentsDir: Searching mods for DLC 0100B040117430DF in "C:\Users\[redacted]\Downloads\MHRise-NPLN-Lab-v0.3-ready\MHRise-NPLN-Lab-v0.3-ready\lab-runtime\sdcard\atmosphere\contents"
00:00:02.533 |I| ModLoader QueryContentsDir: Searching mods for DLC 0100B040117430E0 in "C:\Users\[redacted]\Downloads\MHRise-NPLN-Lab-v0.3-ready\MHRise-NPLN-Lab-v0.3-ready\lab-runtime\sdcard\atmosphere\contents"
00:00:02.533 |I| ModLoader QueryContentsDir: Searching mods for DLC 0100B040117430E1 in "C:\Users\[redacted]\Downloads\MHRise-NPLN-Lab-v0.3-ready\MHRise-NPLN-Lab-v0.3-ready\lab-runtime\sdcard\atmosphere\contents"
00:00:02.533 |I| ModLoader QueryContentsDir: Searching mods for DLC 0100B040117430E2 in "C:\Users\[redacted]\Downloads\MHRise-NPLN-Lab-v0.3-ready\MHRise-NPLN-Lab-v0.3-ready\lab-runtime\sdcard\atmosphere\contents"
00:00:02.533 |I| ModLoader QueryContentsDir: Searching mods for DLC 0100B040117430E3 in "C:\Users\[redacted]\Downloads\MHRise-NPLN-Lab-v0.3-ready\MHRise-NPLN-Lab-v0.3-ready\lab-runtime\sdcard\atmosphere\contents"
00:00:02.533 |I| ModLoader QueryContentsDir: Searching mods for DLC 0100B040117430E4 in "C:\Users\[redacted]\Downloads\MHRise-NPLN-Lab-v0.3-ready\MHRise-NPLN-Lab-v0.3-ready\lab-runtime\sdcard\atmosphere\contents"
00:00:02.533 |I| ModLoader QueryContentsDir: Searching mods for DLC 0100B040117430E5 in "C:\Users\[redacted]\Downloads\MHRise-NPLN-Lab-v0.3-ready\MHRise-NPLN-Lab-v0.3-ready\lab-runtime\sdcard\atmosphere\contents"
00:00:02.533 |I| ModLoader QueryContentsDir: Searching mods for DLC 0100B040117430E6 in "C:\Users\[redacted]\Downloads\MHRise-NPLN-Lab-v0.3-ready\MHRise-NPLN-Lab-v0.3-ready\lab-runtime\sdcard\atmosphere\contents"
00:00:02.533 |I| ModLoader QueryContentsDir: Searching mods for DLC 0100B040117430E7 in "C:\Users\[redacted]\Downloads\MHRise-NPLN-Lab-v0.3-ready\MHRise-NPLN-Lab-v0.3-ready\lab-runtime\sdcard\atmosphere\contents"
00:00:02.533 |I| ModLoader QueryContentsDir: Searching mods for DLC 0100B040117430E8 in "C:\Users\[redacted]\Downloads\MHRise-NPLN-Lab-v0.3-ready\MHRise-NPLN-Lab-v0.3-ready\lab-runtime\sdcard\atmosphere\contents"
00:00:02.533 |I| ModLoader QueryContentsDir: Searching mods for DLC 0100B040117430E9 in "C:\Users\[redacted]\Downloads\MHRise-NPLN-Lab-v0.3-ready\MHRise-NPLN-Lab-v0.3-ready\lab-runtime\sdcard\atmosphere\contents"
00:00:02.534 |I| ModLoader QueryContentsDir: Searching mods for DLC 0100B040117430EA in "C:\Users\[redacted]\Downloads\MHRise-NPLN-Lab-v0.3-ready\MHRise-NPLN-Lab-v0.3-ready\lab-runtime\sdcard\atmosphere\contents"
00:00:02.534 |I| ModLoader QueryContentsDir: Searching mods for DLC 0100B040117430EB in "C:\Users\[redacted]\Downloads\MHRise-NPLN-Lab-v0.3-ready\MHRise-NPLN-Lab-v0.3-ready\lab-runtime\sdcard\atmosphere\contents"
00:00:02.534 |I| ModLoader QueryContentsDir: Searching mods for DLC 0100B040117430EC in "C:\Users\[redacted]\Downloads\MHRise-NPLN-Lab-v0.3-ready\MHRise-NPLN-Lab-v0.3-ready\lab-runtime\sdcard\atmosphere\contents"
00:00:02.534 |I| ModLoader QueryContentsDir: Searching mods for DLC 0100B040117430ED in "C:\Users\[redacted]\Downloads\MHRise-NPLN-Lab-v0.3-ready\MHRise-NPLN-Lab-v0.3-ready\lab-runtime\sdcard\atmosphere\contents"
00:00:02.534 |I| ModLoader QueryContentsDir: Searching mods for DLC 0100B040117430EE in "C:\Users\[redacted]\Downloads\MHRise-NPLN-Lab-v0.3-ready\MHRise-NPLN-Lab-v0.3-ready\lab-runtime\sdcard\atmosphere\contents"
00:00:02.534 |I| ModLoader QueryContentsDir: Searching mods for DLC 0100B040117430EF in "C:\Users\[redacted]\Downloads\MHRise-NPLN-Lab-v0.3-ready\MHRise-NPLN-Lab-v0.3-ready\lab-runtime\sdcard\atmosphere\contents"
00:00:02.534 |I| ModLoader QueryContentsDir: Searching mods for DLC 0100B040117430F0 in "C:\Users\[redacted]\Downloads\MHRise-NPLN-Lab-v0.3-ready\MHRise-NPLN-Lab-v0.3-ready\lab-runtime\sdcard\atmosphere\contents"
00:00:02.534 |I| ModLoader QueryContentsDir: Searching mods for DLC 0100B040117430F1 in "C:\Users\[redacted]\Downloads\MHRise-NPLN-Lab-v0.3-ready\MHRise-NPLN-Lab-v0.3-ready\lab-runtime\sdcard\atmosphere\contents"
00:00:02.534 |I| ModLoader QueryContentsDir: Searching mods for DLC 0100B040117430F2 in "C:\Users\[redacted]\Downloads\MHRise-NPLN-Lab-v0.3-ready\MHRise-NPLN-Lab-v0.3-ready\lab-runtime\sdcard\atmosphere\contents"
00:00:02.534 |I| ModLoader QueryContentsDir: Searching mods for DLC 0100B040117430F3 in "C:\Users\[redacted]\Downloads\MHRise-NPLN-Lab-v0.3-ready\MHRise-NPLN-Lab-v0.3-ready\lab-runtime\sdcard\atmosphere\contents"
00:00:02.534 |I| ModLoader QueryContentsDir: Searching mods for DLC 0100B040117430F4 in "C:\Users\[redacted]\Downloads\MHRise-NPLN-Lab-v0.3-ready\MHRise-NPLN-Lab-v0.3-ready\lab-runtime\sdcard\atmosphere\contents"
00:00:02.534 |I| ModLoader QueryContentsDir: Searching mods for DLC 0100B040117430F5 in "C:\Users\[redacted]\Downloads\MHRise-NPLN-Lab-v0.3-ready\MHRise-NPLN-Lab-v0.3-ready\lab-runtime\sdcard\atmosphere\contents"
00:00:02.534 |I| ModLoader QueryContentsDir: Searching mods for DLC 0100B040117430F6 in "C:\Users\[redacted]\Downloads\MHRise-NPLN-Lab-v0.3-ready\MHRise-NPLN-Lab-v0.3-ready\lab-runtime\sdcard\atmosphere\contents"
00:00:02.535 |I| ModLoader QueryContentsDir: Searching mods for DLC 0100B040117430F7 in "C:\Users\[redacted]\Downloads\MHRise-NPLN-Lab-v0.3-ready\MHRise-NPLN-Lab-v0.3-ready\lab-runtime\sdcard\atmosphere\contents"
00:00:02.535 |I| ModLoader QueryContentsDir: Searching mods for DLC 0100B040117430F8 in "C:\Users\[redacted]\Downloads\MHRise-NPLN-Lab-v0.3-ready\MHRise-NPLN-Lab-v0.3-ready\lab-runtime\sdcard\atmosphere\contents"
00:00:02.535 |I| ModLoader QueryContentsDir: Searching mods for DLC 0100B040117430F9 in "C:\Users\[redacted]\Downloads\MHRise-NPLN-Lab-v0.3-ready\MHRise-NPLN-Lab-v0.3-ready\lab-runtime\sdcard\atmosphere\contents"
00:00:02.535 |I| ModLoader QueryContentsDir: Searching mods for DLC 0100B040117430FA in "C:\Users\[redacted]\Downloads\MHRise-NPLN-Lab-v0.3-ready\MHRise-NPLN-Lab-v0.3-ready\lab-runtime\sdcard\atmosphere\contents"
00:00:02.535 |I| ModLoader QueryContentsDir: Searching mods for DLC 0100B040117430FB in "C:\Users\[redacted]\Downloads\MHRise-NPLN-Lab-v0.3-ready\MHRise-NPLN-Lab-v0.3-ready\lab-runtime\sdcard\atmosphere\contents"
00:00:02.535 |I| ModLoader QueryContentsDir: Searching mods for DLC 0100B040117430FC in "C:\Users\[redacted]\Downloads\MHRise-NPLN-Lab-v0.3-ready\MHRise-NPLN-Lab-v0.3-ready\lab-runtime\sdcard\atmosphere\contents"
00:00:02.535 |I| ModLoader QueryContentsDir: Searching mods for DLC 0100B040117430FD in "C:\Users\[redacted]\Downloads\MHRise-NPLN-Lab-v0.3-ready\MHRise-NPLN-Lab-v0.3-ready\lab-runtime\sdcard\atmosphere\contents"
00:00:02.535 |I| ModLoader QueryContentsDir: Searching mods for DLC 0100B040117430FE in "C:\Users\[redacted]\Downloads\MHRise-NPLN-Lab-v0.3-ready\MHRise-NPLN-Lab-v0.3-ready\lab-runtime\sdcard\atmosphere\contents"
00:00:02.535 |I| ModLoader QueryContentsDir: Searching mods for DLC 0100B040117430FF in "C:\Users\[redacted]\Downloads\MHRise-NPLN-Lab-v0.3-ready\MHRise-NPLN-Lab-v0.3-ready\lab-runtime\sdcard\atmosphere\contents"
00:00:02.535 |I| ModLoader QueryContentsDir: Searching mods for DLC 0100B04011743100 in "C:\Users\[redacted]\Downloads\MHRise-NPLN-Lab-v0.3-ready\MHRise-NPLN-Lab-v0.3-ready\lab-runtime\sdcard\atmosphere\contents"
00:00:02.535 |I| ModLoader QueryContentsDir: Searching mods for DLC 0100B04011743101 in "C:\Users\[redacted]\Downloads\MHRise-NPLN-Lab-v0.3-ready\MHRise-NPLN-Lab-v0.3-ready\lab-runtime\sdcard\atmosphere\contents"
00:00:02.535 |I| ModLoader QueryContentsDir: Searching mods for DLC 0100B04011743102 in "C:\Users\[redacted]\Downloads\MHRise-NPLN-Lab-v0.3-ready\MHRise-NPLN-Lab-v0.3-ready\lab-runtime\sdcard\atmosphere\contents"
00:00:02.535 |I| ModLoader QueryContentsDir: Searching mods for DLC 0100B04011743103 in "C:\Users\[redacted]\Downloads\MHRise-NPLN-Lab-v0.3-ready\MHRise-NPLN-Lab-v0.3-ready\lab-runtime\sdcard\atmosphere\contents"
00:00:02.536 |I| ModLoader QueryContentsDir: Searching mods for DLC 0100B04011743104 in "C:\Users\[redacted]\Downloads\MHRise-NPLN-Lab-v0.3-ready\MHRise-NPLN-Lab-v0.3-ready\lab-runtime\sdcard\atmosphere\contents"
00:00:02.536 |I| ModLoader QueryContentsDir: Searching mods for DLC 0100B04011743105 in "C:\Users\[redacted]\Downloads\MHRise-NPLN-Lab-v0.3-ready\MHRise-NPLN-Lab-v0.3-ready\lab-runtime\sdcard\atmosphere\contents"
00:00:02.536 |I| ModLoader QueryContentsDir: Searching mods for DLC 0100B04011743106 in "C:\Users\[redacted]\Downloads\MHRise-NPLN-Lab-v0.3-ready\MHRise-NPLN-Lab-v0.3-ready\lab-runtime\sdcard\atmosphere\contents"
00:00:02.536 |I| ModLoader QueryContentsDir: Searching mods for DLC 0100B04011743107 in "C:\Users\[redacted]\Downloads\MHRise-NPLN-Lab-v0.3-ready\MHRise-NPLN-Lab-v0.3-ready\lab-runtime\sdcard\atmosphere\contents"
00:00:02.536 |I| ModLoader QueryContentsDir: Searching mods for DLC 0100B04011743108 in "C:\Users\[redacted]\Downloads\MHRise-NPLN-Lab-v0.3-ready\MHRise-NPLN-Lab-v0.3-ready\lab-runtime\sdcard\atmosphere\contents"
00:00:02.536 |I| ModLoader QueryContentsDir: Searching mods for DLC 0100B04011743109 in "C:\Users\[redacted]\Downloads\MHRise-NPLN-Lab-v0.3-ready\MHRise-NPLN-Lab-v0.3-ready\lab-runtime\sdcard\atmosphere\contents"
00:00:02.536 |I| ModLoader QueryContentsDir: Searching mods for DLC 0100B0401174310A in "C:\Users\[redacted]\Downloads\MHRise-NPLN-Lab-v0.3-ready\MHRise-NPLN-Lab-v0.3-ready\lab-runtime\sdcard\atmosphere\contents"
00:00:02.536 |I| ModLoader QueryContentsDir: Searching mods for DLC 0100B0401174310B in "C:\Users\[redacted]\Downloads\MHRise-NPLN-Lab-v0.3-ready\MHRise-NPLN-Lab-v0.3-ready\lab-runtime\sdcard\atmosphere\contents"
00:00:02.536 |I| ModLoader QueryContentsDir: Searching mods for DLC 0100B0401174310C in "C:\Users\[redacted]\Downloads\MHRise-NPLN-Lab-v0.3-ready\MHRise-NPLN-Lab-v0.3-ready\lab-runtime\sdcard\atmosphere\contents"
00:00:02.536 |I| ModLoader QueryContentsDir: Searching mods for DLC 0100B0401174310D in "C:\Users\[redacted]\Downloads\MHRise-NPLN-Lab-v0.3-ready\MHRise-NPLN-Lab-v0.3-ready\lab-runtime\sdcard\atmosphere\contents"
00:00:02.536 |I| ModLoader QueryContentsDir: Searching mods for DLC 0100B0401174310E in "C:\Users\[redacted]\Downloads\MHRise-NPLN-Lab-v0.3-ready\MHRise-NPLN-Lab-v0.3-ready\lab-runtime\sdcard\atmosphere\contents"
00:00:02.536 |I| ModLoader QueryContentsDir: Searching mods for DLC 0100B0401174310F in "C:\Users\[redacted]\Downloads\MHRise-NPLN-Lab-v0.3-ready\MHRise-NPLN-Lab-v0.3-ready\lab-runtime\sdcard\atmosphere\contents"
00:00:02.536 |I| ModLoader QueryContentsDir: Searching mods for DLC 0100B04011743110 in "C:\Users\[redacted]\Downloads\MHRise-NPLN-Lab-v0.3-ready\MHRise-NPLN-Lab-v0.3-ready\lab-runtime\sdcard\atmosphere\contents"
00:00:02.537 |I| ModLoader QueryContentsDir: Searching mods for DLC 0100B04011743111 in "C:\Users\[redacted]\Downloads\MHRise-NPLN-Lab-v0.3-ready\MHRise-NPLN-Lab-v0.3-ready\lab-runtime\sdcard\atmosphere\contents"
00:00:02.537 |I| ModLoader QueryContentsDir: Searching mods for DLC 0100B04011743112 in "C:\Users\[redacted]\Downloads\MHRise-NPLN-Lab-v0.3-ready\MHRise-NPLN-Lab-v0.3-ready\lab-runtime\sdcard\atmosphere\contents"
00:00:02.537 |I| ModLoader QueryContentsDir: Searching mods for DLC 0100B04011743113 in "C:\Users\[redacted]\Downloads\MHRise-NPLN-Lab-v0.3-ready\MHRise-NPLN-Lab-v0.3-ready\lab-runtime\sdcard\atmosphere\contents"
00:00:02.537 |I| ModLoader QueryContentsDir: Searching mods for DLC 0100B04011743114 in "C:\Users\[redacted]\Downloads\MHRise-NPLN-Lab-v0.3-ready\MHRise-NPLN-Lab-v0.3-ready\lab-runtime\sdcard\atmosphere\contents"
00:00:02.537 |I| ModLoader QueryContentsDir: Searching mods for DLC 0100B04011743115 in "C:\Users\[redacted]\Downloads\MHRise-NPLN-Lab-v0.3-ready\MHRise-NPLN-Lab-v0.3-ready\lab-runtime\sdcard\atmosphere\contents"
00:00:02.537 |I| ModLoader QueryContentsDir: Searching mods for DLC 0100B04011743116 in "C:\Users\[redacted]\Downloads\MHRise-NPLN-Lab-v0.3-ready\MHRise-NPLN-Lab-v0.3-ready\lab-runtime\sdcard\atmosphere\contents"
00:00:02.537 |I| ModLoader QueryContentsDir: Searching mods for DLC 0100B04011743117 in "C:\Users\[redacted]\Downloads\MHRise-NPLN-Lab-v0.3-ready\MHRise-NPLN-Lab-v0.3-ready\lab-runtime\sdcard\atmosphere\contents"
00:00:02.537 |I| ModLoader QueryContentsDir: Searching mods for DLC 0100B04011743118 in "C:\Users\[redacted]\Downloads\MHRise-NPLN-Lab-v0.3-ready\MHRise-NPLN-Lab-v0.3-ready\lab-runtime\sdcard\atmosphere\contents"
00:00:02.537 |I| ModLoader QueryContentsDir: Searching mods for DLC 0100B04011743119 in "C:\Users\[redacted]\Downloads\MHRise-NPLN-Lab-v0.3-ready\MHRise-NPLN-Lab-v0.3-ready\lab-runtime\sdcard\atmosphere\contents"
00:00:02.537 |I| ModLoader QueryContentsDir: Searching mods for DLC 0100B0401174311A in "C:\Users\[redacted]\Downloads\MHRise-NPLN-Lab-v0.3-ready\MHRise-NPLN-Lab-v0.3-ready\lab-runtime\sdcard\atmosphere\contents"
00:00:02.537 |I| ModLoader QueryContentsDir: Searching mods for DLC 0100B0401174311B in "C:\Users\[redacted]\Downloads\MHRise-NPLN-Lab-v0.3-ready\MHRise-NPLN-Lab-v0.3-ready\lab-runtime\sdcard\atmosphere\contents"
00:00:02.537 |I| ModLoader QueryContentsDir: Searching mods for DLC 0100B0401174311C in "C:\Users\[redacted]\Downloads\MHRise-NPLN-Lab-v0.3-ready\MHRise-NPLN-Lab-v0.3-ready\lab-runtime\sdcard\atmosphere\contents"
00:00:02.537 |I| ModLoader QueryContentsDir: Searching mods for DLC 0100B0401174311D in "C:\Users\[redacted]\Downloads\MHRise-NPLN-Lab-v0.3-ready\MHRise-NPLN-Lab-v0.3-ready\lab-runtime\sdcard\atmosphere\contents"
00:00:02.537 |I| ModLoader QueryContentsDir: Searching mods for DLC 0100B0401174311E in "C:\Users\[redacted]\Downloads\MHRise-NPLN-Lab-v0.3-ready\MHRise-NPLN-Lab-v0.3-ready\lab-runtime\sdcard\atmosphere\contents"
00:00:02.538 |I| ModLoader QueryContentsDir: Searching mods for DLC 0100B0401174311F in "C:\Users\[redacted]\Downloads\MHRise-NPLN-Lab-v0.3-ready\MHRise-NPLN-Lab-v0.3-ready\lab-runtime\sdcard\atmosphere\contents"
00:00:02.538 |I| ModLoader QueryContentsDir: Searching mods for DLC 0100B04011743120 in "C:\Users\[redacted]\Downloads\MHRise-NPLN-Lab-v0.3-ready\MHRise-NPLN-Lab-v0.3-ready\lab-runtime\sdcard\atmosphere\contents"
00:00:02.538 |I| ModLoader QueryContentsDir: Searching mods for DLC 0100B04011743121 in "C:\Users\[redacted]\Downloads\MHRise-NPLN-Lab-v0.3-ready\MHRise-NPLN-Lab-v0.3-ready\lab-runtime\sdcard\atmosphere\contents"
00:00:02.538 |I| ModLoader QueryContentsDir: Searching mods for DLC 0100B04011743122 in "C:\Users\[redacted]\Downloads\MHRise-NPLN-Lab-v0.3-ready\MHRise-NPLN-Lab-v0.3-ready\lab-runtime\sdcard\atmosphere\contents"
00:00:02.538 |I| ModLoader QueryContentsDir: Searching mods for DLC 0100B04011743123 in "C:\Users\[redacted]\Downloads\MHRise-NPLN-Lab-v0.3-ready\MHRise-NPLN-Lab-v0.3-ready\lab-runtime\sdcard\atmosphere\contents"
00:00:02.538 |I| ModLoader QueryContentsDir: Searching mods for DLC 0100B04011743125 in "C:\Users\[redacted]\Downloads\MHRise-NPLN-Lab-v0.3-ready\MHRise-NPLN-Lab-v0.3-ready\lab-runtime\sdcard\atmosphere\contents"
00:00:02.538 |I| ModLoader QueryContentsDir: Searching mods for DLC 0100B04011743126 in "C:\Users\[redacted]\Downloads\MHRise-NPLN-Lab-v0.3-ready\MHRise-NPLN-Lab-v0.3-ready\lab-runtime\sdcard\atmosphere\contents"
00:00:02.538 |I| ModLoader QueryContentsDir: Searching mods for DLC 0100B04011743127 in "C:\Users\[redacted]\Downloads\MHRise-NPLN-Lab-v0.3-ready\MHRise-NPLN-Lab-v0.3-ready\lab-runtime\sdcard\atmosphere\contents"
00:00:02.538 |I| ModLoader QueryContentsDir: Searching mods for DLC 0100B04011743128 in "C:\Users\[redacted]\Downloads\MHRise-NPLN-Lab-v0.3-ready\MHRise-NPLN-Lab-v0.3-ready\lab-runtime\sdcard\atmosphere\contents"
00:00:02.538 |I| ModLoader QueryContentsDir: Searching mods for DLC 0100B04011743129 in "C:\Users\[redacted]\Downloads\MHRise-NPLN-Lab-v0.3-ready\MHRise-NPLN-Lab-v0.3-ready\lab-runtime\sdcard\atmosphere\contents"
00:00:02.538 |I| ModLoader QueryContentsDir: Searching mods for DLC 0100B0401174312A in "C:\Users\[redacted]\Downloads\MHRise-NPLN-Lab-v0.3-ready\MHRise-NPLN-Lab-v0.3-ready\lab-runtime\sdcard\atmosphere\contents"
00:00:02.538 |I| ModLoader QueryContentsDir: Searching mods for DLC 0100B0401174312B in "C:\Users\[redacted]\Downloads\MHRise-NPLN-Lab-v0.3-ready\MHRise-NPLN-Lab-v0.3-ready\lab-runtime\sdcard\atmosphere\contents"
00:00:02.538 |I| ModLoader QueryContentsDir: Searching mods for DLC 0100B0401174312C in "C:\Users\[redacted]\Downloads\MHRise-NPLN-Lab-v0.3-ready\MHRise-NPLN-Lab-v0.3-ready\lab-runtime\sdcard\atmosphere\contents"
00:00:02.545 |I| Loader Load: Loading rtld...
00:00:02.567 |I| Loader PrintRoSectionInfo: rtld:
    Module: nnrtld
00:00:02.567 |I| Loader Load: Loading main...
00:00:06.310 |I| Loader PrintRoSectionInfo: main:
    Module: D:\RELauncher\engines\0\bin\Master\runtime_il2cpp.nss
    SDK Libraries: SDK MW+Nintendo+NintendoSDK_libcurl-11_4_3-Release
                   SDK MW+Nintendo+NintendoSDK_WebSocket-11_4_3-Release
                   SDK MW+Nintendo+Wslay-1_1_0-Release
                   SDK MW+Nintendo+NintendoSDK_NPLN-1_0_5-Release
                   SDK MW+Nintendo+NintendoSDK_Google_APIs_For_NPLN-1_0_5-Release
                   SDK MW+Nintendo+NintendoSDK_gRPC_For_NPLN-0_0_0-Release
                   SDK MW+Nintendo+NintendoSDK_OpenSSL_For_NPLN-0_0_0-Release
                   SDK MW+Nintendo+NintendoSDK_WebRTC_For_NPLN-0_0_0-Release
                   SDK MW+Nintendo+54374
                   SDK MW+Nintendo+PiaCommon-5_33_0
                   SDK MW+Nintendo+Pia-5_33_0
                   SDK MW+Nintendo+PiaLocal-5_33_0
                   SDK MW+Nintendo+PiaSession-5_33_0
                   SDK MW+Nintendo+PiaTransport-5_33_0
00:00:06.314 |I| Loader Load: Loading subsdk0...
00:00:06.382 |I| Loader PrintRoSectionInfo: subsdk0:
    Module: multimedia
    SDK Libraries: SDK MW+Nintendo+NintendoSDK_movie-11_4_3-Release
00:00:06.382 |I| Loader Load: Loading sdk...
00:00:06.592 |I| Loader PrintRoSectionInfo: sdk:
    Module: nnSdk
    FS SDK Version: 11.4.3
    SDK Libraries: SDK MW+Nintendo+NintendoSDK_libz-11_4_3-Release
                   SDK MW+Nintendo+NintendoSdk_nnSdk-11_4_3-Release
                   SDK MW+Nintendo+NintendoSDK_NVN-11_4_3-Release
00:00:06.653 |W| Loader LoadNsos: [Nextendo] NPDM meta.Flags=0x27 (bit0/Is64Bit=1, addrSpace=3) execCount=4
00:00:06.654 |N| Loader LoadNsos: [Nextendo] identifiant(s) de build : 6F8B1226CC8CD958021D6BFD226EBF23F892AB9B000000000000000000000000, C9A3DD7702075ECD90101F45553895822804D38F000000000000000000000000, 507F19D1240D09D00992248E8A0FD77EBD784EB4000000000000000000000000, 2D369D9999E3E10E665106F840FFFF9BDAA0BB8E000000000000000000000000
00:00:07.598 |I| Ptc Initialize: Initializing Profiled Persistent Translation Cache v7019
		 (title: 0100b04011742000, version: '16.0.2', selector: 'default', enabled: True).
00:00:14.755 |I| Ptc Load: Loaded Translation Cache (size: 178684751 bytes, translated functions: 65920).
00:00:14.890 |I| Ptc Load: Loaded Profiling Info (size: 366196 bytes, profiled functions: 83335).
00:00:14.930 |I| Application ParseCapability: Application requested cores with index range 0 to 2
00:00:14.936 |I| Loader LoadNsos: Loading image 0 at 0x0000000008500000...
00:00:14.967 |I| Loader LoadNsos: Loading image 1 at 0x0000000008504000...
00:00:16.066 |I| Loader LoadNsos: Loading image 2 at 0x000000001b0d6000...
00:00:16.085 |I| Loader LoadNsos: Loading image 3 at 0x000000001b77c000...
00:00:16.125 |I| ModLoader LoadCheats: Build ids found for application 0100B04011742000:
    6F8B1226CC8CD958021D6BFD226EBF23F892AB9B000000000000000000000000
    C9A3DD7702075ECD90101F45553895822804D38F000000000000000000000000
    507F19D1240D09D00992248E8A0FD77EBD784EB4000000000000000000000000
    2D369D9999E3E10E665106F840FFFF9BDAA0BB8E000000000000000000000000
00:00:16.134 |I| Application .ctor: metaLoader: LibHac.Loader.MetaLoader
00:00:16.166 |I| ModLoader Appliquer: [Nextendo] Ecran-titre : appel pour 0100B04011742000 (romfs present)
00:00:16.175 |I| Application EnsureSaveData: Ensuring required savedata exists.
00:00:16.220 |I| Application EnsureSaveData: [Nextendo] cache de livraison BCAT pret pour 0100B04011742000 (0 octets).
00:00:16.570 |I| Loader Start: Application Loaded: MONSTER HUNTER RISE v16.0.2 [0100b04011742000] [64-bit]
00:00:16.584 |I| Loader Start: Process identity: Application pid=109 program=0100b04011742000 application=0100b04011742000 index=0 version=16.0.2
00:00:16.880 |I| GUI.WindowThread Hid Configure: Configured Controller ProController to Player1
00:00:16.924 |I| GUI.WindowThread Hid SetupNpad: Connected Controller ProController to Player1
00:00:16.937 |I| Application PrimeAsync: [Nextendo][notif] in-game start — baseline 0 request(s), 0 friend(s), 0 in a game
00:00:18.118 |N| GUI.RenderThread Gpu PrintGpuInformation: AMD Radeon(TM) Vega 8 Graphics (Vulkan v1.3.260, Driver v2.0.279)
00:00:18.119 |N| GUI.RenderThread Gpu PrintGpuInformation: GPU Memory: 1024 MiB
00:00:18.147 |I| GPU.MainThread Gpu LoadShaders: Loading 421 shaders from the cache...
00:00:18.192 |I| Discord IPC Thread UI OuvrirClient: [Nextendo] Discord (app 1293250299716173864) a retenu large_image="1504264374062289077" externe=False
00:00:19.128 |W| GPU.AsyncTranslationThread.3 Gpu Log: Shader translator: Failed to find handle source for bindless access of type "texture2D".
00:00:19.128 |W| GPU.AsyncTranslationThread.3 Gpu Log: Shader translator: Failed to find handle source for bindless access of type "texture2D".
00:00:19.128 |W| GPU.AsyncTranslationThread.3 Gpu Log: Shader translator: Failed to find handle source for bindless access of type "texture2D".
00:00:19.128 |W| GPU.AsyncTranslationThread.3 Gpu Log: Shader translator: Failed to find handle source for bindless access of type "texture2D".
00:00:20.202 |W| GPU.AsyncTranslationThread.5 Gpu Log: Shader translator: Failed to find handle source for bindless access of type "textureCube".
00:00:20.202 |W| GPU.AsyncTranslationThread.5 Gpu Log: Shader translator: Failed to find handle source for bindless access of type "textureCube".
00:00:21.117 |W| GPU.AsyncTranslationThread.1 Gpu Log: Shader translator: Failed to find handle source for bindless access of type "textureCube".
00:00:21.117 |W| GPU.AsyncTranslationThread.1 Gpu Log: Shader translator: Failed to find handle source for bindless access of type "textureCube".
00:00:21.117 |W| GPU.AsyncTranslationThread.1 Gpu Log: Shader translator: Failed to find handle source for bindless access of type "textureCube".
00:00:21.117 |W| GPU.AsyncTranslationThread.1 Gpu Log: Shader translator: Failed to find handle source for bindless access of type "textureCube".
00:00:21.117 |W| GPU.AsyncTranslationThread.1 Gpu Log: Shader translator: Failed to find handle source for bindless access of type "textureCube".
00:00:21.117 |W| GPU.AsyncTranslationThread.1 Gpu Log: Shader translator: Failed to find handle source for bindless access of type "textureCube".
00:00:22.076 |W| GPU.AsyncTranslationThread.7 Gpu Log: Shader translator: Failed to find handle source for bindless access of type "texture2D".
00:00:22.076 |W| GPU.AsyncTranslationThread.7 Gpu Log: Shader translator: Failed to find handle source for bindless access of type "texture2D".
00:00:22.076 |W| GPU.AsyncTranslationThread.7 Gpu Log: Shader translator: Failed to find handle source for bindless access of type "texture2D".
00:00:22.076 |W| GPU.AsyncTranslationThread.7 Gpu Log: Shader translator: Failed to find handle source for bindless access of type "textureCube".
00:00:22.076 |W| GPU.AsyncTranslationThread.7 Gpu Log: Shader translator: Failed to find handle source for bindless access of type "textureCube".
00:00:22.158 |W| GPU.AsyncTranslationThread.3 Gpu Log: Shader translator: Failed to find handle source for bindless access of type "textureCube".
00:00:22.158 |W| GPU.AsyncTranslationThread.3 Gpu Log: Shader translator: Failed to find handle source for bindless access of type "textureCube".
00:00:22.159 |W| GPU.AsyncTranslationThread.1 Gpu Log: Shader translator: Failed to find handle source for bindless access of type "texture2D".
00:00:22.159 |W| GPU.AsyncTranslationThread.1 Gpu Log: Shader translator: Failed to find handle source for bindless access of type "texture2D".
00:00:22.159 |W| GPU.AsyncTranslationThread.1 Gpu Log: Shader translator: Failed to find handle source for bindless access of type "texture2D".
00:00:22.159 |W| GPU.AsyncTranslationThread.1 Gpu Log: Shader translator: Failed to find handle source for bindless access of type "textureCube".
00:00:22.159 |W| GPU.AsyncTranslationThread.1 Gpu Log: Shader translator: Failed to find handle source for bindless access of type "textureCube".
00:00:22.161 |W| GPU.AsyncTranslationThread.0 Gpu Log: Shader translator: Failed to find handle source for bindless access of type "textureCube".
00:00:22.161 |W| GPU.AsyncTranslationThread.0 Gpu Log: Shader translator: Failed to find handle source for bindless access of type "textureCube".
00:00:22.163 |W| GPU.AsyncTranslationThread.6 Gpu Log: Shader translator: Failed to find handle source for bindless access of type "texture2D".
00:00:22.163 |W| GPU.AsyncTranslationThread.6 Gpu Log: Shader translator: Failed to find handle source for bindless access of type "texture2D".
00:00:22.163 |W| GPU.AsyncTranslationThread.6 Gpu Log: Shader translator: Failed to find handle source for bindless access of type "texture2D".
00:00:22.163 |W| GPU.AsyncTranslationThread.6 Gpu Log: Shader translator: Failed to find handle source for bindless access of type "textureCube".
00:00:22.163 |W| GPU.AsyncTranslationThread.6 Gpu Log: Shader translator: Failed to find handle source for bindless access of type "textureCube".
00:00:22.191 |W| GPU.AsyncTranslationThread.4 Gpu Log: Shader translator: Failed to find handle source for bindless access of type "textureCube".
00:00:22.192 |W| GPU.AsyncTranslationThread.4 Gpu Log: Shader translator: Failed to find handle source for bindless access of type "textureCube".
00:00:22.264 |W| GPU.AsyncTranslationThread.5 Gpu Log: Shader translator: Failed to find handle source for bindless access of type "texture2D".
00:00:22.264 |W| GPU.AsyncTranslationThread.5 Gpu Log: Shader translator: Failed to find handle source for bindless access of type "texture2D".
00:00:22.264 |W| GPU.AsyncTranslationThread.5 Gpu Log: Shader translator: Failed to find handle source for bindless access of type "texture2D".
00:00:22.264 |W| GPU.AsyncTranslationThread.5 Gpu Log: Shader translator: Failed to find handle source for bindless access of type "textureCube".
00:00:22.264 |W| GPU.AsyncTranslationThread.5 Gpu Log: Shader translator: Failed to find handle source for bindless access of type "textureCube".
00:00:22.628 |W| GPU.AsyncTranslationThread.3 Gpu Log: Shader translator: Failed to find handle source for bindless access of type "texture2D".
00:00:22.628 |W| GPU.AsyncTranslationThread.3 Gpu Log: Shader translator: Failed to find handle source for bindless access of type "texture2D".
00:00:22.628 |W| GPU.AsyncTranslationThread.3 Gpu Log: Shader translator: Failed to find handle source for bindless access of type "texture2D".
00:00:22.628 |W| GPU.AsyncTranslationThread.3 Gpu Log: Shader translator: Failed to find handle source for bindless access of type "textureCube".
00:00:22.628 |W| GPU.AsyncTranslationThread.3 Gpu Log: Shader translator: Failed to find handle source for bindless access of type "textureCube".
00:00:22.629 |W| GPU.AsyncTranslationThread.0 Gpu Log: Shader translator: Failed to find handle source for bindless access of type "texture2D".
00:00:22.629 |W| GPU.AsyncTranslationThread.0 Gpu Log: Shader translator: Failed to find handle source for bindless access of type "texture2D".
00:00:22.629 |W| GPU.AsyncTranslationThread.0 Gpu Log: Shader translator: Failed to find handle source for bindless access of type "texture2D".
00:00:22.629 |W| GPU.AsyncTranslationThread.0 Gpu Log: Shader translator: Failed to find handle source for bindless access of type "textureCube".
00:00:22.629 |W| GPU.AsyncTranslationThread.0 Gpu Log: Shader translator: Failed to find handle source for bindless access of type "textureCube".
00:00:22.720 |W| GPU.AsyncTranslationThread.2 Gpu Log: Shader translator: Failed to find handle source for bindless access of type "textureCube".
00:00:22.720 |W| GPU.AsyncTranslationThread.2 Gpu Log: Shader translator: Failed to find handle source for bindless access of type "textureCube".
00:00:22.721 |W| GPU.AsyncTranslationThread.1 Gpu Log: Shader translator: Failed to find handle source for bindless access of type "textureCube".
00:00:22.721 |W| GPU.AsyncTranslationThread.1 Gpu Log: Shader translator: Failed to find handle source for bindless access of type "textureCube".
00:00:22.818 |W| GPU.AsyncTranslationThread.4 Gpu Log: Shader translator: Failed to find handle source for bindless access of type "textureCube".
00:00:22.818 |W| GPU.AsyncTranslationThread.4 Gpu Log: Shader translator: Failed to find handle source for bindless access of type "textureCube".
00:00:24.883 |W| GPU.AsyncTranslationThread.7 Gpu Log: Shader translator: Failed to find handle source for bindless access of type "textureCube".
00:00:24.883 |W| GPU.AsyncTranslationThread.7 Gpu Log: Shader translator: Failed to find handle source for bindless access of type "textureCube".
00:00:25.113 |W| GPU.AsyncTranslationThread.6 Gpu Log: Shader translator: Failed to find handle source for bindless access of type "texture2D".
00:00:25.113 |W| GPU.AsyncTranslationThread.6 Gpu Log: Shader translator: Failed to find handle source for bindless access of type "texture2D".
00:00:25.113 |W| GPU.AsyncTranslationThread.6 Gpu Log: Shader translator: Failed to find handle source for bindless access of type "texture2D".
00:00:25.114 |W| GPU.AsyncTranslationThread.6 Gpu Log: Shader translator: Failed to find handle source for bindless access of type "textureCube".
00:00:25.114 |W| GPU.AsyncTranslationThread.6 Gpu Log: Shader translator: Failed to find handle source for bindless access of type "textureCube".
00:00:25.430 |W| GPU.AsyncTranslationThread.2 Gpu Log: Shader translator: Failed to find handle source for bindless access of type "textureCube".
00:00:25.430 |W| GPU.AsyncTranslationThread.2 Gpu Log: Shader translator: Failed to find handle source for bindless access of type "textureCube".
00:00:25.432 |W| GPU.AsyncTranslationThread.0 Gpu Log: Shader translator: Failed to find handle source for bindless access of type "textureCube".
00:00:25.432 |W| GPU.AsyncTranslationThread.0 Gpu Log: Shader translator: Failed to find handle source for bindless access of type "textureCube".
00:00:25.537 |W| GPU.AsyncTranslationThread.1 Gpu Log: Shader translator: Failed to find handle source for bindless access of type "texture2D".
00:00:25.537 |W| GPU.AsyncTranslationThread.1 Gpu Log: Shader translator: Failed to find handle source for bindless access of type "texture2D".
00:00:25.537 |W| GPU.AsyncTranslationThread.1 Gpu Log: Shader translator: Failed to find handle source for bindless access of type "texture2D".
00:00:25.537 |W| GPU.AsyncTranslationThread.1 Gpu Log: Shader translator: Failed to find handle source for bindless access of type "textureCube".
00:00:25.537 |W| GPU.AsyncTranslationThread.1 Gpu Log: Shader translator: Failed to find handle source for bindless access of type "textureCube".
00:00:25.745 |W| GPU.AsyncTranslationThread.5 Gpu Log: Shader translator: Failed to find handle source for bindless access of type "textureCube".
00:00:25.745 |W| GPU.AsyncTranslationThread.5 Gpu Log: Shader translator: Failed to find handle source for bindless access of type "textureCube".
00:00:26.260 |W| GPU.AsyncTranslationThread.4 Gpu Log: Shader translator: Failed to find handle source for bindless access of type "textureCube".
00:00:26.260 |W| GPU.AsyncTranslationThread.4 Gpu Log: Shader translator: Failed to find handle source for bindless access of type "textureCube".
00:00:26.265 |W| GPU.AsyncTranslationThread.5 Gpu Log: Shader translator: Failed to find handle source for bindless access of type "textureCube".
00:00:26.265 |W| GPU.AsyncTranslationThread.5 Gpu Log: Shader translator: Failed to find handle source for bindless access of type "textureCube".
00:00:26.455 |W| GPU.AsyncTranslationThread.4 Gpu Log: Shader translator: Failed to find handle source for bindless access of type "textureCube".
00:00:26.456 |W| GPU.AsyncTranslationThread.4 Gpu Log: Shader translator: Failed to find handle source for bindless access of type "textureCube".
00:00:26.838 |W| GPU.AsyncTranslationThread.7 Gpu Log: Shader translator: Failed to find handle source for bindless access of type "textureCube".
00:00:26.838 |W| GPU.AsyncTranslationThread.7 Gpu Log: Shader translator: Failed to find handle source for bindless access of type "textureCube".
00:00:26.964 |W| GPU.AsyncTranslationThread.6 Gpu Log: Shader translator: Failed to find handle source for bindless access of type "textureCube".
00:00:26.964 |W| GPU.AsyncTranslationThread.6 Gpu Log: Shader translator: Failed to find handle source for bindless access of type "textureCube".
00:00:27.390 |W| GPU.AsyncTranslationThread.2 Gpu Log: Shader translator: Failed to find handle source for bindless access of type "textureCube".
00:00:27.390 |W| GPU.AsyncTranslationThread.2 Gpu Log: Shader translator: Failed to find handle source for bindless access of type "textureCube".
00:00:27.495 |W| GPU.AsyncTranslationThread.0 Gpu Log: Shader translator: Failed to find handle source for bindless access of type "textureCube".
00:00:27.495 |W| GPU.AsyncTranslationThread.0 Gpu Log: Shader translator: Failed to find handle source for bindless access of type "textureCube".
00:00:27.639 |W| GPU.AsyncTranslationThread.1 Gpu Log: Shader translator: Failed to find handle source for bindless access of type "textureCube".
00:00:27.639 |W| GPU.AsyncTranslationThread.1 Gpu Log: Shader translator: Failed to find handle source for bindless access of type "textureCube".
00:00:28.058 |W| GPU.AsyncTranslationThread.5 Gpu Log: Shader translator: Failed to find handle source for bindless access of type "textureCube".
00:00:28.058 |W| GPU.AsyncTranslationThread.5 Gpu Log: Shader translator: Failed to find handle source for bindless access of type "textureCube".
00:00:28.159 |W| GPU.AsyncTranslationThread.4 Gpu Log: Shader translator: Failed to find handle source for bindless access of type "textureCube".
00:00:28.159 |W| GPU.AsyncTranslationThread.4 Gpu Log: Shader translator: Failed to find handle source for bindless access of type "textureCube".
00:00:28.286 |W| GPU.AsyncTranslationThread.4 Gpu Log: Shader translator: Failed to find handle source for bindless access of type "textureCube".
00:00:28.286 |W| GPU.AsyncTranslationThread.4 Gpu Log: Shader translator: Failed to find handle source for bindless access of type "textureCube".
00:00:28.433 |W| GPU.AsyncTranslationThread.0 Gpu Log: Shader translator: Failed to find handle source for bindless access of type "textureCube".
00:00:28.433 |W| GPU.AsyncTranslationThread.0 Gpu Log: Shader translator: Failed to find handle source for bindless access of type "textureCube".
00:00:28.710 |W| GPU.AsyncTranslationThread.2 Gpu Log: Shader translator: Failed to find handle source for bindless access of type "textureCube".
00:00:28.710 |W| GPU.AsyncTranslationThread.2 Gpu Log: Shader translator: Failed to find handle source for bindless access of type "textureCube".
00:00:28.956 |W| GPU.AsyncTranslationThread.5 Gpu Log: Shader translator: Failed to find handle source for bindless access of type "textureCube".
00:00:28.956 |W| GPU.AsyncTranslationThread.5 Gpu Log: Shader translator: Failed to find handle source for bindless access of type "textureCube".
00:00:28.960 |W| GPU.AsyncTranslationThread.1 Gpu Log: Shader translator: Failed to find handle source for bindless access of type "textureCube".
00:00:28.960 |W| GPU.AsyncTranslationThread.1 Gpu Log: Shader translator: Failed to find handle source for bindless access of type "textureCube".
00:00:29.151 |W| GPU.AsyncTranslationThread.3 Gpu Log: Shader translator: Failed to find handle source for bindless access of type "textureCube".
00:00:29.151 |W| GPU.AsyncTranslationThread.3 Gpu Log: Shader translator: Failed to find handle source for bindless access of type "textureCube".
00:00:29.431 |W| GPU.AsyncTranslationThread.5 Gpu Log: Shader translator: Failed to find handle source for bindless access of type "textureCube".
00:00:29.431 |W| GPU.AsyncTranslationThread.5 Gpu Log: Shader translator: Failed to find handle source for bindless access of type "textureCube".
00:00:29.444 |W| GPU.AsyncTranslationThread.6 Gpu Log: Shader translator: Failed to find handle source for bindless access of type "textureCube".
00:00:29.444 |W| GPU.AsyncTranslationThread.6 Gpu Log: Shader translator: Failed to find handle source for bindless access of type "textureCube".
00:00:33.941 |W| GPU.AsyncTranslationThread.2 Gpu Log: Shader translator: Failed to find handle source for bindless access of type "texture2D".
00:00:33.941 |W| GPU.AsyncTranslationThread.2 Gpu Log: Shader translator: Failed to find handle source for bindless access of type "texture2D".
00:00:33.941 |W| GPU.AsyncTranslationThread.2 Gpu Log: Shader translator: Failed to find handle source for bindless access of type "texture2D".
00:00:33.941 |W| GPU.AsyncTranslationThread.2 Gpu Log: Shader translator: Failed to find handle source for bindless access of type "textureCube".
00:00:33.941 |W| GPU.AsyncTranslationThread.2 Gpu Log: Shader translator: Failed to find handle source for bindless access of type "textureCube".
00:00:34.008 |W| GPU.AsyncTranslationThread.5 Gpu Log: Shader translator: Failed to find handle source for bindless access of type "texture2D".
00:00:34.008 |W| GPU.AsyncTranslationThread.5 Gpu Log: Shader translator: Failed to find handle source for bindless access of type "texture2D".
00:00:34.009 |W| GPU.AsyncTranslationThread.5 Gpu Log: Shader translator: Failed to find handle source for bindless access of type "texture2D".
00:00:34.009 |W| GPU.AsyncTranslationThread.5 Gpu Log: Shader translator: Failed to find handle source for bindless access of type "textureCube".
00:00:34.009 |W| GPU.AsyncTranslationThread.5 Gpu Log: Shader translator: Failed to find handle source for bindless access of type "textureCube".
00:00:34.266 |W| GPU.AsyncTranslationThread.6 Gpu Log: Shader translator: Failed to find handle source for bindless access of type "texture2D".
00:00:34.267 |W| GPU.AsyncTranslationThread.6 Gpu Log: Shader translator: Failed to find handle source for bindless access of type "texture2D".
00:00:34.267 |W| GPU.AsyncTranslationThread.6 Gpu Log: Shader translator: Failed to find handle source for bindless access of type "texture2D".
00:00:34.267 |W| GPU.AsyncTranslationThread.6 Gpu Log: Shader translator: Failed to find handle source for bindless access of type "textureCube".
00:00:34.267 |W| GPU.AsyncTranslationThread.6 Gpu Log: Shader translator: Failed to find handle source for bindless access of type "textureCube".
00:00:34.271 |W| GPU.AsyncTranslationThread.1 Gpu Log: Shader translator: Failed to find handle source for bindless access of type "textureCube".
00:00:34.271 |W| GPU.AsyncTranslationThread.1 Gpu Log: Shader translator: Failed to find handle source for bindless access of type "textureCube".
00:00:34.488 |W| GPU.AsyncTranslationThread.3 Gpu Log: Shader translator: Failed to find handle source for bindless access of type "texture2D".
00:00:34.488 |W| GPU.AsyncTranslationThread.3 Gpu Log: Shader translator: Failed to find handle source for bindless access of type "texture2D".
00:00:34.488 |W| GPU.AsyncTranslationThread.3 Gpu Log: Shader translator: Failed to find handle source for bindless access of type "texture2D".
00:00:34.488 |W| GPU.AsyncTranslationThread.3 Gpu Log: Shader translator: Failed to find handle source for bindless access of type "textureCube".
00:00:34.488 |W| GPU.AsyncTranslationThread.3 Gpu Log: Shader translator: Failed to find handle source for bindless access of type "textureCube".
00:00:35.196 |W| GPU.AsyncTranslationThread.4 Gpu Log: Shader translator: Failed to find handle source for bindless access of type "texture2D".
00:00:35.196 |W| GPU.AsyncTranslationThread.4 Gpu Log: Shader translator: Failed to find handle source for bindless access of type "texture2D".
00:00:35.197 |W| GPU.AsyncTranslationThread.4 Gpu Log: Shader translator: Failed to find handle source for bindless access of type "texture2D".
00:00:35.197 |W| GPU.AsyncTranslationThread.4 Gpu Log: Shader translator: Failed to find handle source for bindless access of type "textureCube".
00:00:35.197 |W| GPU.AsyncTranslationThread.4 Gpu Log: Shader translator: Failed to find handle source for bindless access of type "textureCube".
00:00:35.286 |W| GPU.AsyncTranslationThread.2 Gpu Log: Shader translator: Failed to find handle source for bindless access of type "texture2D".
00:00:35.287 |W| GPU.AsyncTranslationThread.2 Gpu Log: Shader translator: Failed to find handle source for bindless access of type "texture2D".
00:00:35.287 |W| GPU.AsyncTranslationThread.2 Gpu Log: Shader translator: Failed to find handle source for bindless access of type "texture2D".
00:00:35.287 |W| GPU.AsyncTranslationThread.2 Gpu Log: Shader translator: Failed to find handle source for bindless access of type "textureCube".
00:00:35.287 |W| GPU.AsyncTranslationThread.2 Gpu Log: Shader translator: Failed to find handle source for bindless access of type "textureCube".
00:00:35.360 |W| GPU.AsyncTranslationThread.0 Gpu Log: Shader translator: Failed to find handle source for bindless access of type "textureCube".
00:00:35.360 |W| GPU.AsyncTranslationThread.0 Gpu Log: Shader translator: Failed to find handle source for bindless access of type "textureCube".
00:00:35.514 |W| GPU.AsyncTranslationThread.7 Gpu Log: Shader translator: Failed to find handle source for bindless access of type "textureCube".
00:00:35.514 |W| GPU.AsyncTranslationThread.7 Gpu Log: Shader translator: Failed to find handle source for bindless access of type "textureCube".
00:00:35.607 |W| GPU.AsyncTranslationThread.5 Gpu Log: Shader translator: Failed to find handle source for bindless access of type "textureCube".
00:00:35.607 |W| GPU.AsyncTranslationThread.5 Gpu Log: Shader translator: Failed to find handle source for bindless access of type "textureCube".
00:00:36.231 |W| GPU.AsyncTranslationThread.6 Gpu Log: Shader translator: Failed to find handle source for bindless access of type "texture2D".
00:00:36.231 |W| GPU.AsyncTranslationThread.6 Gpu Log: Shader translator: Failed to find handle source for bindless access of type "texture2D".
00:00:36.231 |W| GPU.AsyncTranslationThread.6 Gpu Log: Shader translator: Failed to find handle source for bindless access of type "texture2D".
00:00:36.232 |W| GPU.AsyncTranslationThread.6 Gpu Log: Shader translator: Failed to find handle source for bindless access of type "textureCube".
00:00:36.232 |W| GPU.AsyncTranslationThread.6 Gpu Log: Shader translator: Failed to find handle source for bindless access of type "textureCube".
00:00:39.334 |W| GPU.AsyncTranslationThread.0 Gpu Log: Shader translator: Failed to find handle source for bindless access of type "textureCube".
00:00:39.334 |W| GPU.AsyncTranslationThread.0 Gpu Log: Shader translator: Failed to find handle source for bindless access of type "textureCube".
00:00:39.466 |W| GPU.AsyncTranslationThread.3 Gpu Log: Shader translator: Failed to find handle source for bindless access of type "textureCube".
00:00:39.466 |W| GPU.AsyncTranslationThread.3 Gpu Log: Shader translator: Failed to find handle source for bindless access of type "textureCube".
00:00:39.806 |W| GPU.AsyncTranslationThread.2 Gpu Log: Shader translator: Failed to find handle source for bindless access of type "textureCube".
00:00:39.806 |W| GPU.AsyncTranslationThread.2 Gpu Log: Shader translator: Failed to find handle source for bindless access of type "textureCube".
00:00:39.953 |W| GPU.AsyncTranslationThread.0 Gpu Log: Shader translator: Failed to find handle source for bindless access of type "textureCube".
00:00:39.954 |W| GPU.AsyncTranslationThread.0 Gpu Log: Shader translator: Failed to find handle source for bindless access of type "textureCube".
00:00:40.231 |W| GPU.AsyncTranslationThread.3 Gpu Log: Shader translator: Failed to find handle source for bindless access of type "textureCube".
00:00:40.231 |W| GPU.AsyncTranslationThread.3 Gpu Log: Shader translator: Failed to find handle source for bindless access of type "textureCube".
00:00:42.070 |W| GPU.AsyncTranslationThread.5 Gpu Log: Shader translator: Failed to find handle source for bindless access of type "textureCube".
00:00:42.107 |W| GPU.AsyncTranslationThread.5 Gpu Log: Shader translator: Failed to find handle source for bindless access of type "textureCube".
00:00:43.091 |W| GPU.AsyncTranslationThread.1 Gpu Log: Shader translator: Failed to find handle source for bindless access of type "textureCube".
00:00:43.091 |W| GPU.AsyncTranslationThread.1 Gpu Log: Shader translator: Failed to find handle source for bindless access of type "textureCube".
00:00:43.108 |W| GPU.AsyncTranslationThread.6 Gpu Log: Shader translator: Failed to find handle source for bindless access of type "textureCube".
00:00:43.108 |W| GPU.AsyncTranslationThread.6 Gpu Log: Shader translator: Failed to find handle source for bindless access of type "textureCube".
00:00:43.192 |W| GPU.AsyncTranslationThread.4 Gpu Log: Shader translator: Failed to find handle source for bindless access of type "textureCube".
00:00:43.192 |W| GPU.AsyncTranslationThread.4 Gpu Log: Shader translator: Failed to find handle source for bindless access of type "textureCube".
00:00:43.220 |W| GPU.AsyncTranslationThread.0 Gpu Log: Shader translator: Failed to find handle source for bindless access of type "textureCube".
00:00:43.220 |W| GPU.AsyncTranslationThread.0 Gpu Log: Shader translator: Failed to find handle source for bindless access of type "textureCube".
00:00:43.220 |W| GPU.AsyncTranslationThread.0 Gpu Log: Shader translator: Failed to find handle source for bindless access of type "textureCube".
00:00:43.220 |W| GPU.AsyncTranslationThread.0 Gpu Log: Shader translator: Failed to find handle source for bindless access of type "textureCube".
00:00:43.220 |W| GPU.AsyncTranslationThread.0 Gpu Log: Shader translator: Failed to find handle source for bindless access of type "textureCube".
00:00:43.220 |W| GPU.AsyncTranslationThread.0 Gpu Log: Shader translator: Failed to find handle source for bindless access of type "textureCube".
00:00:43.911 |W| GPU.AsyncTranslationThread.2 Gpu Log: Shader translator: Failed to find handle source for bindless access of type "texture2D".
00:00:43.911 |W| GPU.AsyncTranslationThread.2 Gpu Log: Shader translator: Failed to find handle source for bindless access of type "texture2D".
00:00:43.911 |W| GPU.AsyncTranslationThread.2 Gpu Log: Shader translator: Failed to find handle source for bindless access of type "texture2D".
00:00:43.911 |W| GPU.AsyncTranslationThread.2 Gpu Log: Shader translator: Failed to find handle source for bindless access of type "textureCube".
00:00:43.911 |W| GPU.AsyncTranslationThread.2 Gpu Log: Shader translator: Failed to find handle source for bindless access of type "textureCube".
00:00:44.225 |W| GPU.AsyncTranslationThread.0 Gpu Log: Shader translator: Failed to find handle source for bindless access of type "texture2D".
00:00:44.225 |W| GPU.AsyncTranslationThread.0 Gpu Log: Shader translator: Failed to find handle source for bindless access of type "texture2D".
00:00:44.225 |W| GPU.AsyncTranslationThread.0 Gpu Log: Shader translator: Failed to find handle source for bindless access of type "texture2D".
00:00:44.225 |W| GPU.AsyncTranslationThread.0 Gpu Log: Shader translator: Failed to find handle source for bindless access of type "textureCube".
00:00:44.225 |W| GPU.AsyncTranslationThread.0 Gpu Log: Shader translator: Failed to find handle source for bindless access of type "textureCube".
00:00:44.396 |W| GPU.AsyncTranslationThread.5 Gpu Log: Shader translator: Failed to find handle source for bindless access of type "textureCube".
00:00:44.396 |W| GPU.AsyncTranslationThread.5 Gpu Log: Shader translator: Failed to find handle source for bindless access of type "textureCube".
00:00:44.502 |E| GPU.AsyncTranslationThread.5 Gpu RecompileFromGuestCode: Error translating guest shader. Texture array length missing from the cache file.
00:00:45.250 |W| GPU.AsyncTranslationThread.2 Gpu Log: Shader translator: Failed to find handle source for bindless access of type "texture2D".
00:00:45.250 |W| GPU.AsyncTranslationThread.2 Gpu Log: Shader translator: Failed to find handle source for bindless access of type "texture2D".
00:00:45.250 |W| GPU.AsyncTranslationThread.2 Gpu Log: Shader translator: Failed to find handle source for bindless access of type "texture2D".
00:00:45.250 |W| GPU.AsyncTranslationThread.2 Gpu Log: Shader translator: Failed to find handle source for bindless access of type "textureCube".
00:00:45.250 |W| GPU.AsyncTranslationThread.2 Gpu Log: Shader translator: Failed to find handle source for bindless access of type "textureCube".
00:00:45.251 |E| GPU.AsyncTranslationThread.2 Gpu RecompileFromGuestCode: Error translating guest shader. Texture array length missing from the cache file.
00:00:45.879 |W| GPU.AsyncTranslationThread.4 Gpu Log: Shader translator: Failed to find handle source for bindless access of type "textureCube".
00:00:45.879 |W| GPU.AsyncTranslationThread.4 Gpu Log: Shader translator: Failed to find handle source for bindless access of type "textureCube".
00:00:46.241 |W| GPU.AsyncTranslationThread.3 Gpu Log: Shader translator: Failed to find handle source for bindless access of type "texture2D".
00:00:46.241 |W| GPU.AsyncTranslationThread.3 Gpu Log: Shader translator: Failed to find handle source for bindless access of type "texture2D".
00:00:46.241 |W| GPU.AsyncTranslationThread.3 Gpu Log: Shader translator: Failed to find handle source for bindless access of type "texture2D".
00:00:46.241 |W| GPU.AsyncTranslationThread.3 Gpu Log: Shader translator: Failed to find handle source for bindless access of type "textureCube".
00:00:46.241 |W| GPU.AsyncTranslationThread.3 Gpu Log: Shader translator: Failed to find handle source for bindless access of type "textureCube".
00:00:46.469 |W| GPU.AsyncTranslationThread.5 Gpu Log: Shader translator: Failed to find handle source for bindless access of type "texture2D".
00:00:46.469 |W| GPU.AsyncTranslationThread.5 Gpu Log: Shader translator: Failed to find handle source for bindless access of type "texture2D".
00:00:46.469 |W| GPU.AsyncTranslationThread.5 Gpu Log: Shader translator: Failed to find handle source for bindless access of type "texture2D".
00:00:46.469 |W| GPU.AsyncTranslationThread.5 Gpu Log: Shader translator: Failed to find handle source for bindless access of type "textureCube".
00:00:46.469 |W| GPU.AsyncTranslationThread.5 Gpu Log: Shader translator: Failed to find handle source for bindless access of type "textureCube".
00:00:46.483 |W| GPU.AsyncTranslationThread.1 Gpu Log: Shader translator: Failed to find handle source for bindless access of type "texture2D".
00:00:46.483 |W| GPU.AsyncTranslationThread.1 Gpu Log: Shader translator: Failed to find handle source for bindless access of type "texture2D".
00:00:46.484 |W| GPU.AsyncTranslationThread.1 Gpu Log: Shader translator: Failed to find handle source for bindless access of type "texture2D".
00:00:46.484 |W| GPU.AsyncTranslationThread.1 Gpu Log: Shader translator: Failed to find handle source for bindless access of type "textureCube".
00:00:46.484 |W| GPU.AsyncTranslationThread.1 Gpu Log: Shader translator: Failed to find handle source for bindless access of type "textureCube".
00:00:46.484 |E| GPU.AsyncTranslationThread.1 Gpu RecompileFromGuestCode: Error translating guest shader. Texture array length missing from the cache file.
00:00:46.703 |W| GPU.AsyncTranslationThread.7 Gpu Log: Shader translator: Failed to find handle source for bindless access of type "texture2D".
00:00:46.703 |W| GPU.AsyncTranslationThread.7 Gpu Log: Shader translator: Failed to find handle source for bindless access of type "texture2D".
00:00:46.703 |W| GPU.AsyncTranslationThread.7 Gpu Log: Shader translator: Failed to find handle source for bindless access of type "texture2D".
00:00:46.703 |W| GPU.AsyncTranslationThread.7 Gpu Log: Shader translator: Failed to find handle source for bindless access of type "textureCube".
00:00:46.703 |W| GPU.AsyncTranslationThread.7 Gpu Log: Shader translator: Failed to find handle source for bindless access of type "textureCube".
00:00:46.705 |W| GPU.AsyncTranslationThread.3 Gpu Log: Shader translator: Failed to find handle source for bindless access of type "textureCube".
00:00:46.705 |W| GPU.AsyncTranslationThread.3 Gpu Log: Shader translator: Failed to find handle source for bindless access of type "textureCube".
00:00:46.722 |W| GPU.AsyncTranslationThread.5 Gpu Log: Shader translator: Failed to find handle source for bindless access of type "textureCube".
00:00:46.722 |W| GPU.AsyncTranslationThread.5 Gpu Log: Shader translator: Failed to find handle source for bindless access of type "textureCube".
00:00:47.213 |W| GPU.AsyncTranslationThread.2 Gpu Log: Shader translator: Failed to find handle source for bindless access of type "texture2D".
00:00:47.232 |W| GPU.AsyncTranslationThread.2 Gpu Log: Shader translator: Failed to find handle source for bindless access of type "texture2D".
00:00:47.232 |W| GPU.AsyncTranslationThread.2 Gpu Log: Shader translator: Failed to find handle source for bindless access of type "texture2D".
00:00:47.232 |W| GPU.AsyncTranslationThread.2 Gpu Log: Shader translator: Failed to find handle source for bindless access of type "textureCube".
00:00:47.232 |W| GPU.AsyncTranslationThread.2 Gpu Log: Shader translator: Failed to find handle source for bindless access of type "textureCube".
00:00:48.040 |W| GPU.AsyncTranslationThread.4 Gpu Log: Shader translator: Failed to find handle source for bindless access of type "textureCube".
00:00:48.040 |W| GPU.AsyncTranslationThread.4 Gpu Log: Shader translator: Failed to find handle source for bindless access of type "textureCube".
00:00:48.106 |W| GPU.AsyncTranslationThread.7 Gpu Log: Shader translator: Failed to find handle source for bindless access of type "textureCube".
00:00:48.106 |W| GPU.AsyncTranslationThread.7 Gpu Log: Shader translator: Failed to find handle source for bindless access of type "textureCube".
00:00:49.074 |W| GPU.AsyncTranslationThread.6 Gpu Log: Shader translator: Failed to find handle source for bindless access of type "textureCube".
00:00:49.074 |W| GPU.AsyncTranslationThread.6 Gpu Log: Shader translator: Failed to find handle source for bindless access of type "textureCube".
00:00:49.821 |W| GPU.AsyncTranslationThread.4 Gpu Log: Shader translator: Failed to find handle source for bindless access of type "textureCube".
00:00:49.821 |W| GPU.AsyncTranslationThread.4 Gpu Log: Shader translator: Failed to find handle source for bindless access of type "textureCube".
00:00:49.846 |W| GPU.AsyncTranslationThread.0 Gpu Log: Shader translator: Failed to find handle source for bindless access of type "textureCube".
00:00:49.846 |W| GPU.AsyncTranslationThread.0 Gpu Log: Shader translator: Failed to find handle source for bindless access of type "textureCube".
00:00:49.959 |W| GPU.AsyncTranslationThread.1 Gpu Log: Shader translator: Failed to find handle source for bindless access of type "textureCube".
00:00:49.959 |W| GPU.AsyncTranslationThread.1 Gpu Log: Shader translator: Failed to find handle source for bindless access of type "textureCube".
00:00:50.092 |W| GPU.AsyncTranslationThread.6 Gpu Log: Shader translator: Failed to find handle source for bindless access of type "textureCube".
00:00:50.092 |W| GPU.AsyncTranslationThread.6 Gpu Log: Shader translator: Failed to find handle source for bindless access of type "textureCube".
00:00:50.717 |W| GPU.AsyncTranslationThread.4 Gpu Log: Shader translator: Failed to find handle source for bindless access of type "texture2D".
00:00:50.717 |W| GPU.AsyncTranslationThread.4 Gpu Log: Shader translator: Failed to find handle source for bindless access of type "texture2D".
00:00:50.717 |W| GPU.AsyncTranslationThread.4 Gpu Log: Shader translator: Failed to find handle source for bindless access of type "texture2D".
00:00:50.717 |W| GPU.AsyncTranslationThread.4 Gpu Log: Shader translator: Failed to find handle source for bindless access of type "textureCube".
00:00:50.717 |W| GPU.AsyncTranslationThread.4 Gpu Log: Shader translator: Failed to find handle source for bindless access of type "textureCube".
00:00:50.860 |W| GPU.AsyncTranslationThread.0 Gpu Log: Shader translator: Failed to find handle source for bindless access of type "textureCube".
00:00:50.860 |W| GPU.AsyncTranslationThread.0 Gpu Log: Shader translator: Failed to find handle source for bindless access of type "textureCube".
00:00:50.952 |W| GPU.AsyncTranslationThread.7 Gpu Log: Shader translator: Failed to find handle source for bindless access of type "texture2D".
00:00:50.952 |W| GPU.AsyncTranslationThread.7 Gpu Log: Shader translator: Failed to find handle source for bindless access of type "texture2D".
00:00:50.952 |W| GPU.AsyncTranslationThread.7 Gpu Log: Shader translator: Failed to find handle source for bindless access of type "texture2D".
00:00:50.952 |W| GPU.AsyncTranslationThread.7 Gpu Log: Shader translator: Failed to find handle source for bindless access of type "textureCube".
00:00:50.952 |W| GPU.AsyncTranslationThread.7 Gpu Log: Shader translator: Failed to find handle source for bindless access of type "textureCube".
00:00:51.002 |W| GPU.AsyncTranslationThread.2 Gpu Log: Shader translator: Failed to find handle source for bindless access of type "textureCube".
00:00:51.002 |W| GPU.AsyncTranslationThread.6 Gpu Log: Shader translator: Failed to find handle source for bindless access of type "textureCube".
00:00:51.002 |W| GPU.AsyncTranslationThread.2 Gpu Log: Shader translator: Failed to find handle source for bindless access of type "textureCube".
00:00:51.002 |W| GPU.AsyncTranslationThread.6 Gpu Log: Shader translator: Failed to find handle source for bindless access of type "textureCube".
00:00:51.933 |W| GPU.AsyncTranslationThread.0 Gpu Log: Shader translator: Failed to find handle source for bindless access of type "textureCube".
00:00:51.933 |W| GPU.AsyncTranslationThread.0 Gpu Log: Shader translator: Failed to find handle source for bindless access of type "textureCube".
00:00:51.962 |W| GPU.AsyncTranslationThread.1 Gpu Log: Shader translator: Failed to find handle source for bindless access of type "textureCube".
00:00:51.962 |W| GPU.AsyncTranslationThread.1 Gpu Log: Shader translator: Failed to find handle source for bindless access of type "textureCube".
00:00:51.983 |W| GPU.AsyncTranslationThread.2 Gpu Log: Shader translator: Failed to find handle source for bindless access of type "textureCube".
00:00:51.983 |W| GPU.AsyncTranslationThread.2 Gpu Log: Shader translator: Failed to find handle source for bindless access of type "textureCube".
00:00:52.261 |W| GPU.AsyncTranslationThread.4 Gpu Log: Shader translator: Failed to find handle source for bindless access of type "texture2D".
00:00:52.261 |W| GPU.AsyncTranslationThread.4 Gpu Log: Shader translator: Failed to find handle source for bindless access of type "texture2D".
00:00:52.261 |W| GPU.AsyncTranslationThread.4 Gpu Log: Shader translator: Failed to find handle source for bindless access of type "texture2D".
00:00:52.261 |W| GPU.AsyncTranslationThread.4 Gpu Log: Shader translator: Failed to find handle source for bindless access of type "textureCube".
00:00:52.261 |W| GPU.AsyncTranslationThread.4 Gpu Log: Shader translator: Failed to find handle source for bindless access of type "textureCube".
00:00:52.267 |W| GPU.AsyncTranslationThread.5 Gpu Log: Shader translator: Failed to find handle source for bindless access of type "textureCube".
00:00:52.267 |W| GPU.AsyncTranslationThread.5 Gpu Log: Shader translator: Failed to find handle source for bindless access of type "textureCube".
00:00:52.356 |W| GPU.AsyncTranslationThread.0 Gpu Log: Shader translator: Failed to find handle source for bindless access of type "textureCube".
00:00:52.356 |W| GPU.AsyncTranslationThread.0 Gpu Log: Shader translator: Failed to find handle source for bindless access of type "textureCube".
00:00:52.358 |W| GPU.AsyncTranslationThread.7 Gpu Log: Shader translator: Failed to find handle source for bindless access of type "textureCube".
00:00:52.358 |W| GPU.AsyncTranslationThread.7 Gpu Log: Shader translator: Failed to find handle source for bindless access of type "textureCube".
00:00:52.390 |W| GPU.AsyncTranslationThread.6 Gpu Log: Shader translator: Failed to find handle source for bindless access of type "textureCube".
00:00:52.390 |W| GPU.AsyncTranslationThread.6 Gpu Log: Shader translator: Failed to find handle source for bindless access of type "textureCube".
00:00:52.474 |W| GPU.AsyncTranslationThread.1 Gpu Log: Shader translator: Failed to find handle source for bindless access of type "textureCube".
00:00:52.475 |W| GPU.AsyncTranslationThread.1 Gpu Log: Shader translator: Failed to find handle source for bindless access of type "textureCube".
00:00:52.650 |I| Configuration LogValueChange: SystemTimeOffset set to: -28
00:00:52.650 |I| Configuration LogValueChange: TickScalar set to: 50
00:00:52.652 |I| Configuration LogValueChange: GraphicsBackend set to: OpenGl
00:00:52.655 |I| Configuration LogValueChange: PreferredGpu set to: 0x1002_0x15D8
00:00:52.655 |I| Configuration LogValueChange: ResScale set to: -1
00:00:52.655 |I| Configuration LogValueChange: ResScaleCustom set to: 0.1
00:00:53.698 |I| Configuration LogValueChange: SystemTimeOffset set to: -29
00:00:53.771 |W| GPU.AsyncTranslationThread.4 Gpu Log: Shader translator: Failed to find handle source for bindless access of type "textureCube".
00:00:53.771 |W| GPU.AsyncTranslationThread.4 Gpu Log: Shader translator: Failed to find handle source for bindless access of type "textureCube".
00:00:53.914 |W| GPU.AsyncTranslationThread.2 Gpu Log: Shader translator: Failed to find handle source for bindless access of type "textureCube".
00:00:53.914 |W| GPU.AsyncTranslationThread.2 Gpu Log: Shader translator: Failed to find handle source for bindless access of type "textureCube".
00:00:54.245 |W| GPU.AsyncTranslationThread.3 Gpu Log: Shader translator: Failed to find handle source for bindless access of type "texture2D".
00:00:54.245 |W| GPU.AsyncTranslationThread.3 Gpu Log: Shader translator: Failed to find handle source for bindless access of type "texture2D".
00:00:54.245 |W| GPU.AsyncTranslationThread.3 Gpu Log: Shader translator: Failed to find handle source for bindless access of type "texture2D".
00:00:54.245 |W| GPU.AsyncTranslationThread.3 Gpu Log: Shader translator: Failed to find handle source for bindless access of type "textureCube".
00:00:54.245 |W| GPU.AsyncTranslationThread.3 Gpu Log: Shader translator: Failed to find handle source for bindless access of type "textureCube".
00:00:54.278 |W| GPU.AsyncTranslationThread.4 Gpu Log: Shader translator: Failed to find handle source for bindless access of type "texture2D".
00:00:54.278 |W| GPU.AsyncTranslationThread.4 Gpu Log: Shader translator: Failed to find handle source for bindless access of type "texture2D".
00:00:54.278 |W| GPU.AsyncTranslationThread.4 Gpu Log: Shader translator: Failed to find handle source for bindless access of type "texture2D".
00:00:54.278 |W| GPU.AsyncTranslationThread.4 Gpu Log: Shader translator: Failed to find handle source for bindless access of type "textureCube".
00:00:54.278 |W| GPU.AsyncTranslationThread.4 Gpu Log: Shader translator: Failed to find handle source for bindless access of type "textureCube".
00:00:54.330 |W| GPU.AsyncTranslationThread.6 Gpu Log: Shader translator: Failed to find handle source for bindless access of type "texture2D".
00:00:54.330 |W| GPU.AsyncTranslationThread.6 Gpu Log: Shader translator: Failed to find handle source for bindless access of type "texture2D".
00:00:54.330 |W| GPU.AsyncTranslationThread.6 Gpu Log: Shader translator: Failed to find handle source for bindless access of type "texture2D".
00:00:54.330 |W| GPU.AsyncTranslationThread.6 Gpu Log: Shader translator: Failed to find handle source for bindless access of type "textureCube".
00:00:54.330 |W| GPU.AsyncTranslationThread.6 Gpu Log: Shader translator: Failed to find handle source for bindless access of type "textureCube".
00:00:54.395 |W| GPU.AsyncTranslationThread.7 Gpu Log: Shader translator: Failed to find handle source for bindless access of type "texture2D".
00:00:54.395 |W| GPU.AsyncTranslationThread.7 Gpu Log: Shader translator: Failed to find handle source for bindless access of type "texture2D".
00:00:54.395 |W| GPU.AsyncTranslationThread.7 Gpu Log: Shader translator: Failed to find handle source for bindless access of type "texture2D".
00:00:54.395 |W| GPU.AsyncTranslationThread.7 Gpu Log: Shader translator: Failed to find handle source for bindless access of type "textureCube".
00:00:54.395 |W| GPU.AsyncTranslationThread.7 Gpu Log: Shader translator: Failed to find handle source for bindless access of type "textureCube".
00:00:54.505 |W| GPU.AsyncTranslationThread.1 Gpu Log: Shader translator: Failed to find handle source for bindless access of type "texture2D".
00:00:54.506 |W| GPU.AsyncTranslationThread.1 Gpu Log: Shader translator: Failed to find handle source for bindless access of type "texture2D".
00:00:54.506 |W| GPU.AsyncTranslationThread.1 Gpu Log: Shader translator: Failed to find handle source for bindless access of type "texture2D".
00:00:54.507 |W| GPU.AsyncTranslationThread.1 Gpu Log: Shader translator: Failed to find handle source for bindless access of type "textureCube".
00:00:54.507 |W| GPU.AsyncTranslationThread.1 Gpu Log: Shader translator: Failed to find handle source for bindless access of type "textureCube".
00:00:54.696 |W| GPU.AsyncTranslationThread.2 Gpu Log: Shader translator: Failed to find handle source for bindless access of type "texture2D".
00:00:54.696 |W| GPU.AsyncTranslationThread.2 Gpu Log: Shader translator: Failed to find handle source for bindless access of type "texture2D".
00:00:54.696 |W| GPU.AsyncTranslationThread.2 Gpu Log: Shader translator: Failed to find handle source for bindless access of type "texture2D".
00:00:54.696 |W| GPU.AsyncTranslationThread.2 Gpu Log: Shader translator: Failed to find handle source for bindless access of type "textureCube".
00:00:54.696 |W| GPU.AsyncTranslationThread.2 Gpu Log: Shader translator: Failed to find handle source for bindless access of type "textureCube".
00:00:54.749 |W| GPU.AsyncTranslationThread.0 Gpu Log: Shader translator: Failed to find handle source for bindless access of type "texture2D".
00:00:54.749 |W| GPU.AsyncTranslationThread.0 Gpu Log: Shader translator: Failed to find handle source for bindless access of type "texture2D".
00:00:54.749 |W| GPU.AsyncTranslationThread.0 Gpu Log: Shader translator: Failed to find handle source for bindless access of type "texture2D".
00:00:54.749 |W| GPU.AsyncTranslationThread.0 Gpu Log: Shader translator: Failed to find handle source for bindless access of type "textureCube".
00:00:54.749 |W| GPU.AsyncTranslationThread.0 Gpu Log: Shader translator: Failed to find handle source for bindless access of type "textureCube".
00:00:54.806 |W| GPU.AsyncTranslationThread.5 Gpu Log: Shader translator: Failed to find handle source for bindless access of type "texture2D".
00:00:54.806 |W| GPU.AsyncTranslationThread.5 Gpu Log: Shader translator: Failed to find handle source for bindless access of type "texture2D".
00:00:54.806 |W| GPU.AsyncTranslationThread.5 Gpu Log: Shader translator: Failed to find handle source for bindless access of type "texture2D".
00:00:54.806 |W| GPU.AsyncTranslationThread.5 Gpu Log: Shader translator: Failed to find handle source for bindless access of type "textureCube".
00:00:54.806 |W| GPU.AsyncTranslationThread.5 Gpu Log: Shader translator: Failed to find handle source for bindless access of type "textureCube".
00:00:55.486 |W| GPU.AsyncTranslationThread.6 Gpu Log: Shader translator: Failed to find handle source for bindless access of type "textureCube".
00:00:55.486 |W| GPU.AsyncTranslationThread.6 Gpu Log: Shader translator: Failed to find handle source for bindless access of type "textureCube".
00:00:55.544 |W| GPU.AsyncTranslationThread.0 Gpu Log: Shader translator: Failed to find handle source for bindless access of type "textureCube".
00:00:55.544 |W| GPU.AsyncTranslationThread.0 Gpu Log: Shader translator: Failed to find handle source for bindless access of type "textureCube".
00:00:55.546 |W| GPU.AsyncTranslationThread.7 Gpu Log: Shader translator: Failed to find handle source for bindless access of type "texture2D".
00:00:55.546 |W| GPU.AsyncTranslationThread.7 Gpu Log: Shader translator: Failed to find handle source for bindless access of type "texture2D".
00:00:55.546 |W| GPU.AsyncTranslationThread.4 Gpu Log: Shader translator: Failed to find handle source for bindless access of type "texture2D".
00:00:55.546 |W| GPU.AsyncTranslationThread.7 Gpu Log: Shader translator: Failed to find handle source for bindless access of type "texture2D".
00:00:55.546 |W| GPU.AsyncTranslationThread.4 Gpu Log: Shader translator: Failed to find handle source for bindless access of type "texture2D".
00:00:55.546 |W| GPU.AsyncTranslationThread.4 Gpu Log: Shader translator: Failed to find handle source for bindless access of type "texture2D".
00:00:55.546 |W| GPU.AsyncTranslationThread.7 Gpu Log: Shader translator: Failed to find handle source for bindless access of type "textureCube".
00:00:55.546 |W| GPU.AsyncTranslationThread.7 Gpu Log: Shader translator: Failed to find handle source for bindless access of type "textureCube".
00:00:55.546 |W| GPU.AsyncTranslationThread.4 Gpu Log: Shader translator: Failed to find handle source for bindless access of type "textureCube".
00:00:55.546 |W| GPU.AsyncTranslationThread.4 Gpu Log: Shader translator: Failed to find handle source for bindless access of type "textureCube".
00:00:55.676 |W| GPU.AsyncTranslationThread.1 Gpu Log: Shader translator: Failed to find handle source for bindless access of type "textureCube".
00:00:55.676 |W| GPU.AsyncTranslationThread.1 Gpu Log: Shader translator: Failed to find handle source for bindless access of type "textureCube".
00:00:55.813 |W| GPU.AsyncTranslationThread.3 Gpu Log: Shader translator: Failed to find handle source for bindless access of type "textureCube".
00:00:55.813 |W| GPU.AsyncTranslationThread.3 Gpu Log: Shader translator: Failed to find handle source for bindless access of type "textureCube".
00:00:55.846 |W| GPU.AsyncTranslationThread.5 Gpu Log: Shader translator: Failed to find handle source for bindless access of type "textureCube".
00:00:55.846 |W| GPU.AsyncTranslationThread.5 Gpu Log: Shader translator: Failed to find handle source for bindless access of type "textureCube".
00:00:56.714 |W| GPU.AsyncTranslationThread.6 Gpu Log: Shader translator: Failed to find handle source for bindless access of type "texture2D".
00:00:56.714 |W| GPU.AsyncTranslationThread.6 Gpu Log: Shader translator: Failed to find handle source for bindless access of type "texture2D".
00:00:56.714 |W| GPU.AsyncTranslationThread.6 Gpu Log: Shader translator: Failed to find handle source for bindless access of type "texture2D".
00:00:56.714 |W| GPU.AsyncTranslationThread.6 Gpu Log: Shader translator: Failed to find handle source for bindless access of type "textureCube".
00:00:56.714 |W| GPU.AsyncTranslationThread.6 Gpu Log: Shader translator: Failed to find handle source for bindless access of type "textureCube".
00:00:57.064 |W| GPU.AsyncTranslationThread.2 Gpu Log: Shader translator: Failed to find handle source for bindless access of type "texture2D".
00:00:57.064 |W| GPU.AsyncTranslationThread.2 Gpu Log: Shader translator: Failed to find handle source for bindless access of type "texture2D".
00:00:57.064 |W| GPU.AsyncTranslationThread.2 Gpu Log: Shader translator: Failed to find handle source for bindless access of type "texture2D".
00:00:57.064 |W| GPU.AsyncTranslationThread.2 Gpu Log: Shader translator: Failed to find handle source for bindless access of type "textureCube".
00:00:57.064 |W| GPU.AsyncTranslationThread.2 Gpu Log: Shader translator: Failed to find handle source for bindless access of type "textureCube".
00:00:57.473 |W| GPU.AsyncTranslationThread.1 Gpu Log: Shader translator: Failed to find handle source for bindless access of type "textureCube".
00:00:57.473 |W| GPU.AsyncTranslationThread.1 Gpu Log: Shader translator: Failed to find handle source for bindless access of type "textureCube".
00:00:58.032 |W| GPU.AsyncTranslationThread.3 Gpu Log: Shader translator: Failed to find handle source for bindless access of type "textureCube".
00:00:58.032 |W| GPU.AsyncTranslationThread.3 Gpu Log: Shader translator: Failed to find handle source for bindless access of type "textureCube".
00:00:58.135 |W| GPU.AsyncTranslationThread.1 Gpu Log: Shader translator: Failed to find handle source for bindless access of type "textureCube".
00:00:58.136 |W| GPU.AsyncTranslationThread.1 Gpu Log: Shader translator: Failed to find handle source for bindless access of type "textureCube".
00:00:58.217 |W| GPU.AsyncTranslationThread.0 Gpu Log: Shader translator: Failed to find handle source for bindless access of type "textureCube".
00:00:58.217 |W| GPU.AsyncTranslationThread.0 Gpu Log: Shader translator: Failed to find handle source for bindless access of type "textureCube".
00:00:58.329 |W| GPU.AsyncTranslationThread.4 Gpu Log: Shader translator: Failed to find handle source for bindless access of type "textureCube".
00:00:58.329 |W| GPU.AsyncTranslationThread.4 Gpu Log: Shader translator: Failed to find handle source for bindless access of type "textureCube".
00:00:58.356 |W| GPU.AsyncTranslationThread.2 Gpu Log: Shader translator: Failed to find handle source for bindless access of type "textureCube".
00:00:58.356 |W| GPU.AsyncTranslationThread.2 Gpu Log: Shader translator: Failed to find handle source for bindless access of type "textureCube".
00:00:58.523 |W| GPU.AsyncTranslationThread.0 Gpu Log: Shader translator: Failed to find handle source for bindless access of type "textureCube".
00:00:58.523 |W| GPU.AsyncTranslationThread.0 Gpu Log: Shader translator: Failed to find handle source for bindless access of type "textureCube".
00:00:58.709 |W| GPU.AsyncTranslationThread.7 Gpu Log: Shader translator: Failed to find handle source for bindless access of type "textureCube".
00:00:58.709 |W| GPU.AsyncTranslationThread.7 Gpu Log: Shader translator: Failed to find handle source for bindless access of type "textureCube".
00:00:58.757 |W| GPU.AsyncTranslationThread.4 Gpu Log: Shader translator: Failed to find handle source for bindless access of type "textureCube".
00:00:58.757 |W| GPU.AsyncTranslationThread.4 Gpu Log: Shader translator: Failed to find handle source for bindless access of type "textureCube".
00:00:59.097 |W| GPU.AsyncTranslationThread.5 Gpu Log: Shader translator: Failed to find handle source for bindless access of type "textureCube".
00:00:59.097 |W| GPU.AsyncTranslationThread.5 Gpu Log: Shader translator: Failed to find handle source for bindless access of type "textureCube".
00:00:59.418 |I| GPU.MainThread Gpu LoadShaders: Rebuilding 418 shaders...
00:01:00.709 |I| GPU.MainThread Gpu LoadShaders: Rebuilt 418 shaders successfully.
00:01:00.710 |I| GPU.MainThread Gpu LoadShaders: Shader cache loaded.
00:01:00.710 |W| GPU.MainThread Gpu Initialize: Failed to load 3 shaders from the disk cache.
00:01:03.836 |W| HLE.GuestThread.28 Cpu Allocate: JIT Cache of size 256 MB exhausted, creating new Cache Region (512 MB Total Allocation).
00:01:06.061 |W| HLE.GuestThread.28 Cpu Allocate: JIT Cache of size 512 MB exhausted, creating new Cache Region (768 MB Total Allocation).
00:01:11.271 |W| HLE.GuestThread.28 Cpu Allocate: JIT Cache of size 768 MB exhausted, creating new Cache Region (1 GB Total Allocation).
00:01:11.311 |I| HLE.GuestThread.28 Ptc LoadTranslations: 63732 translated functions loaded
00:01:11.456 |I| HLE.GuestThread.28 Ptc MakeAndSaveTranslations: 0 of 19603 functions translated | Thread count: 4
00:02:21.724 |I| HLE.GuestThread.28 Ptc MakeAndSaveTranslations: 19603 of 19603 functions translated in 69,5793332 seconds | 0 functions blacklisted | Thread count: 4
00:02:22.442 |S| {Common} ServiceAm GetAppletResourceUserId: Stubbed. {appletResourceUserId: 1}
00:02:22.472 |S| {Common} ServiceAm AcquireForegroundRights: Stubbed. 
00:02:22.472 |S| {Common} ServiceAm SetFocusHandlingMode: Stubbed. {unknownFlag1: False ; unknownFlag2: False ; unknownFlag3: True}
00:02:22.473 |S| {Common} ServiceAm SetOutOfFocusSuspendingEnabled: Stubbed. {outOfFocusSuspendingEnabled: False}
00:02:22.497 |S| {Common} ServicePctl Initialize: Stubbed. 
00:02:34.603 |S| {Bsd} ServiceBsd RegisterClient: Stubbed. 
00:02:34.617 |S| {Bsd} ServiceBsd StartMonitoring: Stubbed. {unknown0: 0}
00:02:34.622 |S| {Common} ServiceSsl SetInterfaceVersion: Stubbed. {interfaceVersion: 3}
00:02:39.971 |S| {Common} ServiceAm SetFocusHandlingMode: Stubbed. {unknownFlag1: True ; unknownFlag2: True ; unknownFlag3: False}
00:02:39.972 |S| {Common} ServiceAm SetOutOfFocusSuspendingEnabled: Stubbed. {outOfFocusSuspendingEnabled: False}
00:02:39.976 |S| {Common} ServiceAm SetRestartMessageEnabled: Stubbed. {restartMessageEnabled: True}
00:02:39.982 |S| {Common} ServiceAm SetOperationModeChangedNotification: Stubbed. {operationModeChangedNotification: True}
00:02:39.984 |S| {Common} ServiceAm SetPerformanceModeChangedNotification: Stubbed. {performanceModeChangedNotification: True}
00:02:39.984 |S| {Common} ServiceAm LockExit: Stubbed. 
00:02:40.029 |S| {Common} ServiceAcc InitializeApplicationInfo: Stubbed. {TitleId: 72251383255146496}
00:02:40.059 |W| {Common} Loader GetProcess: Process metadata for pid 110 was not found. Falling back to active application metadata.
00:02:40.059 |S| {Common} ServiceAcc IsUserAccountSwitchLocked: Stubbed. 
00:02:40.454 |S| {Nv} ServiceNv FinishInitialize: Stubbed. 
00:02:40.493 |I| {Common} SurfaceFlinger CreateLayerFromId: Creating layer 1
00:02:40.505 |I| {Common} SurfaceFlinger CreateLayerFromId: Creating layer 2
00:02:40.620 |I| {Nv} Gpu Initialize: AutoDelete Cache Allocated VRAM : 0 GiB
00:02:40.636 |S| {Nv} ServiceNv InitializeEx: Stubbed. 
00:02:40.725 |S| {Nv} ServiceNv GetActiveSlotMask: Stubbed. 
00:02:40.733 |S| {Nv} ServiceNv ZbcSetTable: Stubbed. 
00:02:40.735 |S| {Nv} ServiceNv GetActiveSlotMask: Stubbed. 
00:02:42.429 |S| {Nv} ServiceNv SetNvMapFd: Stubbed. 
00:02:42.433 |S| {Nv} ServiceNv AllocGpfifoEx2: Stubbed. 
00:02:42.435 |S| {Nv} ServiceNv AllocObjCtx: Stubbed. 
00:02:42.438 |S| {Nv} ServiceNv SetErrorNotifier: Stubbed. 
00:02:42.440 |S| {Nv} ServiceNv SetUserData: Stubbed. 
00:02:42.444 |S| {Nv} ServiceNv SetTimeout: Stubbed. 
00:02:42.446 |S| {Nv} ServiceNv SetTimeslice: Stubbed. 
00:02:42.452 |S| {Nv} ServiceNv ZcullBind: Stubbed. 
00:02:42.543 |I| Ptc.DiskWriter Ptc Save: Saved Translation Cache (size: 223107215 bytes, translated functions: 85523).
00:02:42.663 |S| {Common} ServiceAm GetDefaultDisplayResolutionChangeEvent: Stubbed. 
00:02:42.908 |W| <MainThread> KernelSvc : MapSharedMemory() = InvalidMemoryRegion
00:02:42.914 |S| {Hid} ServiceHid ActiveNpadImpl: Stubbed. {appletResourceUserId: 1 ; revision: 3}
00:02:42.918 |I| GUI.WindowThread Hid SetupNpad: Disconnected Controller ProController from Player1
00:02:42.923 |W| GUI.WindowThread Hid Remap: No matching controllers found. Application requests 'ProController, Handheld, JoyconPair, JoyconLeft, JoyconRight' on 'Player1, Player2, Player3, Player4, Player5, Player6, Player7, Player8, Handheld'
00:02:42.925 |I| GUI.WindowThread Hid SetupNpad: Connected Controller ProController to Player1
00:02:42.927 |S| {Hid} ServiceHid SetSupportedNpadIdType: Stubbed. 9 Players: Handheld,Player1,Player2,Player3,Player4,Player5,Player6,Player7,Player8
00:02:42.929 |S| {Hid} ServiceHid SetSupportedNpadStyleSet: Stubbed. {pid: 109 ; appletResourceUserId: 1 ; type: ProController, Handheld, JoyconPair, JoyconLeft, JoyconRight}
00:02:42.931 |S| {Hid} ServiceHid SetNpadHandheldActivationMode: Stubbed. {appletResourceUserId: 1 ; _npadHandheldActivationMode: Single}
00:02:42.932 |S| {Hid} ServiceHid StartSixAxisSensor: Stubbed. {appletResourceUserId: 1 ; sixAxisSensorHandle: 139268}
00:02:42.948 |S| {Hid} ServiceHid ActivateKeyboard: Stubbed. {appletResourceUserId: 1}
00:02:42.948 |S| {Hid} ServiceHid ActivateMouse: Stubbed. {appletResourceUserId: 1}
00:02:42.955 |S| {Hid} ServiceHid ActivateTouchScreen: Stubbed. {appletResourceUserId: 1}
00:02:42.957 |S| {Hid} ServiceHid ActivateGesture: Stubbed. {appletResourceUserId: 1 ; unknown0: 1}
00:02:43.283 |S| {Hid} ServiceHid StartSixAxisSensor: Stubbed. {appletResourceUserId: 1 ; sixAxisSensorHandle: 131075}
00:02:43.284 |S| {Hid} ServiceHid StartSixAxisSensor: Stubbed. {appletResourceUserId: 1 ; sixAxisSensorHandle: 5}
00:02:43.284 |S| {Hid} ServiceHid StartSixAxisSensor: Stubbed. {appletResourceUserId: 1 ; sixAxisSensorHandle: 65541}
00:02:43.285 |S| {Hid} ServiceHid StartSixAxisSensor: Stubbed. {appletResourceUserId: 1 ; sixAxisSensorHandle: 6}
00:02:43.285 |S| {Hid} ServiceHid StartSixAxisSensor: Stubbed. {appletResourceUserId: 1 ; sixAxisSensorHandle: 65543}
00:02:43.297 |S| {Common} ServiceAm GetLibraryAppletLaunchableEvent: Stubbed. 
00:02:43.304 |I| {Common} ServiceAm .ctor: Applet 'SoftwareKeyboard' created.
00:02:43.310 |S| {Common} ServiceAm PresetLibraryAppletGpuTimeSliceZero: Stubbed. 
00:02:43.408 |S| {Common} ServiceAm OnBackgroundInteractiveData: Inline keyboard request UseChangedStringV2
00:02:43.416 |S| {Common} ServiceAm OnBackgroundInteractiveData: Inline keyboard request UseMovedCursorV2
00:02:43.750 |W| {Nv} ServiceNv Wait: GPU processing thread is too slow, waiting on CPU...
00:02:45.132 |I| HLE.OsThread.11 AudioRenderer AcquireSessionId: Registered new output (0)
00:02:45.218 |I| HLE.OsThread.11 Audio EnsureAudioStreamSetup: New audio stream setup with a target sample count of 1024
00:02:51.525 |S| {Hid} ServiceHid SetSupportedNpadStyleSet: Stubbed. {pid: 109 ; appletResourceUserId: 1 ; type: ProController, Handheld, JoyconPair}
00:02:51.763 |S| {Common} ServicePctl CheckFreeCommunicationPermission: Stubbed. 
00:02:51.784 |I| Ptc.DiskWriter Ptc Save: Saved Profiling Info (size: 366202 bytes, profiled functions: 83336).
00:02:57.192 |S| {Nv} ServiceNv SetNvMapFd: Stubbed. 
00:02:57.212 |I| HLE.OsThread.19 ServiceMm : Initialized module=NvDec requestId=1 autoClearEvent=False
00:02:57.242 |S| {Nv} ServiceNv SetNvMapFd: Stubbed. 
00:02:57.244 |S| {Nv} ServiceNv SetSubmitTimeout: Stubbed. 
00:02:57.738 |S| {Common} ServicePctl IsFreeCommunicationAvailable: Stubbed. 
00:03:01.226 |S| {Nv} ServiceNv SetNvMapFd: Stubbed. 
00:03:02.659 |I| HLE.OsThread.19 ServiceMm : Finalized requestId=1
00:03:02.773 |S| {Common} ServicePctl IsFreeCommunicationAvailable: Stubbed. 
00:03:07.774 |S| {Common} ServicePctl IsFreeCommunicationAvailable: Stubbed. 
00:03:08.123 |S| {Common} ServiceNs PrepareAddOnContentImpl: Stubbed. {index: 12}
00:03:08.134 |I| {Fs} Loader OpenDataStorageByDataId: Opened AddOnContent Data TitleID=0100B0401174300C
00:03:08.140 |S| {Common} ServiceNs PrepareAddOnContentImpl: Stubbed. {index: 12}
00:03:08.145 |I| {Fs} Loader OpenDataStorageByDataId: Opened AddOnContent Data TitleID=0100B0401174300C
00:03:08.152 |S| {Common} ServiceNs PrepareAddOnContentImpl: Stubbed. {index: 13}
00:03:08.158 |I| {Fs} Loader OpenDataStorageByDataId: Opened AddOnContent Data TitleID=0100B0401174300D
00:03:08.162 |S| {Common} ServiceNs PrepareAddOnContentImpl: Stubbed. {index: 13}
00:03:08.163 |I| {Fs} Loader OpenDataStorageByDataId: Opened AddOnContent Data TitleID=0100B0401174300D
00:03:08.164 |S| {Common} ServiceNs PrepareAddOnContentImpl: Stubbed. {index: 14}
00:03:08.167 |I| {Fs} Loader OpenDataStorageByDataId: Opened AddOnContent Data TitleID=0100B0401174300E
00:03:08.168 |S| {Common} ServiceNs PrepareAddOnContentImpl: Stubbed. {index: 14}
00:03:08.204 |I| {Fs} Loader OpenDataStorageByDataId: Opened AddOnContent Data TitleID=0100B0401174300E
00:03:08.213 |S| {Common} ServiceNs PrepareAddOnContentImpl: Stubbed. {index: 15}
00:03:08.217 |I| {Fs} Loader OpenDataStorageByDataId: Opened AddOnContent Data TitleID=0100B0401174300F
00:03:08.224 |S| {Common} ServiceNs PrepareAddOnContentImpl: Stubbed. {index: 15}
00:03:08.226 |I| {Fs} Loader OpenDataStorageByDataId: Opened AddOnContent Data TitleID=0100B0401174300F
00:03:08.228 |S| {Common} ServiceNs PrepareAddOnContentImpl: Stubbed. {index: 16}
00:03:08.229 |I| {Fs} Loader OpenDataStorageByDataId: Opened AddOnContent Data TitleID=0100B04011743010
00:03:08.230 |S| {Common} ServiceNs PrepareAddOnContentImpl: Stubbed. {index: 16}
00:03:08.231 |I| {Fs} Loader OpenDataStorageByDataId: Opened AddOnContent Data TitleID=0100B04011743010
00:03:08.234 |S| {Common} ServiceNs PrepareAddOnContentImpl: Stubbed. {index: 17}
00:03:08.235 |I| {Fs} Loader OpenDataStorageByDataId: Opened AddOnContent Data TitleID=0100B04011743011
00:03:08.242 |S| {Common} ServiceNs PrepareAddOnContentImpl: Stubbed. {index: 17}
00:03:08.243 |I| {Fs} Loader OpenDataStorageByDataId: Opened AddOnContent Data TitleID=0100B04011743011
00:03:08.246 |S| {Common} ServiceNs PrepareAddOnContentImpl: Stubbed. {index: 18}
00:03:08.251 |I| {Fs} Loader OpenDataStorageByDataId: Opened AddOnContent Data TitleID=0100B04011743012
00:03:08.258 |S| {Common} ServiceNs PrepareAddOnContentImpl: Stubbed. {index: 18}
00:03:08.259 |I| {Fs} Loader OpenDataStorageByDataId: Opened AddOnContent Data TitleID=0100B04011743012
00:03:08.262 |S| {Common} ServiceNs PrepareAddOnContentImpl: Stubbed. {index: 19}
00:03:08.264 |I| {Fs} Loader OpenDataStorageByDataId: Opened AddOnContent Data TitleID=0100B04011743013
00:03:08.266 |S| {Common} ServiceNs PrepareAddOnContentImpl: Stubbed. {index: 19}
00:03:08.272 |I| {Fs} Loader OpenDataStorageByDataId: Opened AddOnContent Data TitleID=0100B04011743013
00:03:08.277 |S| {Common} ServiceNs PrepareAddOnContentImpl: Stubbed. {index: 20}
00:03:08.280 |I| {Fs} Loader OpenDataStorageByDataId: Opened AddOnContent Data TitleID=0100B04011743014
00:03:08.289 |S| {Common} ServiceNs PrepareAddOnContentImpl: Stubbed. {index: 20}
00:03:08.291 |I| {Fs} Loader OpenDataStorageByDataId: Opened AddOnContent Data TitleID=0100B04011743014
00:03:08.293 |S| {Common} ServiceNs PrepareAddOnContentImpl: Stubbed. {index: 21}
00:03:08.295 |I| {Fs} Loader OpenDataStorageByDataId: Opened AddOnContent Data TitleID=0100B04011743015
00:03:08.296 |S| {Common} ServiceNs PrepareAddOnContentImpl: Stubbed. {index: 21}
00:03:08.297 |I| {Fs} Loader OpenDataStorageByDataId: Opened AddOnContent Data TitleID=0100B04011743015
00:03:08.301 |S| {Common} ServiceNs PrepareAddOnContentImpl: Stubbed. {index: 22}
00:03:08.302 |I| {Fs} Loader OpenDataStorageByDataId: Opened AddOnContent Data TitleID=0100B04011743016
00:03:08.308 |S| {Common} ServiceNs PrepareAddOnContentImpl: Stubbed. {index: 22}
00:03:08.309 |I| {Fs} Loader OpenDataStorageByDataId: Opened AddOnContent Data TitleID=0100B04011743016
00:03:08.313 |S| {Common} ServiceNs PrepareAddOnContentImpl: Stubbed. {index: 23}
00:03:08.319 |I| {Fs} Loader OpenDataStorageByDataId: Opened AddOnContent Data TitleID=0100B04011743017
00:03:08.322 |S| {Common} ServiceNs PrepareAddOnContentImpl: Stubbed. {index: 23}
00:03:08.382 |I| {Fs} Loader OpenDataStorageByDataId: Opened AddOnContent Data TitleID=0100B04011743017
00:03:08.396 |S| {Common} ServiceNs PrepareAddOnContentImpl: Stubbed. {index: 24}
00:03:08.402 |I| {Fs} Loader OpenDataStorageByDataId: Opened AddOnContent Data TitleID=0100B04011743018
00:03:08.404 |S| {Common} ServiceNs PrepareAddOnContentImpl: Stubbed. {index: 24}
00:03:08.407 |I| {Fs} Loader OpenDataStorageByDataId: Opened AddOnContent Data TitleID=0100B04011743018
00:03:08.410 |S| {Common} ServiceNs PrepareAddOnContentImpl: Stubbed. {index: 25}
00:03:08.412 |I| {Fs} Loader OpenDataStorageByDataId: Opened AddOnContent Data TitleID=0100B04011743019
00:03:08.414 |S| {Common} ServiceNs PrepareAddOnContentImpl: Stubbed. {index: 25}
00:03:08.418 |I| {Fs} Loader OpenDataStorageByDataId: Opened AddOnContent Data TitleID=0100B04011743019
00:03:08.427 |S| {Common} ServiceNs PrepareAddOnContentImpl: Stubbed. {index: 26}
00:03:08.429 |I| {Fs} Loader OpenDataStorageByDataId: Opened AddOnContent Data TitleID=0100B0401174301A
00:03:08.431 |S| {Common} ServiceNs PrepareAddOnContentImpl: Stubbed. {index: 26}
00:03:08.431 |I| {Fs} Loader OpenDataStorageByDataId: Opened AddOnContent Data TitleID=0100B0401174301A
00:03:08.434 |S| {Common} ServiceNs PrepareAddOnContentImpl: Stubbed. {index: 27}
00:03:08.439 |I| {Fs} Loader OpenDataStorageByDataId: Opened AddOnContent Data TitleID=0100B0401174301B
00:03:08.441 |S| {Common} ServiceNs PrepareAddOnContentImpl: Stubbed. {index: 27}
00:03:08.462 |I| {Fs} Loader OpenDataStorageByDataId: Opened AddOnContent Data TitleID=0100B0401174301B
00:03:08.472 |S| {Common} ServiceNs PrepareAddOnContentImpl: Stubbed. {index: 28}
00:03:08.474 |I| {Fs} Loader OpenDataStorageByDataId: Opened AddOnContent Data TitleID=0100B0401174301C
00:03:08.480 |S| {Common} ServiceNs PrepareAddOnContentImpl: Stubbed. {index: 28}
00:03:08.487 |I| {Fs} Loader OpenDataStorageByDataId: Opened AddOnContent Data TitleID=0100B0401174301C
00:03:08.492 |S| {Common} ServiceNs PrepareAddOnContentImpl: Stubbed. {index: 29}
00:03:08.494 |I| {Fs} Loader OpenDataStorageByDataId: Opened AddOnContent Data TitleID=0100B0401174301D
00:03:08.495 |S| {Common} ServiceNs PrepareAddOnContentImpl: Stubbed. {index: 29}
00:03:08.497 |I| {Fs} Loader OpenDataStorageByDataId: Opened AddOnContent Data TitleID=0100B0401174301D
00:03:08.508 |S| {Common} ServiceNs PrepareAddOnContentImpl: Stubbed. {index: 30}
00:03:08.512 |I| {Fs} Loader OpenDataStorageByDataId: Opened AddOnContent Data TitleID=0100B0401174301E
00:03:08.514 |S| {Common} ServiceNs PrepareAddOnContentImpl: Stubbed. {index: 30}
00:03:08.519 |I| {Fs} Loader OpenDataStorageByDataId: Opened AddOnContent Data TitleID=0100B0401174301E
00:03:08.523 |S| {Common} ServiceNs PrepareAddOnContentImpl: Stubbed. {index: 31}
00:03:08.525 |I| {Fs} Loader OpenDataStorageByDataId: Opened AddOnContent Data TitleID=0100B0401174301F
00:03:08.526 |S| {Common} ServiceNs PrepareAddOnContentImpl: Stubbed. {index: 31}
00:03:08.527 |I| {Fs} Loader OpenDataStorageByDataId: Opened AddOnContent Data TitleID=0100B0401174301F
00:03:08.528 |S| {Common} ServiceNs PrepareAddOnContentImpl: Stubbed. {index: 32}
00:03:08.531 |I| {Fs} Loader OpenDataStorageByDataId: Opened AddOnContent Data TitleID=0100B04011743020
00:03:08.540 |S| {Common} ServiceNs PrepareAddOnContentImpl: Stubbed. {index: 32}
00:03:08.541 |I| {Fs} Loader OpenDataStorageByDataId: Opened AddOnContent Data TitleID=0100B04011743020
00:03:08.546 |S| {Common} ServiceNs PrepareAddOnContentImpl: Stubbed. {index: 33}
00:03:08.549 |I| {Fs} Loader OpenDataStorageByDataId: Opened AddOnContent Data TitleID=0100B04011743021
00:03:08.551 |S| {Common} ServiceNs PrepareAddOnContentImpl: Stubbed. {index: 33}
00:03:08.552 |I| {Fs} Loader OpenDataStorageByDataId: Opened AddOnContent Data TitleID=0100B04011743021
00:03:08.555 |S| {Common} ServiceNs PrepareAddOnContentImpl: Stubbed. {index: 34}
00:03:08.559 |I| {Fs} Loader OpenDataStorageByDataId: Opened AddOnContent Data TitleID=0100B04011743022
00:03:08.560 |S| {Common} ServiceNs PrepareAddOnContentImpl: Stubbed. {index: 34}
00:03:08.561 |I| {Fs} Loader OpenDataStorageByDataId: Opened AddOnContent Data TitleID=0100B04011743022
00:03:08.564 |S| {Common} ServiceNs PrepareAddOnContentImpl: Stubbed. {index: 35}
00:03:08.569 |I| {Fs} Loader OpenDataStorageByDataId: Opened AddOnContent Data TitleID=0100B04011743023
00:03:08.575 |S| {Common} ServiceNs PrepareAddOnContentImpl: Stubbed. {index: 35}
00:03:08.575 |I| {Fs} Loader OpenDataStorageByDataId: Opened AddOnContent Data TitleID=0100B04011743023
00:03:08.588 |S| {Common} ServiceNs PrepareAddOnContentImpl: Stubbed. {index: 36}
00:03:08.592 |I| {Fs} Loader OpenDataStorageByDataId: Opened AddOnContent Data TitleID=0100B04011743024
00:03:08.594 |S| {Common} ServiceNs PrepareAddOnContentImpl: Stubbed. {index: 36}
00:03:08.598 |I| {Fs} Loader OpenDataStorageByDataId: Opened AddOnContent Data TitleID=0100B04011743024
00:03:08.626 |S| {Common} ServiceNs PrepareAddOnContentImpl: Stubbed. {index: 37}
00:03:08.628 |I| {Fs} Loader OpenDataStorageByDataId: Opened AddOnContent Data TitleID=0100B04011743025
00:03:08.631 |S| {Common} ServiceNs PrepareAddOnContentImpl: Stubbed. {index: 37}
00:03:08.645 |I| {Fs} Loader OpenDataStorageByDataId: Opened AddOnContent Data TitleID=0100B04011743025
00:03:08.650 |S| {Common} ServiceNs PrepareAddOnContentImpl: Stubbed. {index: 38}
00:03:08.652 |I| {Fs} Loader OpenDataStorageByDataId: Opened AddOnContent Data TitleID=0100B04011743026
00:03:08.654 |S| {Common} ServiceNs PrepareAddOnContentImpl: Stubbed. {index: 38}
00:03:08.655 |I| {Fs} Loader OpenDataStorageByDataId: Opened AddOnContent Data TitleID=0100B04011743026
00:03:08.657 |S| {Common} ServiceNs PrepareAddOnContentImpl: Stubbed. {index: 39}
00:03:08.659 |I| {Fs} Loader OpenDataStorageByDataId: Opened AddOnContent Data TitleID=0100B04011743027
00:03:08.660 |S| {Common} ServiceNs PrepareAddOnContentImpl: Stubbed. {index: 39}
00:03:08.660 |I| {Fs} Loader OpenDataStorageByDataId: Opened AddOnContent Data TitleID=0100B04011743027
00:03:08.663 |S| {Common} ServiceNs PrepareAddOnContentImpl: Stubbed. {index: 40}
00:03:08.664 |I| {Fs} Loader OpenDataStorageByDataId: Opened AddOnContent Data TitleID=0100B04011743028
00:03:08.677 |S| {Common} ServiceNs PrepareAddOnContentImpl: Stubbed. {index: 40}
00:03:08.677 |I| {Fs} Loader OpenDataStorageByDataId: Opened AddOnContent Data TitleID=0100B04011743028
00:03:08.681 |S| {Common} ServiceNs PrepareAddOnContentImpl: Stubbed. {index: 41}
00:03:08.695 |I| {Fs} Loader OpenDataStorageByDataId: Opened AddOnContent Data TitleID=0100B04011743029
00:03:08.696 |S| {Common} ServiceNs PrepareAddOnContentImpl: Stubbed. {index: 41}
00:03:08.697 |I| {Fs} Loader OpenDataStorageByDataId: Opened AddOnContent Data TitleID=0100B04011743029
00:03:08.710 |S| {Common} ServiceNs PrepareAddOnContentImpl: Stubbed. {index: 42}
00:03:08.713 |I| {Fs} Loader OpenDataStorageByDataId: Opened AddOnContent Data TitleID=0100B0401174302A
00:03:08.717 |S| {Common} ServiceNs PrepareAddOnContentImpl: Stubbed. {index: 42}
00:03:08.719 |I| {Fs} Loader OpenDataStorageByDataId: Opened AddOnContent Data TitleID=0100B0401174302A
00:03:08.723 |S| {Common} ServiceNs PrepareAddOnContentImpl: Stubbed. {index: 43}
00:03:08.724 |I| {Fs} Loader OpenDataStorageByDataId: Opened AddOnContent Data TitleID=0100B0401174302B
00:03:08.725 |S| {Common} ServiceNs PrepareAddOnContentImpl: Stubbed. {index: 43}
00:03:08.725 |I| {Fs} Loader OpenDataStorageByDataId: Opened AddOnContent Data TitleID=0100B0401174302B
00:03:08.727 |S| {Common} ServiceNs PrepareAddOnContentImpl: Stubbed. {index: 44}
00:03:08.838 |I| {Fs} Loader OpenDataStorageByDataId: Opened AddOnContent Data TitleID=0100B0401174302C
00:03:08.857 |S| {Common} ServiceNs PrepareAddOnContentImpl: Stubbed. {index: 44}
00:03:08.862 |I| {Fs} Loader OpenDataStorageByDataId: Opened AddOnContent Data TitleID=0100B0401174302C
00:03:08.874 |S| {Common} ServiceNs PrepareAddOnContentImpl: Stubbed. {index: 45}
00:03:08.879 |I| {Fs} Loader OpenDataStorageByDataId: Opened AddOnContent Data TitleID=0100B0401174302D
00:03:08.887 |S| {Common} ServiceNs PrepareAddOnContentImpl: Stubbed. {index: 45}
00:03:08.893 |I| {Fs} Loader OpenDataStorageByDataId: Opened AddOnContent Data TitleID=0100B0401174302D
00:03:08.895 |S| {Common} ServiceNs PrepareAddOnContentImpl: Stubbed. {index: 46}
00:03:08.899 |I| {Fs} Loader OpenDataStorageByDataId: Opened AddOnContent Data TitleID=0100B0401174302E
00:03:08.902 |S| {Common} ServiceNs PrepareAddOnContentImpl: Stubbed. {index: 46}
00:03:08.908 |I| {Fs} Loader OpenDataStorageByDataId: Opened AddOnContent Data TitleID=0100B0401174302E
00:03:08.913 |S| {Common} ServiceNs PrepareAddOnContentImpl: Stubbed. {index: 47}
00:03:08.917 |I| {Fs} Loader OpenDataStorageByDataId: Opened AddOnContent Data TitleID=0100B0401174302F
00:03:08.919 |S| {Common} ServiceNs PrepareAddOnContentImpl: Stubbed. {index: 47}
00:03:08.920 |I| {Fs} Loader OpenDataStorageByDataId: Opened AddOnContent Data TitleID=0100B0401174302F
00:03:08.923 |S| {Common} ServiceNs PrepareAddOnContentImpl: Stubbed. {index: 48}
00:03:08.926 |I| {Fs} Loader OpenDataStorageByDataId: Opened AddOnContent Data TitleID=0100B04011743030
00:03:08.927 |S| {Common} ServiceNs PrepareAddOnContentImpl: Stubbed. {index: 48}
00:03:08.928 |I| {Fs} Loader OpenDataStorageByDataId: Opened AddOnContent Data TitleID=0100B04011743030
00:03:08.935 |S| {Common} ServiceNs PrepareAddOnContentImpl: Stubbed. {index: 49}
00:03:08.941 |I| {Fs} Loader OpenDataStorageByDataId: Opened AddOnContent Data TitleID=0100B04011743031
00:03:08.945 |S| {Common} ServiceNs PrepareAddOnContentImpl: Stubbed. {index: 49}
00:03:08.947 |I| {Fs} Loader OpenDataStorageByDataId: Opened AddOnContent Data TitleID=0100B04011743031
00:03:08.949 |S| {Common} ServiceNs PrepareAddOnContentImpl: Stubbed. {index: 50}
00:03:08.950 |I| {Fs} Loader OpenDataStorageByDataId: Opened AddOnContent Data TitleID=0100B04011743032
00:03:08.952 |S| {Common} ServiceNs PrepareAddOnContentImpl: Stubbed. {index: 50}
00:03:08.957 |I| {Fs} Loader OpenDataStorageByDataId: Opened AddOnContent Data TitleID=0100B04011743032
00:03:08.958 |S| {Common} ServiceNs PrepareAddOnContentImpl: Stubbed. {index: 51}
00:03:08.960 |I| {Fs} Loader OpenDataStorageByDataId: Opened AddOnContent Data TitleID=0100B04011743033
00:03:08.961 |S| {Common} ServiceNs PrepareAddOnContentImpl: Stubbed. {index: 51}
00:03:08.961 |I| {Fs} Loader OpenDataStorageByDataId: Opened AddOnContent Data TitleID=0100B04011743033
00:03:08.973 |S| {Common} ServiceNs PrepareAddOnContentImpl: Stubbed. {index: 52}
00:03:08.978 |I| {Fs} Loader OpenDataStorageByDataId: Opened AddOnContent Data TitleID=0100B04011743034
00:03:08.980 |S| {Common} ServiceNs PrepareAddOnContentImpl: Stubbed. {index: 52}
00:03:08.981 |I| {Fs} Loader OpenDataStorageByDataId: Opened AddOnContent Data TitleID=0100B04011743034
00:03:08.985 |S| {Common} ServiceNs PrepareAddOnContentImpl: Stubbed. {index: 53}
00:03:08.986 |I| {Fs} Loader OpenDataStorageByDataId: Opened AddOnContent Data TitleID=0100B04011743035
00:03:08.989 |S| {Common} ServiceNs PrepareAddOnContentImpl: Stubbed. {index: 53}
00:03:08.991 |I| {Fs} Loader OpenDataStorageByDataId: Opened AddOnContent Data TitleID=0100B04011743035
00:03:08.992 |S| {Common} ServiceNs PrepareAddOnContentImpl: Stubbed. {index: 54}
00:03:09.004 |I| {Fs} Loader OpenDataStorageByDataId: Opened AddOnContent Data TitleID=0100B04011743036
00:03:09.010 |S| {Common} ServiceNs PrepareAddOnContentImpl: Stubbed. {index: 54}
00:03:09.012 |I| {Fs} Loader OpenDataStorageByDataId: Opened AddOnContent Data TitleID=0100B04011743036
00:03:09.020 |S| {Common} ServiceNs PrepareAddOnContentImpl: Stubbed. {index: 55}
00:03:09.026 |I| {Fs} Loader OpenDataStorageByDataId: Opened AddOnContent Data TitleID=0100B04011743037
00:03:09.027 |S| {Common} ServiceNs PrepareAddOnContentImpl: Stubbed. {index: 55}
00:03:09.028 |I| {Fs} Loader OpenDataStorageByDataId: Opened AddOnContent Data TitleID=0100B04011743037
00:03:09.029 |S| {Common} ServiceNs PrepareAddOnContentImpl: Stubbed. {index: 56}
00:03:09.034 |I| {Fs} Loader OpenDataStorageByDataId: Opened AddOnContent Data TitleID=0100B04011743038
00:03:09.035 |S| {Common} ServiceNs PrepareAddOnContentImpl: Stubbed. {index: 56}
00:03:09.036 |I| {Fs} Loader OpenDataStorageByDataId: Opened AddOnContent Data TitleID=0100B04011743038
00:03:09.045 |S| {Common} ServiceNs PrepareAddOnContentImpl: Stubbed. {index: 57}
00:03:09.047 |I| {Fs} Loader OpenDataStorageByDataId: Opened AddOnContent Data TitleID=0100B04011743039
00:03:09.051 |S| {Common} ServiceNs PrepareAddOnContentImpl: Stubbed. {index: 57}
00:03:09.053 |I| {Fs} Loader OpenDataStorageByDataId: Opened AddOnContent Data TitleID=0100B04011743039
00:03:09.059 |S| {Common} ServiceNs PrepareAddOnContentImpl: Stubbed. {index: 58}
00:03:09.061 |I| {Fs} Loader OpenDataStorageByDataId: Opened AddOnContent Data TitleID=0100B0401174303A
00:03:09.064 |S| {Common} ServiceNs PrepareAddOnContentImpl: Stubbed. {index: 58}
00:03:09.065 |I| {Fs} Loader OpenDataStorageByDataId: Opened AddOnContent Data TitleID=0100B0401174303A
00:03:09.069 |S| {Common} ServiceNs PrepareAddOnContentImpl: Stubbed. {index: 59}
00:03:09.076 |I| {Fs} Loader OpenDataStorageByDataId: Opened AddOnContent Data TitleID=0100B0401174303B
00:03:09.078 |S| {Common} ServiceNs PrepareAddOnContentImpl: Stubbed. {index: 59}
00:03:09.080 |I| {Fs} Loader OpenDataStorageByDataId: Opened AddOnContent Data TitleID=0100B0401174303B
00:03:09.101 |S| {Common} ServiceNs PrepareAddOnContentImpl: Stubbed. {index: 60}
00:03:09.102 |I| {Fs} Loader OpenDataStorageByDataId: Opened AddOnContent Data TitleID=0100B0401174303C
00:03:09.110 |S| {Common} ServiceNs PrepareAddOnContentImpl: Stubbed. {index: 60}
00:03:09.113 |I| {Fs} Loader OpenDataStorageByDataId: Opened AddOnContent Data TitleID=0100B0401174303C
00:03:09.127 |S| {Common} ServiceNs PrepareAddOnContentImpl: Stubbed. {index: 61}
00:03:09.128 |I| {Fs} Loader OpenDataStorageByDataId: Opened AddOnContent Data TitleID=0100B0401174303D
00:03:09.129 |S| {Common} ServiceNs PrepareAddOnContentImpl: Stubbed. {index: 61}
00:03:09.130 |I| {Fs} Loader OpenDataStorageByDataId: Opened AddOnContent Data TitleID=0100B0401174303D
00:03:09.134 |S| {Common} ServiceNs PrepareAddOnContentImpl: Stubbed. {index: 62}
00:03:09.137 |I| {Fs} Loader OpenDataStorageByDataId: Opened AddOnContent Data TitleID=0100B0401174303E
00:03:09.140 |S| {Common} ServiceNs PrepareAddOnContentImpl: Stubbed. {index: 62}
00:03:09.142 |I| {Fs} Loader OpenDataStorageByDataId: Opened AddOnContent Data TitleID=0100B0401174303E
00:03:09.147 |S| {Common} ServiceNs PrepareAddOnContentImpl: Stubbed. {index: 63}
00:03:09.153 |I| {Fs} Loader OpenDataStorageByDataId: Opened AddOnContent Data TitleID=0100B0401174303F
00:03:09.156 |S| {Common} ServiceNs PrepareAddOnContentImpl: Stubbed. {index: 63}
00:03:09.157 |I| {Fs} Loader OpenDataStorageByDataId: Opened AddOnContent Data TitleID=0100B0401174303F
00:03:09.158 |S| {Common} ServiceNs PrepareAddOnContentImpl: Stubbed. {index: 64}
00:03:09.159 |I| {Fs} Loader OpenDataStorageByDataId: Opened AddOnContent Data TitleID=0100B04011743040
00:03:09.160 |S| {Common} ServiceNs PrepareAddOnContentImpl: Stubbed. {index: 64}
00:03:09.160 |I| {Fs} Loader OpenDataStorageByDataId: Opened AddOnContent Data TitleID=0100B04011743040
00:03:09.162 |S| {Common} ServiceNs PrepareAddOnContentImpl: Stubbed. {index: 65}
00:03:09.166 |I| {Fs} Loader OpenDataStorageByDataId: Opened AddOnContent Data TitleID=0100B04011743041
00:03:09.167 |S| {Common} ServiceNs PrepareAddOnContentImpl: Stubbed. {index: 65}
00:03:09.168 |I| {Fs} Loader OpenDataStorageByDataId: Opened AddOnContent Data TitleID=0100B04011743041
00:03:09.175 |S| {Common} ServiceNs PrepareAddOnContentImpl: Stubbed. {index: 66}
00:03:09.177 |I| {Fs} Loader OpenDataStorageByDataId: Opened AddOnContent Data TitleID=0100B04011743042
00:03:09.180 |S| {Common} ServiceNs PrepareAddOnContentImpl: Stubbed. {index: 66}
00:03:09.182 |I| {Fs} Loader OpenDataStorageByDataId: Opened AddOnContent Data TitleID=0100B04011743042
00:03:09.191 |S| {Common} ServiceNs PrepareAddOnContentImpl: Stubbed. {index: 67}
00:03:09.192 |I| {Fs} Loader OpenDataStorageByDataId: Opened AddOnContent Data TitleID=0100B04011743043
00:03:09.193 |S| {Common} ServiceNs PrepareAddOnContentImpl: Stubbed. {index: 67}
00:03:09.198 |I| {Fs} Loader OpenDataStorageByDataId: Opened AddOnContent Data TitleID=0100B04011743043
00:03:09.203 |S| {Common} ServiceNs PrepareAddOnContentImpl: Stubbed. {index: 68}
00:03:09.209 |I| {Fs} Loader OpenDataStorageByDataId: Opened AddOnContent Data TitleID=0100B04011743044
00:03:09.210 |S| {Common} ServiceNs PrepareAddOnContentImpl: Stubbed. {index: 68}
00:03:09.211 |I| {Fs} Loader OpenDataStorageByDataId: Opened AddOnContent Data TitleID=0100B04011743044
00:03:09.214 |S| {Common} ServiceNs PrepareAddOnContentImpl: Stubbed. {index: 69}
00:03:09.216 |I| {Fs} Loader OpenDataStorageByDataId: Opened AddOnContent Data TitleID=0100B04011743045
00:03:09.224 |S| {Common} ServiceNs PrepareAddOnContentImpl: Stubbed. {index: 69}
00:03:09.226 |I| {Fs} Loader OpenDataStorageByDataId: Opened AddOnContent Data TitleID=0100B04011743045
00:03:09.228 |S| {Common} ServiceNs PrepareAddOnContentImpl: Stubbed. {index: 70}
00:03:09.232 |I| {Fs} Loader OpenDataStorageByDataId: Opened AddOnContent Data TitleID=0100B04011743046
00:03:09.233 |S| {Common} ServiceNs PrepareAddOnContentImpl: Stubbed. {index: 70}
00:03:09.234 |I| {Fs} Loader OpenDataStorageByDataId: Opened AddOnContent Data TitleID=0100B04011743046
00:03:09.235 |S| {Common} ServiceNs PrepareAddOnContentImpl: Stubbed. {index: 71}
00:03:09.238 |I| {Fs} Loader OpenDataStorageByDataId: Opened AddOnContent Data TitleID=0100B04011743047
00:03:09.240 |S| {Common} ServiceNs PrepareAddOnContentImpl: Stubbed. {index: 71}
00:03:09.241 |I| {Fs} Loader OpenDataStorageByDataId: Opened AddOnContent Data TitleID=0100B04011743047
00:03:09.246 |S| {Common} ServiceNs PrepareAddOnContentImpl: Stubbed. {index: 72}
00:03:09.248 |I| {Fs} Loader OpenDataStorageByDataId: Opened AddOnContent Data TitleID=0100B04011743048
00:03:09.254 |S| {Common} ServiceNs PrepareAddOnContentImpl: Stubbed. {index: 72}
00:03:09.257 |I| {Fs} Loader OpenDataStorageByDataId: Opened AddOnContent Data TitleID=0100B04011743048
00:03:09.259 |S| {Common} ServiceNs PrepareAddOnContentImpl: Stubbed. {index: 73}
00:03:09.263 |I| {Fs} Loader OpenDataStorageByDataId: Opened AddOnContent Data TitleID=0100B04011743049
00:03:09.266 |S| {Common} ServiceNs PrepareAddOnContentImpl: Stubbed. {index: 73}
00:03:09.267 |I| {Fs} Loader OpenDataStorageByDataId: Opened AddOnContent Data TitleID=0100B04011743049
00:03:09.271 |S| {Common} ServiceNs PrepareAddOnContentImpl: Stubbed. {index: 74}
00:03:09.276 |I| {Fs} Loader OpenDataStorageByDataId: Opened AddOnContent Data TitleID=0100B0401174304A
00:03:09.277 |S| {Common} ServiceNs PrepareAddOnContentImpl: Stubbed. {index: 74}
00:03:09.279 |I| {Fs} Loader OpenDataStorageByDataId: Opened AddOnContent Data TitleID=0100B0401174304A
00:03:09.289 |S| {Common} ServiceNs PrepareAddOnContentImpl: Stubbed. {index: 75}
00:03:09.291 |I| {Fs} Loader OpenDataStorageByDataId: Opened AddOnContent Data TitleID=0100B0401174304B
00:03:09.292 |S| {Common} ServiceNs PrepareAddOnContentImpl: Stubbed. {index: 75}
00:03:09.292 |I| {Fs} Loader OpenDataStorageByDataId: Opened AddOnContent Data TitleID=0100B0401174304B
00:03:11.441 |S| {Common} ServiceNs PrepareAddOnContentImpl: Stubbed. {index: 76}
00:03:11.522 |I| {Fs} Loader OpenDataStorageByDataId: Opened AddOnContent Data TitleID=0100B0401174304C
00:03:11.529 |S| {Common} ServiceNs PrepareAddOnContentImpl: Stubbed. {index: 76}
00:03:11.540 |I| {Fs} Loader OpenDataStorageByDataId: Opened AddOnContent Data TitleID=0100B0401174304C
00:03:11.811 |S| {Common} ServiceNs PrepareAddOnContentImpl: Stubbed. {index: 77}
00:03:11.833 |I| {Fs} Loader OpenDataStorageByDataId: Opened AddOnContent Data TitleID=0100B0401174304D
00:03:11.850 |S| {Common} ServiceNs PrepareAddOnContentImpl: Stubbed. {index: 77}
00:03:11.878 |I| {Fs} Loader OpenDataStorageByDataId: Opened AddOnContent Data TitleID=0100B0401174304D
00:03:11.980 |S| {Common} ServiceNs PrepareAddOnContentImpl: Stubbed. {index: 78}
00:03:12.094 |I| {Fs} Loader OpenDataStorageByDataId: Opened AddOnContent Data TitleID=0100B0401174304E
00:03:12.155 |S| {Common} ServiceNs PrepareAddOnContentImpl: Stubbed. {index: 78}
00:03:12.255 |I| {Fs} Loader OpenDataStorageByDataId: Opened AddOnContent Data TitleID=0100B0401174304E
00:03:12.442 |S| {Common} ServiceNs PrepareAddOnContentImpl: Stubbed. {index: 79}
00:03:12.449 |I| {Fs} Loader OpenDataStorageByDataId: Opened AddOnContent Data TitleID=0100B0401174304F
00:03:12.468 |S| {Common} ServiceNs PrepareAddOnContentImpl: Stubbed. {index: 79}
00:03:12.476 |I| {Fs} Loader OpenDataStorageByDataId: Opened AddOnContent Data TitleID=0100B0401174304F
00:03:12.510 |S| {Common} ServiceNs PrepareAddOnContentImpl: Stubbed. {index: 80}
00:03:12.513 |I| {Fs} Loader OpenDataStorageByDataId: Opened AddOnContent Data TitleID=0100B04011743050
00:03:12.524 |S| {Common} ServiceNs PrepareAddOnContentImpl: Stubbed. {index: 80}
00:03:12.526 |I| {Fs} Loader OpenDataStorageByDataId: Opened AddOnContent Data TitleID=0100B04011743050
00:03:12.543 |S| {Common} ServiceNs PrepareAddOnContentImpl: Stubbed. {index: 81}
00:03:12.547 |I| {Fs} Loader OpenDataStorageByDataId: Opened AddOnContent Data TitleID=0100B04011743051
00:03:12.549 |S| {Common} ServiceNs PrepareAddOnContentImpl: Stubbed. {index: 81}
00:03:12.550 |I| {Fs} Loader OpenDataStorageByDataId: Opened AddOnContent Data TitleID=0100B04011743051
00:03:12.558 |S| {Common} ServiceNs PrepareAddOnContentImpl: Stubbed. {index: 82}
00:03:12.565 |I| {Fs} Loader OpenDataStorageByDataId: Opened AddOnContent Data TitleID=0100B04011743052
00:03:12.575 |S| {Common} ServiceNs PrepareAddOnContentImpl: Stubbed. {index: 82}
00:03:12.591 |I| {Fs} Loader OpenDataStorageByDataId: Opened AddOnContent Data TitleID=0100B04011743052
00:03:12.749 |S| {Common} ServiceNs PrepareAddOnContentImpl: Stubbed. {index: 83}
00:03:12.763 |I| {Fs} Loader OpenDataStorageByDataId: Opened AddOnContent Data TitleID=0100B04011743053
00:03:12.782 |S| {Common} ServiceNs PrepareAddOnContentImpl: Stubbed. {index: 83}
00:03:12.791 |I| {Fs} Loader OpenDataStorageByDataId: Opened AddOnContent Data TitleID=0100B04011743053
00:03:12.803 |S| {Common} ServicePctl IsFreeCommunicationAvailable: Stubbed. 
00:03:12.806 |S| {Common} ServiceNs PrepareAddOnContentImpl: Stubbed. {index: 84}
00:03:12.809 |I| {Fs} Loader OpenDataStorageByDataId: Opened AddOnContent Data TitleID=0100B04011743054
00:03:12.813 |S| {Common} ServiceNs PrepareAddOnContentImpl: Stubbed. {index: 84}
00:03:12.817 |I| {Fs} Loader OpenDataStorageByDataId: Opened AddOnContent Data TitleID=0100B04011743054
00:03:12.829 |S| {Common} ServiceNs PrepareAddOnContentImpl: Stubbed. {index: 85}
00:03:12.835 |I| {Fs} Loader OpenDataStorageByDataId: Opened AddOnContent Data TitleID=0100B04011743055
00:03:12.841 |S| {Common} ServiceNs PrepareAddOnContentImpl: Stubbed. {index: 85}
00:03:12.845 |I| {Fs} Loader OpenDataStorageByDataId: Opened AddOnContent Data TitleID=0100B04011743055
00:03:12.856 |S| {Common} ServiceNs PrepareAddOnContentImpl: Stubbed. {index: 86}
00:03:12.865 |I| {Fs} Loader OpenDataStorageByDataId: Opened AddOnContent Data TitleID=0100B04011743056
00:03:12.872 |S| {Common} ServiceNs PrepareAddOnContentImpl: Stubbed. {index: 86}
00:03:12.874 |I| {Fs} Loader OpenDataStorageByDataId: Opened AddOnContent Data TitleID=0100B04011743056
00:03:12.892 |S| {Common} ServiceNs PrepareAddOnContentImpl: Stubbed. {index: 87}
00:03:12.895 |I| {Fs} Loader OpenDataStorageByDataId: Opened AddOnContent Data TitleID=0100B04011743057
00:03:12.901 |S| {Common} ServiceNs PrepareAddOnContentImpl: Stubbed. {index: 87}
00:03:12.906 |I| {Fs} Loader OpenDataStorageByDataId: Opened AddOnContent Data TitleID=0100B04011743057
00:03:12.924 |S| {Common} ServiceNs PrepareAddOnContentImpl: Stubbed. {index: 88}
00:03:12.927 |I| {Fs} Loader OpenDataStorageByDataId: Opened AddOnContent Data TitleID=0100B04011743058
00:03:12.938 |S| {Common} ServiceNs PrepareAddOnContentImpl: Stubbed. {index: 88}
00:03:12.943 |I| {Fs} Loader OpenDataStorageByDataId: Opened AddOnContent Data TitleID=0100B04011743058
00:03:12.961 |S| {Common} ServiceNs PrepareAddOnContentImpl: Stubbed. {index: 89}
00:03:12.965 |I| {Fs} Loader OpenDataStorageByDataId: Opened AddOnContent Data TitleID=0100B04011743059
00:03:12.976 |S| {Common} ServiceNs PrepareAddOnContentImpl: Stubbed. {index: 89}
00:03:12.995 |I| {Fs} Loader OpenDataStorageByDataId: Opened AddOnContent Data TitleID=0100B04011743059
00:03:13.061 |S| {Common} ServiceNs PrepareAddOnContentImpl: Stubbed. {index: 90}
00:03:13.074 |I| {Fs} Loader OpenDataStorageByDataId: Opened AddOnContent Data TitleID=0100B0401174305A
00:03:13.087 |S| {Common} ServiceNs PrepareAddOnContentImpl: Stubbed. {index: 90}
00:03:13.092 |I| {Fs} Loader OpenDataStorageByDataId: Opened AddOnContent Data TitleID=0100B0401174305A
00:03:13.118 |S| {Common} ServiceNs PrepareAddOnContentImpl: Stubbed. {index: 91}
00:03:13.125 |I| {Fs} Loader OpenDataStorageByDataId: Opened AddOnContent Data TitleID=0100B0401174305B
00:03:13.140 |S| {Common} ServiceNs PrepareAddOnContentImpl: Stubbed. {index: 91}
00:03:13.151 |I| {Fs} Loader OpenDataStorageByDataId: Opened AddOnContent Data TitleID=0100B0401174305B
00:03:13.174 |S| {Common} ServiceNs PrepareAddOnContentImpl: Stubbed. {index: 92}
00:03:13.183 |I| {Fs} Loader OpenDataStorageByDataId: Opened AddOnContent Data TitleID=0100B0401174305C
00:03:13.197 |S| {Common} ServiceNs PrepareAddOnContentImpl: Stubbed. {index: 92}
00:03:13.206 |I| {Fs} Loader OpenDataStorageByDataId: Opened AddOnContent Data TitleID=0100B0401174305C
00:03:13.232 |S| {Common} ServiceNs PrepareAddOnContentImpl: Stubbed. {index: 93}
00:03:13.240 |I| {Fs} Loader OpenDataStorageByDataId: Opened AddOnContent Data TitleID=0100B0401174305D
00:03:13.243 |S| {Common} ServiceNs PrepareAddOnContentImpl: Stubbed. {index: 93}
00:03:13.246 |I| {Fs} Loader OpenDataStorageByDataId: Opened AddOnContent Data TitleID=0100B0401174305D
00:03:13.260 |S| {Common} ServiceNs PrepareAddOnContentImpl: Stubbed. {index: 94}
00:03:13.263 |I| {Fs} Loader OpenDataStorageByDataId: Opened AddOnContent Data TitleID=0100B0401174305E
00:03:13.355 |S| {Common} ServiceNs PrepareAddOnContentImpl: Stubbed. {index: 94}
00:03:13.357 |I| {Fs} Loader OpenDataStorageByDataId: Opened AddOnContent Data TitleID=0100B0401174305E
00:03:13.373 |S| {Common} ServiceNs PrepareAddOnContentImpl: Stubbed. {index: 95}
00:03:13.382 |I| {Fs} Loader OpenDataStorageByDataId: Opened AddOnContent Data TitleID=0100B0401174305F
00:03:13.385 |S| {Common} ServiceNs PrepareAddOnContentImpl: Stubbed. {index: 95}
00:03:13.388 |I| {Fs} Loader OpenDataStorageByDataId: Opened AddOnContent Data TitleID=0100B0401174305F
00:03:13.391 |S| {Common} ServiceNs PrepareAddOnContentImpl: Stubbed. {index: 96}
00:03:13.395 |I| {Fs} Loader OpenDataStorageByDataId: Opened AddOnContent Data TitleID=0100B04011743060
00:03:13.399 |S| {Common} ServiceNs PrepareAddOnContentImpl: Stubbed. {index: 96}
00:03:13.408 |I| {Fs} Loader OpenDataStorageByDataId: Opened AddOnContent Data TitleID=0100B04011743060
00:03:13.415 |S| {Common} ServiceNs PrepareAddOnContentImpl: Stubbed. {index: 97}
00:03:13.422 |I| {Fs} Loader OpenDataStorageByDataId: Opened AddOnContent Data TitleID=0100B04011743061
00:03:13.426 |S| {Common} ServiceNs PrepareAddOnContentImpl: Stubbed. {index: 97}
00:03:13.428 |I| {Fs} Loader OpenDataStorageByDataId: Opened AddOnContent Data TitleID=0100B04011743061
00:03:13.441 |S| {Common} ServiceNs PrepareAddOnContentImpl: Stubbed. {index: 98}
00:03:13.445 |I| {Fs} Loader OpenDataStorageByDataId: Opened AddOnContent Data TitleID=0100B04011743062
00:03:13.450 |S| {Common} ServiceNs PrepareAddOnContentImpl: Stubbed. {index: 98}
00:03:13.455 |I| {Fs} Loader OpenDataStorageByDataId: Opened AddOnContent Data TitleID=0100B04011743062
00:03:13.511 |S| {Common} ServiceNs PrepareAddOnContentImpl: Stubbed. {index: 99}
00:03:13.526 |I| {Fs} Loader OpenDataStorageByDataId: Opened AddOnContent Data TitleID=0100B04011743063
00:03:13.537 |S| {Common} ServiceNs PrepareAddOnContentImpl: Stubbed. {index: 99}
00:03:13.539 |I| {Fs} Loader OpenDataStorageByDataId: Opened AddOnContent Data TitleID=0100B04011743063
00:03:13.556 |S| {Common} ServiceNs PrepareAddOnContentImpl: Stubbed. {index: 100}
00:03:13.570 |I| {Fs} Loader OpenDataStorageByDataId: Opened AddOnContent Data TitleID=0100B04011743064
00:03:13.578 |S| {Common} ServiceNs PrepareAddOnContentImpl: Stubbed. {index: 100}
00:03:13.613 |I| {Fs} Loader OpenDataStorageByDataId: Opened AddOnContent Data TitleID=0100B04011743064
00:03:13.626 |S| {Common} ServiceNs PrepareAddOnContentImpl: Stubbed. {index: 101}
00:03:13.631 |I| {Fs} Loader OpenDataStorageByDataId: Opened AddOnContent Data TitleID=0100B04011743065
00:03:13.634 |S| {Common} ServiceNs PrepareAddOnContentImpl: Stubbed. {index: 101}
00:03:13.634 |I| {Fs} Loader OpenDataStorageByDataId: Opened AddOnContent Data TitleID=0100B04011743065
00:03:13.638 |S| {Common} ServiceNs PrepareAddOnContentImpl: Stubbed. {index: 102}
00:03:13.640 |I| {Fs} Loader OpenDataStorageByDataId: Opened AddOnContent Data TitleID=0100B04011743066
00:03:13.643 |S| {Common} ServiceNs PrepareAddOnContentImpl: Stubbed. {index: 102}
00:03:13.644 |I| {Fs} Loader OpenDataStorageByDataId: Opened AddOnContent Data TitleID=0100B04011743066
00:03:13.651 |S| {Common} ServiceNs PrepareAddOnContentImpl: Stubbed. {index: 103}
00:03:13.655 |I| {Fs} Loader OpenDataStorageByDataId: Opened AddOnContent Data TitleID=0100B04011743067
00:03:13.660 |S| {Common} ServiceNs PrepareAddOnContentImpl: Stubbed. {index: 103}
00:03:13.662 |I| {Fs} Loader OpenDataStorageByDataId: Opened AddOnContent Data TitleID=0100B04011743067
00:03:13.666 |S| {Common} ServiceNs PrepareAddOnContentImpl: Stubbed. {index: 104}
00:03:13.670 |I| {Fs} Loader OpenDataStorageByDataId: Opened AddOnContent Data TitleID=0100B04011743068
00:03:13.673 |S| {Common} ServiceNs PrepareAddOnContentImpl: Stubbed. {index: 104}
00:03:13.674 |I| {Fs} Loader OpenDataStorageByDataId: Opened AddOnContent Data TitleID=0100B04011743068
00:03:13.675 |S| {Common} ServiceNs PrepareAddOnContentImpl: Stubbed. {index: 105}
00:03:13.676 |I| {Fs} Loader OpenDataStorageByDataId: Opened AddOnContent Data TitleID=0100B04011743069
00:03:13.678 |S| {Common} ServiceNs PrepareAddOnContentImpl: Stubbed. {index: 105}
00:03:13.680 |I| {Fs} Loader OpenDataStorageByDataId: Opened AddOnContent Data TitleID=0100B04011743069
00:03:13.690 |S| {Common} ServiceNs PrepareAddOnContentImpl: Stubbed. {index: 106}
00:03:13.691 |I| {Fs} Loader OpenDataStorageByDataId: Opened AddOnContent Data TitleID=0100B0401174306A
00:03:13.693 |S| {Common} ServiceNs PrepareAddOnContentImpl: Stubbed. {index: 106}
00:03:13.696 |I| {Fs} Loader OpenDataStorageByDataId: Opened AddOnContent Data TitleID=0100B0401174306A
00:03:13.701 |S| {Common} ServiceNs PrepareAddOnContentImpl: Stubbed. {index: 107}
00:03:13.706 |I| {Fs} Loader OpenDataStorageByDataId: Opened AddOnContent Data TitleID=0100B0401174306B
00:03:13.707 |S| {Common} ServiceNs PrepareAddOnContentImpl: Stubbed. {index: 107}
00:03:13.708 |I| {Fs} Loader OpenDataStorageByDataId: Opened AddOnContent Data TitleID=0100B0401174306B
00:03:13.710 |S| {Common} ServiceNs PrepareAddOnContentImpl: Stubbed. {index: 108}
00:03:13.711 |I| {Fs} Loader OpenDataStorageByDataId: Opened AddOnContent Data TitleID=0100B0401174306C
00:03:13.713 |S| {Common} ServiceNs PrepareAddOnContentImpl: Stubbed. {index: 108}
00:03:13.714 |I| {Fs} Loader OpenDataStorageByDataId: Opened AddOnContent Data TitleID=0100B0401174306C
00:03:13.727 |S| {Common} ServiceNs PrepareAddOnContentImpl: Stubbed. {index: 109}
00:03:13.734 |I| {Fs} Loader OpenDataStorageByDataId: Opened AddOnContent Data TitleID=0100B0401174306D
00:03:13.739 |S| {Common} ServiceNs PrepareAddOnContentImpl: Stubbed. {index: 109}
00:03:13.739 |I| {Fs} Loader OpenDataStorageByDataId: Opened AddOnContent Data TitleID=0100B0401174306D
00:03:13.741 |S| {Common} ServiceNs PrepareAddOnContentImpl: Stubbed. {index: 110}
00:03:13.742 |I| {Fs} Loader OpenDataStorageByDataId: Opened AddOnContent Data TitleID=0100B0401174306E
00:03:13.746 |S| {Common} ServiceNs PrepareAddOnContentImpl: Stubbed. {index: 110}
00:03:13.754 |I| {Fs} Loader OpenDataStorageByDataId: Opened AddOnContent Data TitleID=0100B0401174306E
00:03:13.760 |S| {Common} ServiceNs PrepareAddOnContentImpl: Stubbed. {index: 111}
00:03:13.762 |I| {Fs} Loader OpenDataStorageByDataId: Opened AddOnContent Data TitleID=0100B0401174306F
00:03:13.765 |S| {Common} ServiceNs PrepareAddOnContentImpl: Stubbed. {index: 111}
00:03:13.770 |I| {Fs} Loader OpenDataStorageByDataId: Opened AddOnContent Data TitleID=0100B0401174306F
00:03:13.772 |S| {Common} ServiceNs PrepareAddOnContentImpl: Stubbed. {index: 112}
00:03:13.773 |I| {Fs} Loader OpenDataStorageByDataId: Opened AddOnContent Data TitleID=0100B04011743070
00:03:13.774 |S| {Common} ServiceNs PrepareAddOnContentImpl: Stubbed. {index: 112}
00:03:13.775 |I| {Fs} Loader OpenDataStorageByDataId: Opened AddOnContent Data TitleID=0100B04011743070
00:03:13.778 |S| {Common} ServiceNs PrepareAddOnContentImpl: Stubbed. {index: 113}
00:03:13.779 |I| {Fs} Loader OpenDataStorageByDataId: Opened AddOnContent Data TitleID=0100B04011743071
00:03:13.783 |S| {Common} ServiceNs PrepareAddOnContentImpl: Stubbed. {index: 113}
00:03:13.788 |I| {Fs} Loader OpenDataStorageByDataId: Opened AddOnContent Data TitleID=0100B04011743071
00:03:13.790 |S| {Common} ServiceNs PrepareAddOnContentImpl: Stubbed. {index: 114}
00:03:13.800 |I| {Fs} Loader OpenDataStorageByDataId: Opened AddOnContent Data TitleID=0100B04011743072
00:03:13.806 |S| {Common} ServiceNs PrepareAddOnContentImpl: Stubbed. {index: 114}
00:03:13.806 |I| {Fs} Loader OpenDataStorageByDataId: Opened AddOnContent Data TitleID=0100B04011743072
00:03:13.807 |S| {Common} ServiceNs PrepareAddOnContentImpl: Stubbed. {index: 115}
00:03:13.808 |I| {Fs} Loader OpenDataStorageByDataId: Opened AddOnContent Data TitleID=0100B04011743073
00:03:13.809 |S| {Common} ServiceNs PrepareAddOnContentImpl: Stubbed. {index: 115}
00:03:13.810 |I| {Fs} Loader OpenDataStorageByDataId: Opened AddOnContent Data TitleID=0100B04011743073
00:03:13.822 |S| {Common} ServiceNs PrepareAddOnContentImpl: Stubbed. {index: 116}
00:03:13.823 |I| {Fs} Loader OpenDataStorageByDataId: Opened AddOnContent Data TitleID=0100B04011743074
00:03:13.826 |S| {Common} ServiceNs PrepareAddOnContentImpl: Stubbed. {index: 116}
00:03:13.829 |I| {Fs} Loader OpenDataStorageByDataId: Opened AddOnContent Data TitleID=0100B04011743074
00:03:13.832 |S| {Common} ServiceNs PrepareAddOnContentImpl: Stubbed. {index: 117}
00:03:13.833 |I| {Fs} Loader OpenDataStorageByDataId: Opened AddOnContent Data TitleID=0100B04011743075
00:03:13.838 |S| {Common} ServiceNs PrepareAddOnContentImpl: Stubbed. {index: 117}
00:03:13.839 |I| {Fs} Loader OpenDataStorageByDataId: Opened AddOnContent Data TitleID=0100B04011743075
00:03:13.841 |S| {Common} ServiceNs PrepareAddOnContentImpl: Stubbed. {index: 118}
00:03:13.843 |I| {Fs} Loader OpenDataStorageByDataId: Opened AddOnContent Data TitleID=0100B04011743076
00:03:13.846 |S| {Common} ServiceNs PrepareAddOnContentImpl: Stubbed. {index: 118}
00:03:13.848 |I| {Fs} Loader OpenDataStorageByDataId: Opened AddOnContent Data TitleID=0100B04011743076
00:03:13.855 |S| {Common} ServiceNs PrepareAddOnContentImpl: Stubbed. {index: 119}
00:03:13.858 |I| {Fs} Loader OpenDataStorageByDataId: Opened AddOnContent Data TitleID=0100B04011743077
00:03:13.861 |S| {Common} ServiceNs PrepareAddOnContentImpl: Stubbed. {index: 119}
00:03:13.862 |I| {Fs} Loader OpenDataStorageByDataId: Opened AddOnContent Data TitleID=0100B04011743077
00:03:13.865 |S| {Common} ServiceNs PrepareAddOnContentImpl: Stubbed. {index: 120}
00:03:13.866 |I| {Fs} Loader OpenDataStorageByDataId: Opened AddOnContent Data TitleID=0100B04011743078
00:03:13.867 |S| {Common} ServiceNs PrepareAddOnContentImpl: Stubbed. {index: 120}
00:03:13.868 |I| {Fs} Loader OpenDataStorageByDataId: Opened AddOnContent Data TitleID=0100B04011743078
00:03:13.872 |S| {Common} ServiceNs PrepareAddOnContentImpl: Stubbed. {index: 121}
00:03:13.873 |I| {Fs} Loader OpenDataStorageByDataId: Opened AddOnContent Data TitleID=0100B04011743079
00:03:13.875 |S| {Common} ServiceNs PrepareAddOnContentImpl: Stubbed. {index: 121}
00:03:13.875 |I| {Fs} Loader OpenDataStorageByDataId: Opened AddOnContent Data TitleID=0100B04011743079
00:03:13.879 |S| {Common} ServiceNs PrepareAddOnContentImpl: Stubbed. {index: 122}
00:03:13.880 |I| {Fs} Loader OpenDataStorageByDataId: Opened AddOnContent Data TitleID=0100B0401174307A
00:03:13.884 |S| {Common} ServiceNs PrepareAddOnContentImpl: Stubbed. {index: 122}
00:03:13.890 |I| {Fs} Loader OpenDataStorageByDataId: Opened AddOnContent Data TitleID=0100B0401174307A
00:03:13.895 |S| {Common} ServiceNs PrepareAddOnContentImpl: Stubbed. {index: 123}
00:03:13.897 |I| {Fs} Loader OpenDataStorageByDataId: Opened AddOnContent Data TitleID=0100B0401174307B
00:03:13.898 |S| {Common} ServiceNs PrepareAddOnContentImpl: Stubbed. {index: 123}
00:03:13.900 |I| {Fs} Loader OpenDataStorageByDataId: Opened AddOnContent Data TitleID=0100B0401174307B
00:03:13.904 |S| {Common} ServiceNs PrepareAddOnContentImpl: Stubbed. {index: 124}
00:03:13.906 |I| {Fs} Loader OpenDataStorageByDataId: Opened AddOnContent Data TitleID=0100B0401174307C
00:03:13.907 |S| {Common} ServiceNs PrepareAddOnContentImpl: Stubbed. {index: 124}
00:03:13.908 |I| {Fs} Loader OpenDataStorageByDataId: Opened AddOnContent Data TitleID=0100B0401174307C
00:03:13.910 |S| {Common} ServiceNs PrepareAddOnContentImpl: Stubbed. {index: 125}
00:03:13.912 |I| {Fs} Loader OpenDataStorageByDataId: Opened AddOnContent Data TitleID=0100B0401174307D
00:03:13.914 |S| {Common} ServiceNs PrepareAddOnContentImpl: Stubbed. {index: 125}
00:03:13.916 |I| {Fs} Loader OpenDataStorageByDataId: Opened AddOnContent Data TitleID=0100B0401174307D
00:03:13.920 |S| {Common} ServiceNs PrepareAddOnContentImpl: Stubbed. {index: 126}
00:03:13.923 |I| {Fs} Loader OpenDataStorageByDataId: Opened AddOnContent Data TitleID=0100B0401174307E
00:03:13.926 |S| {Common} ServiceNs PrepareAddOnContentImpl: Stubbed. {index: 126}
00:03:13.929 |I| {Fs} Loader OpenDataStorageByDataId: Opened AddOnContent Data TitleID=0100B0401174307E
00:03:13.933 |S| {Common} ServiceNs PrepareAddOnContentImpl: Stubbed. {index: 127}
00:03:13.935 |I| {Fs} Loader OpenDataStorageByDataId: Opened AddOnContent Data TitleID=0100B0401174307F
00:03:13.938 |S| {Common} ServiceNs PrepareAddOnContentImpl: Stubbed. {index: 127}
00:03:13.941 |I| {Fs} Loader OpenDataStorageByDataId: Opened AddOnContent Data TitleID=0100B0401174307F
00:03:13.943 |S| {Common} ServiceNs PrepareAddOnContentImpl: Stubbed. {index: 128}
00:03:14.540 |I| {Fs} Loader OpenDataStorageByDataId: Opened AddOnContent Data TitleID=0100B04011743080
00:03:14.547 |S| {Common} ServiceNs PrepareAddOnContentImpl: Stubbed. {index: 128}
00:03:14.550 |I| {Fs} Loader OpenDataStorageByDataId: Opened AddOnContent Data TitleID=0100B04011743080
00:03:14.556 |S| {Common} ServiceNs PrepareAddOnContentImpl: Stubbed. {index: 129}
00:03:14.560 |I| {Fs} Loader OpenDataStorageByDataId: Opened AddOnContent Data TitleID=0100B04011743081
00:03:14.574 |S| {Common} ServiceNs PrepareAddOnContentImpl: Stubbed. {index: 129}
00:03:14.591 |I| {Fs} Loader OpenDataStorageByDataId: Opened AddOnContent Data TitleID=0100B04011743081
00:03:14.628 |S| {Common} ServiceNs PrepareAddOnContentImpl: Stubbed. {index: 130}
00:03:14.641 |I| {Fs} Loader OpenDataStorageByDataId: Opened AddOnContent Data TitleID=0100B04011743082
00:03:14.644 |S| {Common} ServiceNs PrepareAddOnContentImpl: Stubbed. {index: 130}
00:03:14.647 |I| {Fs} Loader OpenDataStorageByDataId: Opened AddOnContent Data TitleID=0100B04011743082
00:03:14.661 |S| {Common} ServiceNs PrepareAddOnContentImpl: Stubbed. {index: 131}
00:03:14.662 |I| {Fs} Loader OpenDataStorageByDataId: Opened AddOnContent Data TitleID=0100B04011743083
00:03:14.671 |S| {Common} ServiceNs PrepareAddOnContentImpl: Stubbed. {index: 131}
00:03:14.673 |I| {Fs} Loader OpenDataStorageByDataId: Opened AddOnContent Data TitleID=0100B04011743083
00:03:14.694 |S| {Common} ServiceNs PrepareAddOnContentImpl: Stubbed. {index: 132}
00:03:14.694 |I| {Fs} Loader OpenDataStorageByDataId: Opened AddOnContent Data TitleID=0100B04011743084
00:03:14.698 |S| {Common} ServiceNs PrepareAddOnContentImpl: Stubbed. {index: 132}
00:03:14.703 |I| {Fs} Loader OpenDataStorageByDataId: Opened AddOnContent Data TitleID=0100B04011743084
00:03:14.706 |S| {Common} ServiceNs PrepareAddOnContentImpl: Stubbed. {index: 133}
00:03:14.712 |I| {Fs} Loader OpenDataStorageByDataId: Opened AddOnContent Data TitleID=0100B04011743085
00:03:14.721 |S| {Common} ServiceNs PrepareAddOnContentImpl: Stubbed. {index: 133}
00:03:14.722 |I| {Fs} Loader OpenDataStorageByDataId: Opened AddOnContent Data TitleID=0100B04011743085
00:03:14.725 |S| {Common} ServiceNs PrepareAddOnContentImpl: Stubbed. {index: 134}
00:03:14.726 |I| {Fs} Loader OpenDataStorageByDataId: Opened AddOnContent Data TitleID=0100B04011743086
00:03:14.727 |S| {Common} ServiceNs PrepareAddOnContentImpl: Stubbed. {index: 134}
00:03:14.727 |I| {Fs} Loader OpenDataStorageByDataId: Opened AddOnContent Data TitleID=0100B04011743086
00:03:14.729 |S| {Common} ServiceNs PrepareAddOnContentImpl: Stubbed. {index: 135}
00:03:14.731 |I| {Fs} Loader OpenDataStorageByDataId: Opened AddOnContent Data TitleID=0100B04011743087
00:03:14.732 |S| {Common} ServiceNs PrepareAddOnContentImpl: Stubbed. {index: 135}
00:03:14.733 |I| {Fs} Loader OpenDataStorageByDataId: Opened AddOnContent Data TitleID=0100B04011743087
00:03:14.738 |S| {Common} ServiceNs PrepareAddOnContentImpl: Stubbed. {index: 136}
00:03:14.739 |I| {Fs} Loader OpenDataStorageByDataId: Opened AddOnContent Data TitleID=0100B04011743088
00:03:14.741 |S| {Common} ServiceNs PrepareAddOnContentImpl: Stubbed. {index: 136}
00:03:14.744 |I| {Fs} Loader OpenDataStorageByDataId: Opened AddOnContent Data TitleID=0100B04011743088
00:03:14.751 |S| {Common} ServiceNs PrepareAddOnContentImpl: Stubbed. {index: 137}
00:03:14.755 |I| {Fs} Loader OpenDataStorageByDataId: Opened AddOnContent Data TitleID=0100B04011743089
00:03:14.759 |S| {Common} ServiceNs PrepareAddOnContentImpl: Stubbed. {index: 137}
00:03:14.759 |I| {Fs} Loader OpenDataStorageByDataId: Opened AddOnContent Data TitleID=0100B04011743089
00:03:14.761 |S| {Common} ServiceNs PrepareAddOnContentImpl: Stubbed. {index: 138}
00:03:14.762 |I| {Fs} Loader OpenDataStorageByDataId: Opened AddOnContent Data TitleID=0100B0401174308A
00:03:14.764 |S| {Common} ServiceNs PrepareAddOnContentImpl: Stubbed. {index: 138}
00:03:14.765 |I| {Fs} Loader OpenDataStorageByDataId: Opened AddOnContent Data TitleID=0100B0401174308A
00:03:14.776 |S| {Common} ServiceNs PrepareAddOnContentImpl: Stubbed. {index: 139}
00:03:14.784 |I| {Fs} Loader OpenDataStorageByDataId: Opened AddOnContent Data TitleID=0100B0401174308B
00:03:14.796 |S| {Common} ServiceNs PrepareAddOnContentImpl: Stubbed. {index: 139}
00:03:14.800 |I| {Fs} Loader OpenDataStorageByDataId: Opened AddOnContent Data TitleID=0100B0401174308B
00:03:16.828 |S| {Common} ServiceNs PrepareAddOnContentImpl: Stubbed. {index: 140}
00:03:16.829 |I| {Fs} Loader OpenDataStorageByDataId: Opened AddOnContent Data TitleID=0100B0401174308C
00:03:16.832 |S| {Common} ServiceNs PrepareAddOnContentImpl: Stubbed. {index: 140}
00:03:16.833 |I| {Fs} Loader OpenDataStorageByDataId: Opened AddOnContent Data TitleID=0100B0401174308C
00:03:16.838 |S| {Common} ServiceNs PrepareAddOnContentImpl: Stubbed. {index: 141}
00:03:16.840 |I| {Fs} Loader OpenDataStorageByDataId: Opened AddOnContent Data TitleID=0100B0401174308D
00:03:16.841 |S| {Common} ServiceNs PrepareAddOnContentImpl: Stubbed. {index: 141}
00:03:16.842 |I| {Fs} Loader OpenDataStorageByDataId: Opened AddOnContent Data TitleID=0100B0401174308D
00:03:16.843 |S| {Common} ServiceNs PrepareAddOnContentImpl: Stubbed. {index: 142}
00:03:16.854 |I| {Fs} Loader OpenDataStorageByDataId: Opened AddOnContent Data TitleID=0100B0401174308E
00:03:16.857 |S| {Common} ServiceNs PrepareAddOnContentImpl: Stubbed. {index: 142}
00:03:16.858 |I| {Fs} Loader OpenDataStorageByDataId: Opened AddOnContent Data TitleID=0100B0401174308E
00:03:16.860 |S| {Common} ServiceNs PrepareAddOnContentImpl: Stubbed. {index: 143}
00:03:16.860 |I| {Fs} Loader OpenDataStorageByDataId: Opened AddOnContent Data TitleID=0100B0401174308F
00:03:16.864 |S| {Common} ServiceNs PrepareAddOnContentImpl: Stubbed. {index: 143}
00:03:16.866 |I| {Fs} Loader OpenDataStorageByDataId: Opened AddOnContent Data TitleID=0100B0401174308F
00:03:16.871 |S| {Common} ServiceNs PrepareAddOnContentImpl: Stubbed. {index: 144}
00:03:16.872 |I| {Fs} Loader OpenDataStorageByDataId: Opened AddOnContent Data TitleID=0100B04011743090
00:03:16.873 |S| {Common} ServiceNs PrepareAddOnContentImpl: Stubbed. {index: 144}
00:03:16.873 |I| {Fs} Loader OpenDataStorageByDataId: Opened AddOnContent Data TitleID=0100B04011743090
00:03:16.874 |S| {Common} ServiceNs PrepareAddOnContentImpl: Stubbed. {index: 145}
00:03:16.875 |I| {Fs} Loader OpenDataStorageByDataId: Opened AddOnContent Data TitleID=0100B04011743091
00:03:16.876 |S| {Common} ServiceNs PrepareAddOnContentImpl: Stubbed. {index: 145}
00:03:16.877 |I| {Fs} Loader OpenDataStorageByDataId: Opened AddOnContent Data TitleID=0100B04011743091
00:03:16.878 |S| {Common} ServiceNs PrepareAddOnContentImpl: Stubbed. {index: 146}
00:03:16.878 |I| {Fs} Loader OpenDataStorageByDataId: Opened AddOnContent Data TitleID=0100B04011743092
00:03:16.880 |S| {Common} ServiceNs PrepareAddOnContentImpl: Stubbed. {index: 146}
00:03:16.880 |I| {Fs} Loader OpenDataStorageByDataId: Opened AddOnContent Data TitleID=0100B04011743092
00:03:16.881 |S| {Common} ServiceNs PrepareAddOnContentImpl: Stubbed. {index: 147}
00:03:16.883 |I| {Fs} Loader OpenDataStorageByDataId: Opened AddOnContent Data TitleID=0100B04011743093
00:03:16.883 |S| {Common} ServiceNs PrepareAddOnContentImpl: Stubbed. {index: 147}
00:03:16.884 |I| {Fs} Loader OpenDataStorageByDataId: Opened AddOnContent Data TitleID=0100B04011743093
00:03:16.887 |S| {Common} ServiceNs PrepareAddOnContentImpl: Stubbed. {index: 148}
00:03:16.888 |I| {Fs} Loader OpenDataStorageByDataId: Opened AddOnContent Data TitleID=0100B04011743094
00:03:16.888 |S| {Common} ServiceNs PrepareAddOnContentImpl: Stubbed. {index: 148}
00:03:16.889 |I| {Fs} Loader OpenDataStorageByDataId: Opened AddOnContent Data TitleID=0100B04011743094
00:03:16.890 |S| {Common} ServiceNs PrepareAddOnContentImpl: Stubbed. {index: 149}
00:03:16.891 |I| {Fs} Loader OpenDataStorageByDataId: Opened AddOnContent Data TitleID=0100B04011743095
00:03:16.892 |S| {Common} ServiceNs PrepareAddOnContentImpl: Stubbed. {index: 149}
00:03:16.893 |I| {Fs} Loader OpenDataStorageByDataId: Opened AddOnContent Data TitleID=0100B04011743095
00:03:16.894 |S| {Common} ServiceNs PrepareAddOnContentImpl: Stubbed. {index: 150}
00:03:16.895 |I| {Fs} Loader OpenDataStorageByDataId: Opened AddOnContent Data TitleID=0100B04011743096
00:03:16.897 |S| {Common} ServiceNs PrepareAddOnContentImpl: Stubbed. {index: 150}
00:03:16.898 |I| {Fs} Loader OpenDataStorageByDataId: Opened AddOnContent Data TitleID=0100B04011743096
00:03:16.899 |S| {Common} ServiceNs PrepareAddOnContentImpl: Stubbed. {index: 151}
00:03:16.900 |I| {Fs} Loader OpenDataStorageByDataId: Opened AddOnContent Data TitleID=0100B04011743097
00:03:16.904 |S| {Common} ServiceNs PrepareAddOnContentImpl: Stubbed. {index: 151}
00:03:16.907 |I| {Fs} Loader OpenDataStorageByDataId: Opened AddOnContent Data TitleID=0100B04011743097
00:03:16.908 |S| {Common} ServiceNs PrepareAddOnContentImpl: Stubbed. {index: 152}
00:03:16.909 |I| {Fs} Loader OpenDataStorageByDataId: Opened AddOnContent Data TitleID=0100B04011743098
00:03:16.910 |S| {Common} ServiceNs PrepareAddOnContentImpl: Stubbed. {index: 152}
00:03:16.910 |I| {Fs} Loader OpenDataStorageByDataId: Opened AddOnContent Data TitleID=0100B04011743098
00:03:16.911 |S| {Common} ServiceNs PrepareAddOnContentImpl: Stubbed. {index: 153}
00:03:16.912 |I| {Fs} Loader OpenDataStorageByDataId: Opened AddOnContent Data TitleID=0100B04011743099
00:03:16.913 |S| {Common} ServiceNs PrepareAddOnContentImpl: Stubbed. {index: 153}
00:03:16.914 |I| {Fs} Loader OpenDataStorageByDataId: Opened AddOnContent Data TitleID=0100B04011743099
00:03:16.915 |S| {Common} ServiceNs PrepareAddOnContentImpl: Stubbed. {index: 154}
00:03:16.916 |I| {Fs} Loader OpenDataStorageByDataId: Opened AddOnContent Data TitleID=0100B0401174309A
00:03:16.917 |S| {Common} ServiceNs PrepareAddOnContentImpl: Stubbed. {index: 154}
00:03:16.917 |I| {Fs} Loader OpenDataStorageByDataId: Opened AddOnContent Data TitleID=0100B0401174309A
00:03:16.919 |S| {Common} ServiceNs PrepareAddOnContentImpl: Stubbed. {index: 155}
00:03:16.920 |I| {Fs} Loader OpenDataStorageByDataId: Opened AddOnContent Data TitleID=0100B0401174309B
00:03:16.922 |S| {Common} ServiceNs PrepareAddOnContentImpl: Stubbed. {index: 155}
00:03:16.922 |I| {Fs} Loader OpenDataStorageByDataId: Opened AddOnContent Data TitleID=0100B0401174309B
00:03:16.924 |S| {Common} ServiceNs PrepareAddOnContentImpl: Stubbed. {index: 156}
00:03:16.925 |I| {Fs} Loader OpenDataStorageByDataId: Opened AddOnContent Data TitleID=0100B0401174309C
00:03:16.926 |S| {Common} ServiceNs PrepareAddOnContentImpl: Stubbed. {index: 156}
00:03:16.932 |I| {Fs} Loader OpenDataStorageByDataId: Opened AddOnContent Data TitleID=0100B0401174309C
00:03:16.941 |S| {Common} ServiceNs PrepareAddOnContentImpl: Stubbed. {index: 157}
00:03:16.942 |I| {Fs} Loader OpenDataStorageByDataId: Opened AddOnContent Data TitleID=0100B0401174309D
00:03:16.944 |S| {Common} ServiceNs PrepareAddOnContentImpl: Stubbed. {index: 157}
00:03:16.945 |I| {Fs} Loader OpenDataStorageByDataId: Opened AddOnContent Data TitleID=0100B0401174309D
00:03:16.949 |S| {Common} ServiceNs PrepareAddOnContentImpl: Stubbed. {index: 158}
00:03:16.950 |I| {Fs} Loader OpenDataStorageByDataId: Opened AddOnContent Data TitleID=0100B0401174309E
00:03:16.951 |S| {Common} ServiceNs PrepareAddOnContentImpl: Stubbed. {index: 158}
00:03:16.952 |I| {Fs} Loader OpenDataStorageByDataId: Opened AddOnContent Data TitleID=0100B0401174309E
00:03:16.954 |S| {Common} ServiceNs PrepareAddOnContentImpl: Stubbed. {index: 159}
00:03:16.955 |I| {Fs} Loader OpenDataStorageByDataId: Opened AddOnContent Data TitleID=0100B0401174309F
00:03:16.955 |S| {Common} ServiceNs PrepareAddOnContentImpl: Stubbed. {index: 159}
00:03:16.956 |I| {Fs} Loader OpenDataStorageByDataId: Opened AddOnContent Data TitleID=0100B0401174309F
00:03:16.957 |S| {Common} ServiceNs PrepareAddOnContentImpl: Stubbed. {index: 160}
00:03:16.958 |I| {Fs} Loader OpenDataStorageByDataId: Opened AddOnContent Data TitleID=0100B040117430A0
00:03:16.959 |S| {Common} ServiceNs PrepareAddOnContentImpl: Stubbed. {index: 160}
00:03:16.959 |I| {Fs} Loader OpenDataStorageByDataId: Opened AddOnContent Data TitleID=0100B040117430A0
00:03:16.960 |S| {Common} ServiceNs PrepareAddOnContentImpl: Stubbed. {index: 161}
00:03:16.961 |I| {Fs} Loader OpenDataStorageByDataId: Opened AddOnContent Data TitleID=0100B040117430A1
00:03:16.962 |S| {Common} ServiceNs PrepareAddOnContentImpl: Stubbed. {index: 161}
00:03:16.962 |I| {Fs} Loader OpenDataStorageByDataId: Opened AddOnContent Data TitleID=0100B040117430A1
00:03:16.964 |S| {Common} ServiceNs PrepareAddOnContentImpl: Stubbed. {index: 186}
00:03:16.966 |I| {Fs} Loader OpenDataStorageByDataId: Opened AddOnContent Data TitleID=0100B040117430BA
00:03:16.967 |S| {Common} ServiceNs PrepareAddOnContentImpl: Stubbed. {index: 186}
00:03:16.971 |I| {Fs} Loader OpenDataStorageByDataId: Opened AddOnContent Data TitleID=0100B040117430BA
00:03:16.978 |S| {Common} ServiceNs PrepareAddOnContentImpl: Stubbed. {index: 187}
00:03:16.979 |I| {Fs} Loader OpenDataStorageByDataId: Opened AddOnContent Data TitleID=0100B040117430BB
00:03:16.979 |S| {Common} ServiceNs PrepareAddOnContentImpl: Stubbed. {index: 187}
00:03:16.980 |I| {Fs} Loader OpenDataStorageByDataId: Opened AddOnContent Data TitleID=0100B040117430BB
00:03:16.981 |S| {Common} ServiceNs PrepareAddOnContentImpl: Stubbed. {index: 188}
00:03:16.983 |I| {Fs} Loader OpenDataStorageByDataId: Opened AddOnContent Data TitleID=0100B040117430BC
00:03:16.983 |S| {Common} ServiceNs PrepareAddOnContentImpl: Stubbed. {index: 188}
00:03:16.984 |I| {Fs} Loader OpenDataStorageByDataId: Opened AddOnContent Data TitleID=0100B040117430BC
00:03:16.988 |S| {Common} ServiceNs PrepareAddOnContentImpl: Stubbed. {index: 189}
00:03:16.989 |I| {Fs} Loader OpenDataStorageByDataId: Opened AddOnContent Data TitleID=0100B040117430BD
00:03:16.990 |S| {Common} ServiceNs PrepareAddOnContentImpl: Stubbed. {index: 189}
00:03:16.991 |I| {Fs} Loader OpenDataStorageByDataId: Opened AddOnContent Data TitleID=0100B040117430BD
00:03:16.992 |S| {Common} ServiceNs PrepareAddOnContentImpl: Stubbed. {index: 190}
00:03:16.993 |I| {Fs} Loader OpenDataStorageByDataId: Opened AddOnContent Data TitleID=0100B040117430BE
00:03:16.994 |S| {Common} ServiceNs PrepareAddOnContentImpl: Stubbed. {index: 190}
00:03:16.994 |I| {Fs} Loader OpenDataStorageByDataId: Opened AddOnContent Data TitleID=0100B040117430BE
00:03:16.996 |S| {Common} ServiceNs PrepareAddOnContentImpl: Stubbed. {index: 191}
00:03:16.998 |I| {Fs} Loader OpenDataStorageByDataId: Opened AddOnContent Data TitleID=0100B040117430BF
00:03:16.999 |S| {Common} ServiceNs PrepareAddOnContentImpl: Stubbed. {index: 191}
00:03:16.999 |I| {Fs} Loader OpenDataStorageByDataId: Opened AddOnContent Data TitleID=0100B040117430BF
00:03:17.004 |S| {Common} ServiceNs PrepareAddOnContentImpl: Stubbed. {index: 192}
00:03:17.005 |I| {Fs} Loader OpenDataStorageByDataId: Opened AddOnContent Data TitleID=0100B040117430C0
00:03:17.008 |S| {Common} ServiceNs PrepareAddOnContentImpl: Stubbed. {index: 192}
00:03:17.008 |I| {Fs} Loader OpenDataStorageByDataId: Opened AddOnContent Data TitleID=0100B040117430C0
00:03:17.012 |S| {Common} ServiceNs PrepareAddOnContentImpl: Stubbed. {index: 193}
00:03:17.013 |I| {Fs} Loader OpenDataStorageByDataId: Opened AddOnContent Data TitleID=0100B040117430C1
00:03:17.014 |S| {Common} ServiceNs PrepareAddOnContentImpl: Stubbed. {index: 193}
00:03:17.014 |I| {Fs} Loader OpenDataStorageByDataId: Opened AddOnContent Data TitleID=0100B040117430C1
00:03:17.015 |S| {Common} ServiceNs PrepareAddOnContentImpl: Stubbed. {index: 194}
00:03:17.016 |I| {Fs} Loader OpenDataStorageByDataId: Opened AddOnContent Data TitleID=0100B040117430C2
00:03:17.017 |S| {Common} ServiceNs PrepareAddOnContentImpl: Stubbed. {index: 194}
00:03:17.018 |I| {Fs} Loader OpenDataStorageByDataId: Opened AddOnContent Data TitleID=0100B040117430C2
00:03:17.029 |S| {Common} ServiceNs PrepareAddOnContentImpl: Stubbed. {index: 195}
00:03:17.034 |I| {Fs} Loader OpenDataStorageByDataId: Opened AddOnContent Data TitleID=0100B040117430C3
00:03:17.045 |S| {Common} ServiceNs PrepareAddOnContentImpl: Stubbed. {index: 195}
00:03:17.048 |I| {Fs} Loader OpenDataStorageByDataId: Opened AddOnContent Data TitleID=0100B040117430C3
00:03:17.049 |S| {Common} ServiceNs PrepareAddOnContentImpl: Stubbed. {index: 196}
00:03:17.051 |I| {Fs} Loader OpenDataStorageByDataId: Opened AddOnContent Data TitleID=0100B040117430C4
00:03:17.053 |S| {Common} ServiceNs PrepareAddOnContentImpl: Stubbed. {index: 196}
00:03:17.054 |I| {Fs} Loader OpenDataStorageByDataId: Opened AddOnContent Data TitleID=0100B040117430C4
00:03:17.057 |S| {Common} ServiceNs PrepareAddOnContentImpl: Stubbed. {index: 197}
00:03:17.058 |I| {Fs} Loader OpenDataStorageByDataId: Opened AddOnContent Data TitleID=0100B040117430C5
00:03:17.059 |S| {Common} ServiceNs PrepareAddOnContentImpl: Stubbed. {index: 197}
00:03:17.059 |I| {Fs} Loader OpenDataStorageByDataId: Opened AddOnContent Data TitleID=0100B040117430C5
00:03:17.060 |S| {Common} ServiceNs PrepareAddOnContentImpl: Stubbed. {index: 198}
00:03:17.061 |I| {Fs} Loader OpenDataStorageByDataId: Opened AddOnContent Data TitleID=0100B040117430C6
00:03:17.062 |S| {Common} ServiceNs PrepareAddOnContentImpl: Stubbed. {index: 198}
00:03:17.065 |I| {Fs} Loader OpenDataStorageByDataId: Opened AddOnContent Data TitleID=0100B040117430C6
00:03:17.076 |S| {Common} ServiceNs PrepareAddOnContentImpl: Stubbed. {index: 199}
00:03:17.083 |I| {Fs} Loader OpenDataStorageByDataId: Opened AddOnContent Data TitleID=0100B040117430C7
00:03:17.086 |S| {Common} ServiceNs PrepareAddOnContentImpl: Stubbed. {index: 199}
00:03:17.086 |I| {Fs} Loader OpenDataStorageByDataId: Opened AddOnContent Data TitleID=0100B040117430C7
00:03:17.088 |S| {Common} ServiceNs PrepareAddOnContentImpl: Stubbed. {index: 200}
00:03:17.090 |I| {Fs} Loader OpenDataStorageByDataId: Opened AddOnContent Data TitleID=0100B040117430C8
00:03:17.091 |S| {Common} ServiceNs PrepareAddOnContentImpl: Stubbed. {index: 200}
00:03:17.091 |I| {Fs} Loader OpenDataStorageByDataId: Opened AddOnContent Data TitleID=0100B040117430C8
00:03:17.093 |S| {Common} ServiceNs PrepareAddOnContentImpl: Stubbed. {index: 201}
00:03:17.094 |I| {Fs} Loader OpenDataStorageByDataId: Opened AddOnContent Data TitleID=0100B040117430C9
00:03:17.095 |S| {Common} ServiceNs PrepareAddOnContentImpl: Stubbed. {index: 201}
00:03:17.095 |I| {Fs} Loader OpenDataStorageByDataId: Opened AddOnContent Data TitleID=0100B040117430C9
00:03:17.194 |S| {Common} ServiceNs PrepareAddOnContentImpl: Stubbed. {index: 202}
00:03:17.195 |I| {Fs} Loader OpenDataStorageByDataId: Opened AddOnContent Data TitleID=0100B040117430CA
00:03:17.197 |S| {Common} ServiceNs PrepareAddOnContentImpl: Stubbed. {index: 202}
00:03:17.199 |I| {Fs} Loader OpenDataStorageByDataId: Opened AddOnContent Data TitleID=0100B040117430CA
00:03:17.209 |S| {Common} ServiceNs PrepareAddOnContentImpl: Stubbed. {index: 203}
00:03:17.217 |I| {Fs} Loader OpenDataStorageByDataId: Opened AddOnContent Data TitleID=0100B040117430CB
00:03:17.224 |S| {Common} ServiceNs PrepareAddOnContentImpl: Stubbed. {index: 203}
00:03:17.225 |I| {Fs} Loader OpenDataStorageByDataId: Opened AddOnContent Data TitleID=0100B040117430CB
00:03:17.227 |S| {Common} ServiceNs PrepareAddOnContentImpl: Stubbed. {index: 204}
00:03:17.228 |I| {Fs} Loader OpenDataStorageByDataId: Opened AddOnContent Data TitleID=0100B040117430CC
00:03:17.228 |S| {Common} ServiceNs PrepareAddOnContentImpl: Stubbed. {index: 204}
00:03:17.229 |I| {Fs} Loader OpenDataStorageByDataId: Opened AddOnContent Data TitleID=0100B040117430CC
00:03:17.230 |S| {Common} ServiceNs PrepareAddOnContentImpl: Stubbed. {index: 205}
00:03:17.231 |I| {Fs} Loader OpenDataStorageByDataId: Opened AddOnContent Data TitleID=0100B040117430CD
00:03:17.232 |S| {Common} ServiceNs PrepareAddOnContentImpl: Stubbed. {index: 205}
00:03:17.233 |I| {Fs} Loader OpenDataStorageByDataId: Opened AddOnContent Data TitleID=0100B040117430CD
00:03:17.238 |S| {Common} ServiceNs PrepareAddOnContentImpl: Stubbed. {index: 206}
00:03:17.239 |I| {Fs} Loader OpenDataStorageByDataId: Opened AddOnContent Data TitleID=0100B040117430CE
00:03:17.241 |S| {Common} ServiceNs PrepareAddOnContentImpl: Stubbed. {index: 206}
00:03:17.242 |I| {Fs} Loader OpenDataStorageByDataId: Opened AddOnContent Data TitleID=0100B040117430CE
00:03:17.248 |S| {Common} ServiceNs PrepareAddOnContentImpl: Stubbed. {index: 207}
00:03:17.249 |I| {Fs} Loader OpenDataStorageByDataId: Opened AddOnContent Data TitleID=0100B040117430CF
00:03:17.250 |S| {Common} ServiceNs PrepareAddOnContentImpl: Stubbed. {index: 207}
00:03:17.250 |I| {Fs} Loader OpenDataStorageByDataId: Opened AddOnContent Data TitleID=0100B040117430CF
00:03:17.252 |S| {Common} ServiceNs PrepareAddOnContentImpl: Stubbed. {index: 208}
00:03:17.253 |I| {Fs} Loader OpenDataStorageByDataId: Opened AddOnContent Data TitleID=0100B040117430D0
00:03:17.254 |S| {Common} ServiceNs PrepareAddOnContentImpl: Stubbed. {index: 208}
00:03:17.260 |I| {Fs} Loader OpenDataStorageByDataId: Opened AddOnContent Data TitleID=0100B040117430D0
00:03:17.265 |S| {Common} ServiceNs PrepareAddOnContentImpl: Stubbed. {index: 209}
00:03:17.267 |I| {Fs} Loader OpenDataStorageByDataId: Opened AddOnContent Data TitleID=0100B040117430D1
00:03:17.269 |S| {Common} ServiceNs PrepareAddOnContentImpl: Stubbed. {index: 209}
00:03:17.270 |I| {Fs} Loader OpenDataStorageByDataId: Opened AddOnContent Data TitleID=0100B040117430D1
00:03:17.272 |S| {Common} ServiceNs PrepareAddOnContentImpl: Stubbed. {index: 210}
00:03:17.273 |I| {Fs} Loader OpenDataStorageByDataId: Opened AddOnContent Data TitleID=0100B040117430D2
00:03:17.275 |S| {Common} ServiceNs PrepareAddOnContentImpl: Stubbed. {index: 210}
00:03:17.276 |I| {Fs} Loader OpenDataStorageByDataId: Opened AddOnContent Data TitleID=0100B040117430D2
00:03:17.281 |S| {Common} ServiceNs PrepareAddOnContentImpl: Stubbed. {index: 211}
00:03:17.282 |I| {Fs} Loader OpenDataStorageByDataId: Opened AddOnContent Data TitleID=0100B040117430D3
00:03:17.283 |S| {Common} ServiceNs PrepareAddOnContentImpl: Stubbed. {index: 211}
00:03:17.284 |I| {Fs} Loader OpenDataStorageByDataId: Opened AddOnContent Data TitleID=0100B040117430D3
00:03:17.285 |S| {Common} ServiceNs PrepareAddOnContentImpl: Stubbed. {index: 212}
00:03:17.286 |I| {Fs} Loader OpenDataStorageByDataId: Opened AddOnContent Data TitleID=0100B040117430D4
00:03:17.287 |S| {Common} ServiceNs PrepareAddOnContentImpl: Stubbed. {index: 212}
00:03:17.289 |I| {Fs} Loader OpenDataStorageByDataId: Opened AddOnContent Data TitleID=0100B040117430D4
00:03:17.290 |S| {Common} ServiceNs PrepareAddOnContentImpl: Stubbed. {index: 213}
00:03:17.291 |I| {Fs} Loader OpenDataStorageByDataId: Opened AddOnContent Data TitleID=0100B040117430D5
00:03:17.292 |S| {Common} ServiceNs PrepareAddOnContentImpl: Stubbed. {index: 213}
00:03:17.292 |I| {Fs} Loader OpenDataStorageByDataId: Opened AddOnContent Data TitleID=0100B040117430D5
00:03:17.293 |S| {Common} ServiceNs PrepareAddOnContentImpl: Stubbed. {index: 214}
00:03:17.294 |I| {Fs} Loader OpenDataStorageByDataId: Opened AddOnContent Data TitleID=0100B040117430D6
00:03:17.295 |S| {Common} ServiceNs PrepareAddOnContentImpl: Stubbed. {index: 214}
00:03:17.295 |I| {Fs} Loader OpenDataStorageByDataId: Opened AddOnContent Data TitleID=0100B040117430D6
00:03:17.298 |S| {Common} ServiceNs PrepareAddOnContentImpl: Stubbed. {index: 215}
00:03:17.300 |I| {Fs} Loader OpenDataStorageByDataId: Opened AddOnContent Data TitleID=0100B040117430D7
00:03:17.304 |S| {Common} ServiceNs PrepareAddOnContentImpl: Stubbed. {index: 215}
00:03:17.305 |I| {Fs} Loader OpenDataStorageByDataId: Opened AddOnContent Data TitleID=0100B040117430D7
00:03:17.317 |S| {Common} ServiceNs PrepareAddOnContentImpl: Stubbed. {index: 216}
00:03:17.319 |I| {Fs} Loader OpenDataStorageByDataId: Opened AddOnContent Data TitleID=0100B040117430D8
00:03:17.320 |S| {Common} ServiceNs PrepareAddOnContentImpl: Stubbed. {index: 216}
00:03:17.321 |I| {Fs} Loader OpenDataStorageByDataId: Opened AddOnContent Data TitleID=0100B040117430D8
00:03:17.322 |S| {Common} ServiceNs PrepareAddOnContentImpl: Stubbed. {index: 217}
00:03:17.323 |I| {Fs} Loader OpenDataStorageByDataId: Opened AddOnContent Data TitleID=0100B040117430D9
00:03:17.324 |S| {Common} ServiceNs PrepareAddOnContentImpl: Stubbed. {index: 217}
00:03:17.324 |I| {Fs} Loader OpenDataStorageByDataId: Opened AddOnContent Data TitleID=0100B040117430D9
00:03:17.325 |S| {Common} ServiceNs PrepareAddOnContentImpl: Stubbed. {index: 218}
00:03:17.327 |I| {Fs} Loader OpenDataStorageByDataId: Opened AddOnContent Data TitleID=0100B040117430DA
00:03:17.328 |S| {Common} ServiceNs PrepareAddOnContentImpl: Stubbed. {index: 218}
00:03:17.328 |I| {Fs} Loader OpenDataStorageByDataId: Opened AddOnContent Data TitleID=0100B040117430DA
00:03:17.330 |S| {Common} ServiceNs PrepareAddOnContentImpl: Stubbed. {index: 219}
00:03:17.331 |I| {Fs} Loader OpenDataStorageByDataId: Opened AddOnContent Data TitleID=0100B040117430DB
00:03:17.332 |S| {Common} ServiceNs PrepareAddOnContentImpl: Stubbed. {index: 219}
00:03:17.333 |I| {Fs} Loader OpenDataStorageByDataId: Opened AddOnContent Data TitleID=0100B040117430DB
00:03:17.334 |S| {Common} ServiceNs PrepareAddOnContentImpl: Stubbed. {index: 220}
00:03:17.338 |I| {Fs} Loader OpenDataStorageByDataId: Opened AddOnContent Data TitleID=0100B040117430DC
00:03:17.339 |S| {Common} ServiceNs PrepareAddOnContentImpl: Stubbed. {index: 220}
00:03:17.340 |I| {Fs} Loader OpenDataStorageByDataId: Opened AddOnContent Data TitleID=0100B040117430DC
00:03:17.345 |S| {Common} ServiceNs PrepareAddOnContentImpl: Stubbed. {index: 221}
00:03:17.350 |I| {Fs} Loader OpenDataStorageByDataId: Opened AddOnContent Data TitleID=0100B040117430DD
00:03:17.352 |S| {Common} ServiceNs PrepareAddOnContentImpl: Stubbed. {index: 221}
00:03:17.353 |I| {Fs} Loader OpenDataStorageByDataId: Opened AddOnContent Data TitleID=0100B040117430DD
00:03:17.354 |S| {Common} ServiceNs PrepareAddOnContentImpl: Stubbed. {index: 222}
00:03:17.355 |I| {Fs} Loader OpenDataStorageByDataId: Opened AddOnContent Data TitleID=0100B040117430DE
00:03:17.356 |S| {Common} ServiceNs PrepareAddOnContentImpl: Stubbed. {index: 222}
00:03:17.362 |I| {Fs} Loader OpenDataStorageByDataId: Opened AddOnContent Data TitleID=0100B040117430DE
00:03:17.367 |S| {Common} ServiceNs PrepareAddOnContentImpl: Stubbed. {index: 223}
00:03:17.368 |I| {Fs} Loader OpenDataStorageByDataId: Opened AddOnContent Data TitleID=0100B040117430DF
00:03:17.372 |S| {Common} ServiceNs PrepareAddOnContentImpl: Stubbed. {index: 223}
00:03:17.372 |I| {Fs} Loader OpenDataStorageByDataId: Opened AddOnContent Data TitleID=0100B040117430DF
00:03:17.378 |S| {Common} ServiceNs PrepareAddOnContentImpl: Stubbed. {index: 224}
00:03:17.384 |I| {Fs} Loader OpenDataStorageByDataId: Opened AddOnContent Data TitleID=0100B040117430E0
00:03:17.386 |S| {Common} ServiceNs PrepareAddOnContentImpl: Stubbed. {index: 224}
00:03:17.386 |I| {Fs} Loader OpenDataStorageByDataId: Opened AddOnContent Data TitleID=0100B040117430E0
00:03:17.387 |S| {Common} ServiceNs PrepareAddOnContentImpl: Stubbed. {index: 225}
00:03:17.389 |I| {Fs} Loader OpenDataStorageByDataId: Opened AddOnContent Data TitleID=0100B040117430E1
00:03:17.390 |S| {Common} ServiceNs PrepareAddOnContentImpl: Stubbed. {index: 225}
00:03:17.391 |I| {Fs} Loader OpenDataStorageByDataId: Opened AddOnContent Data TitleID=0100B040117430E1
00:03:17.392 |S| {Common} ServiceNs PrepareAddOnContentImpl: Stubbed. {index: 226}
00:03:17.393 |I| {Fs} Loader OpenDataStorageByDataId: Opened AddOnContent Data TitleID=0100B040117430E2
00:03:17.394 |S| {Common} ServiceNs PrepareAddOnContentImpl: Stubbed. {index: 226}
00:03:17.394 |I| {Fs} Loader OpenDataStorageByDataId: Opened AddOnContent Data TitleID=0100B040117430E2
00:03:17.397 |S| {Common} ServiceNs PrepareAddOnContentImpl: Stubbed. {index: 227}
00:03:17.398 |I| {Fs} Loader OpenDataStorageByDataId: Opened AddOnContent Data TitleID=0100B040117430E3
00:03:17.399 |S| {Common} ServiceNs PrepareAddOnContentImpl: Stubbed. {index: 227}
00:03:17.399 |I| {Fs} Loader OpenDataStorageByDataId: Opened AddOnContent Data TitleID=0100B040117430E3
00:03:17.803 |S| {Common} ServicePctl IsFreeCommunicationAvailable: Stubbed. 
00:03:18.872 |S| {Common} ServiceNs PrepareAddOnContentImpl: Stubbed. {index: 228}
00:03:19.186 |I| {Fs} Loader OpenDataStorageByDataId: Opened AddOnContent Data TitleID=0100B040117430E4
00:03:19.229 |S| {Common} ServiceNs PrepareAddOnContentImpl: Stubbed. {index: 228}
00:03:19.274 |I| {Fs} Loader OpenDataStorageByDataId: Opened AddOnContent Data TitleID=0100B040117430E4
00:03:19.397 |S| {Common} ServiceNs PrepareAddOnContentImpl: Stubbed. {index: 229}
00:03:19.404 |I| {Fs} Loader OpenDataStorageByDataId: Opened AddOnContent Data TitleID=0100B040117430E5
00:03:19.408 |S| {Common} ServiceNs PrepareAddOnContentImpl: Stubbed. {index: 229}
00:03:19.410 |I| {Fs} Loader OpenDataStorageByDataId: Opened AddOnContent Data TitleID=0100B040117430E5
00:03:19.424 |S| {Common} ServiceNs PrepareAddOnContentImpl: Stubbed. {index: 230}
00:03:19.427 |I| {Fs} Loader OpenDataStorageByDataId: Opened AddOnContent Data TitleID=0100B040117430E6
00:03:19.427 |S| {Common} ServiceNs PrepareAddOnContentImpl: Stubbed. {index: 230}
00:03:19.428 |I| {Fs} Loader OpenDataStorageByDataId: Opened AddOnContent Data TitleID=0100B040117430E6
00:03:19.430 |S| {Common} ServiceNs PrepareAddOnContentImpl: Stubbed. {index: 231}
00:03:19.435 |I| {Fs} Loader OpenDataStorageByDataId: Opened AddOnContent Data TitleID=0100B040117430E7
00:03:19.438 |S| {Common} ServiceNs PrepareAddOnContentImpl: Stubbed. {index: 231}
00:03:19.439 |I| {Fs} Loader OpenDataStorageByDataId: Opened AddOnContent Data TitleID=0100B040117430E7
00:03:19.440 |S| {Common} ServiceNs PrepareAddOnContentImpl: Stubbed. {index: 232}
00:03:19.441 |I| {Fs} Loader OpenDataStorageByDataId: Opened AddOnContent Data TitleID=0100B040117430E8
00:03:19.442 |S| {Common} ServiceNs PrepareAddOnContentImpl: Stubbed. {index: 232}
00:03:19.443 |I| {Fs} Loader OpenDataStorageByDataId: Opened AddOnContent Data TitleID=0100B040117430E8
00:03:19.452 |S| {Common} ServiceNs PrepareAddOnContentImpl: Stubbed. {index: 233}
00:03:19.455 |I| {Fs} Loader OpenDataStorageByDataId: Opened AddOnContent Data TitleID=0100B040117430E9
00:03:19.457 |S| {Common} ServiceNs PrepareAddOnContentImpl: Stubbed. {index: 233}
00:03:19.458 |I| {Fs} Loader OpenDataStorageByDataId: Opened AddOnContent Data TitleID=0100B040117430E9
00:03:19.459 |S| {Common} ServiceNs PrepareAddOnContentImpl: Stubbed. {index: 234}
00:03:19.461 |I| {Fs} Loader OpenDataStorageByDataId: Opened AddOnContent Data TitleID=0100B040117430EA
00:03:19.462 |S| {Common} ServiceNs PrepareAddOnContentImpl: Stubbed. {index: 234}
00:03:19.462 |I| {Fs} Loader OpenDataStorageByDataId: Opened AddOnContent Data TitleID=0100B040117430EA
00:03:19.466 |S| {Common} ServiceNs PrepareAddOnContentImpl: Stubbed. {index: 235}
00:03:19.467 |I| {Fs} Loader OpenDataStorageByDataId: Opened AddOnContent Data TitleID=0100B040117430EB
00:03:19.470 |S| {Common} ServiceNs PrepareAddOnContentImpl: Stubbed. {index: 235}
00:03:19.470 |I| {Fs} Loader OpenDataStorageByDataId: Opened AddOnContent Data TitleID=0100B040117430EB
00:03:19.472 |S| {Common} ServiceNs PrepareAddOnContentImpl: Stubbed. {index: 236}
00:03:19.472 |I| {Fs} Loader OpenDataStorageByDataId: Opened AddOnContent Data TitleID=0100B040117430EC
00:03:19.474 |S| {Common} ServiceNs PrepareAddOnContentImpl: Stubbed. {index: 236}
00:03:19.477 |I| {Fs} Loader OpenDataStorageByDataId: Opened AddOnContent Data TitleID=0100B040117430EC
00:03:19.482 |S| {Common} ServiceNs PrepareAddOnContentImpl: Stubbed. {index: 237}
00:03:19.484 |I| {Fs} Loader OpenDataStorageByDataId: Opened AddOnContent Data TitleID=0100B040117430ED
00:03:19.489 |S| {Common} ServiceNs PrepareAddOnContentImpl: Stubbed. {index: 237}
00:03:19.490 |I| {Fs} Loader OpenDataStorageByDataId: Opened AddOnContent Data TitleID=0100B040117430ED
00:03:19.496 |S| {Common} ServiceNs PrepareAddOnContentImpl: Stubbed. {index: 238}
00:03:19.498 |I| {Fs} Loader OpenDataStorageByDataId: Opened AddOnContent Data TitleID=0100B040117430EE
00:03:19.499 |S| {Common} ServiceNs PrepareAddOnContentImpl: Stubbed. {index: 238}
00:03:19.499 |I| {Fs} Loader OpenDataStorageByDataId: Opened AddOnContent Data TitleID=0100B040117430EE
00:03:19.504 |S| {Common} ServiceNs PrepareAddOnContentImpl: Stubbed. {index: 239}
00:03:19.505 |I| {Fs} Loader OpenDataStorageByDataId: Opened AddOnContent Data TitleID=0100B040117430EF
00:03:19.506 |S| {Common} ServiceNs PrepareAddOnContentImpl: Stubbed. {index: 239}
00:03:19.506 |I| {Fs} Loader OpenDataStorageByDataId: Opened AddOnContent Data TitleID=0100B040117430EF
00:03:19.512 |S| {Common} ServiceNs PrepareAddOnContentImpl: Stubbed. {index: 240}
00:03:19.513 |I| {Fs} Loader OpenDataStorageByDataId: Opened AddOnContent Data TitleID=0100B040117430F0
00:03:19.515 |S| {Common} ServiceNs PrepareAddOnContentImpl: Stubbed. {index: 240}
00:03:19.516 |I| {Fs} Loader OpenDataStorageByDataId: Opened AddOnContent Data TitleID=0100B040117430F0
00:03:19.524 |S| {Common} ServiceNs PrepareAddOnContentImpl: Stubbed. {index: 241}
00:03:19.525 |I| {Fs} Loader OpenDataStorageByDataId: Opened AddOnContent Data TitleID=0100B040117430F1
00:03:19.527 |S| {Common} ServiceNs PrepareAddOnContentImpl: Stubbed. {index: 241}
00:03:19.527 |I| {Fs} Loader OpenDataStorageByDataId: Opened AddOnContent Data TitleID=0100B040117430F1
00:03:19.529 |S| {Common} ServiceNs PrepareAddOnContentImpl: Stubbed. {index: 242}
00:03:19.531 |I| {Fs} Loader OpenDataStorageByDataId: Opened AddOnContent Data TitleID=0100B040117430F2
00:03:19.532 |S| {Common} ServiceNs PrepareAddOnContentImpl: Stubbed. {index: 242}
00:03:19.533 |I| {Fs} Loader OpenDataStorageByDataId: Opened AddOnContent Data TitleID=0100B040117430F2
00:03:19.538 |S| {Common} ServiceNs PrepareAddOnContentImpl: Stubbed. {index: 243}
00:03:19.538 |I| {Fs} Loader OpenDataStorageByDataId: Opened AddOnContent Data TitleID=0100B040117430F3
00:03:19.539 |S| {Common} ServiceNs PrepareAddOnContentImpl: Stubbed. {index: 243}
00:03:19.540 |I| {Fs} Loader OpenDataStorageByDataId: Opened AddOnContent Data TitleID=0100B040117430F3
00:03:19.544 |S| {Common} ServiceNs PrepareAddOnContentImpl: Stubbed. {index: 244}
00:03:19.548 |I| {Fs} Loader OpenDataStorageByDataId: Opened AddOnContent Data TitleID=0100B040117430F4
00:03:19.549 |S| {Common} ServiceNs PrepareAddOnContentImpl: Stubbed. {index: 244}
00:03:19.552 |I| {Fs} Loader OpenDataStorageByDataId: Opened AddOnContent Data TitleID=0100B040117430F4
00:03:19.557 |S| {Common} ServiceNs PrepareAddOnContentImpl: Stubbed. {index: 245}
00:03:19.565 |I| {Fs} Loader OpenDataStorageByDataId: Opened AddOnContent Data TitleID=0100B040117430F5
00:03:19.570 |S| {Common} ServiceNs PrepareAddOnContentImpl: Stubbed. {index: 245}
00:03:19.571 |I| {Fs} Loader OpenDataStorageByDataId: Opened AddOnContent Data TitleID=0100B040117430F5
00:03:19.573 |S| {Common} ServiceNs PrepareAddOnContentImpl: Stubbed. {index: 246}
00:03:19.575 |I| {Fs} Loader OpenDataStorageByDataId: Opened AddOnContent Data TitleID=0100B040117430F6
00:03:19.576 |S| {Common} ServiceNs PrepareAddOnContentImpl: Stubbed. {index: 246}
00:03:19.577 |I| {Fs} Loader OpenDataStorageByDataId: Opened AddOnContent Data TitleID=0100B040117430F6
00:03:19.580 |S| {Common} ServiceNs PrepareAddOnContentImpl: Stubbed. {index: 247}
00:03:19.583 |I| {Fs} Loader OpenDataStorageByDataId: Opened AddOnContent Data TitleID=0100B040117430F7
00:03:19.587 |S| {Common} ServiceNs PrepareAddOnContentImpl: Stubbed. {index: 247}
00:03:19.590 |I| {Fs} Loader OpenDataStorageByDataId: Opened AddOnContent Data TitleID=0100B040117430F7
00:03:19.592 |S| {Common} ServiceNs PrepareAddOnContentImpl: Stubbed. {index: 248}
00:03:19.593 |I| {Fs} Loader OpenDataStorageByDataId: Opened AddOnContent Data TitleID=0100B040117430F8
00:03:19.594 |S| {Common} ServiceNs PrepareAddOnContentImpl: Stubbed. {index: 248}
00:03:19.595 |I| {Fs} Loader OpenDataStorageByDataId: Opened AddOnContent Data TitleID=0100B040117430F8
00:03:19.598 |S| {Common} ServiceNs PrepareAddOnContentImpl: Stubbed. {index: 249}
00:03:19.599 |I| {Fs} Loader OpenDataStorageByDataId: Opened AddOnContent Data TitleID=0100B040117430F9
00:03:19.605 |S| {Common} ServiceNs PrepareAddOnContentImpl: Stubbed. {index: 249}
00:03:19.607 |I| {Fs} Loader OpenDataStorageByDataId: Opened AddOnContent Data TitleID=0100B040117430F9
00:03:19.610 |S| {Common} ServiceNs PrepareAddOnContentImpl: Stubbed. {index: 250}
00:03:19.611 |I| {Fs} Loader OpenDataStorageByDataId: Opened AddOnContent Data TitleID=0100B040117430FA
00:03:19.613 |S| {Common} ServiceNs PrepareAddOnContentImpl: Stubbed. {index: 250}
00:03:19.618 |I| {Fs} Loader OpenDataStorageByDataId: Opened AddOnContent Data TitleID=0100B040117430FA
00:03:19.623 |S| {Common} ServiceNs PrepareAddOnContentImpl: Stubbed. {index: 251}
00:03:19.624 |I| {Fs} Loader OpenDataStorageByDataId: Opened AddOnContent Data TitleID=0100B040117430FB
00:03:19.626 |S| {Common} ServiceNs PrepareAddOnContentImpl: Stubbed. {index: 251}
00:03:19.626 |I| {Fs} Loader OpenDataStorageByDataId: Opened AddOnContent Data TitleID=0100B040117430FB
00:03:19.628 |S| {Common} ServiceNs PrepareAddOnContentImpl: Stubbed. {index: 252}
00:03:19.629 |I| {Fs} Loader OpenDataStorageByDataId: Opened AddOnContent Data TitleID=0100B040117430FC
00:03:19.630 |S| {Common} ServiceNs PrepareAddOnContentImpl: Stubbed. {index: 252}
00:03:19.631 |I| {Fs} Loader OpenDataStorageByDataId: Opened AddOnContent Data TitleID=0100B040117430FC
00:03:19.633 |S| {Common} ServiceNs PrepareAddOnContentImpl: Stubbed. {index: 253}
00:03:19.637 |I| {Fs} Loader OpenDataStorageByDataId: Opened AddOnContent Data TitleID=0100B040117430FD
00:03:19.637 |S| {Common} ServiceNs PrepareAddOnContentImpl: Stubbed. {index: 253}
00:03:19.638 |I| {Fs} Loader OpenDataStorageByDataId: Opened AddOnContent Data TitleID=0100B040117430FD
00:03:19.639 |S| {Common} ServiceNs PrepareAddOnContentImpl: Stubbed. {index: 254}
00:03:19.641 |I| {Fs} Loader OpenDataStorageByDataId: Opened AddOnContent Data TitleID=0100B040117430FE
00:03:19.644 |S| {Common} ServiceNs PrepareAddOnContentImpl: Stubbed. {index: 254}
00:03:19.644 |I| {Fs} Loader OpenDataStorageByDataId: Opened AddOnContent Data TitleID=0100B040117430FE
00:03:19.649 |S| {Common} ServiceNs PrepareAddOnContentImpl: Stubbed. {index: 255}
00:03:19.650 |I| {Fs} Loader OpenDataStorageByDataId: Opened AddOnContent Data TitleID=0100B040117430FF
00:03:19.654 |S| {Common} ServiceNs PrepareAddOnContentImpl: Stubbed. {index: 255}
00:03:19.656 |I| {Fs} Loader OpenDataStorageByDataId: Opened AddOnContent Data TitleID=0100B040117430FF
00:03:19.658 |S| {Common} ServiceNs PrepareAddOnContentImpl: Stubbed. {index: 256}
00:03:19.659 |I| {Fs} Loader OpenDataStorageByDataId: Opened AddOnContent Data TitleID=0100B04011743100
00:03:19.660 |S| {Common} ServiceNs PrepareAddOnContentImpl: Stubbed. {index: 256}
00:03:19.661 |I| {Fs} Loader OpenDataStorageByDataId: Opened AddOnContent Data TitleID=0100B04011743100
00:03:19.666 |S| {Common} ServiceNs PrepareAddOnContentImpl: Stubbed. {index: 257}
00:03:19.669 |I| {Fs} Loader OpenDataStorageByDataId: Opened AddOnContent Data TitleID=0100B04011743101
00:03:19.670 |S| {Common} ServiceNs PrepareAddOnContentImpl: Stubbed. {index: 257}
00:03:19.671 |I| {Fs} Loader OpenDataStorageByDataId: Opened AddOnContent Data TitleID=0100B04011743101
00:03:19.673 |S| {Common} ServiceNs PrepareAddOnContentImpl: Stubbed. {index: 258}
00:03:19.674 |I| {Fs} Loader OpenDataStorageByDataId: Opened AddOnContent Data TitleID=0100B04011743102
00:03:19.676 |S| {Common} ServiceNs PrepareAddOnContentImpl: Stubbed. {index: 258}
00:03:19.677 |I| {Fs} Loader OpenDataStorageByDataId: Opened AddOnContent Data TitleID=0100B04011743102
00:03:19.680 |S| {Common} ServiceNs PrepareAddOnContentImpl: Stubbed. {index: 259}
00:03:19.688 |I| {Fs} Loader OpenDataStorageByDataId: Opened AddOnContent Data TitleID=0100B04011743103
00:03:19.693 |S| {Common} ServiceNs PrepareAddOnContentImpl: Stubbed. {index: 259}
00:03:19.693 |I| {Fs} Loader OpenDataStorageByDataId: Opened AddOnContent Data TitleID=0100B04011743103
00:03:19.699 |S| {Common} ServiceNs PrepareAddOnContentImpl: Stubbed. {index: 260}
00:03:19.701 |I| {Fs} Loader OpenDataStorageByDataId: Opened AddOnContent Data TitleID=0100B04011743104
00:03:19.703 |S| {Common} ServiceNs PrepareAddOnContentImpl: Stubbed. {index: 260}
00:03:19.704 |I| {Fs} Loader OpenDataStorageByDataId: Opened AddOnContent Data TitleID=0100B04011743104
00:03:19.705 |S| {Common} ServiceNs PrepareAddOnContentImpl: Stubbed. {index: 261}
00:03:19.706 |I| {Fs} Loader OpenDataStorageByDataId: Opened AddOnContent Data TitleID=0100B04011743105
00:03:19.707 |S| {Common} ServiceNs PrepareAddOnContentImpl: Stubbed. {index: 261}
00:03:19.708 |I| {Fs} Loader OpenDataStorageByDataId: Opened AddOnContent Data TitleID=0100B04011743105
00:03:19.718 |S| {Common} ServiceNs PrepareAddOnContentImpl: Stubbed. {index: 262}
00:03:19.722 |I| {Fs} Loader OpenDataStorageByDataId: Opened AddOnContent Data TitleID=0100B04011743106
00:03:19.724 |S| {Common} ServiceNs PrepareAddOnContentImpl: Stubbed. {index: 262}
00:03:19.725 |I| {Fs} Loader OpenDataStorageByDataId: Opened AddOnContent Data TitleID=0100B04011743106
00:03:19.726 |S| {Common} ServiceNs PrepareAddOnContentImpl: Stubbed. {index: 263}
00:03:19.728 |I| {Fs} Loader OpenDataStorageByDataId: Opened AddOnContent Data TitleID=0100B04011743107
00:03:19.728 |S| {Common} ServiceNs PrepareAddOnContentImpl: Stubbed. {index: 263}
00:03:19.729 |I| {Fs} Loader OpenDataStorageByDataId: Opened AddOnContent Data TitleID=0100B04011743107
00:03:19.732 |S| {Common} ServiceNs PrepareAddOnContentImpl: Stubbed. {index: 264}
00:03:19.733 |I| {Fs} Loader OpenDataStorageByDataId: Opened AddOnContent Data TitleID=0100B04011743108
00:03:19.735 |S| {Common} ServiceNs PrepareAddOnContentImpl: Stubbed. {index: 264}
00:03:19.736 |I| {Fs} Loader OpenDataStorageByDataId: Opened AddOnContent Data TitleID=0100B04011743108
00:03:19.738 |S| {Common} ServiceNs PrepareAddOnContentImpl: Stubbed. {index: 265}
00:03:19.739 |I| {Fs} Loader OpenDataStorageByDataId: Opened AddOnContent Data TitleID=0100B04011743109
00:03:19.740 |S| {Common} ServiceNs PrepareAddOnContentImpl: Stubbed. {index: 265}
00:03:19.740 |I| {Fs} Loader OpenDataStorageByDataId: Opened AddOnContent Data TitleID=0100B04011743109
00:03:19.745 |S| {Common} ServiceNs PrepareAddOnContentImpl: Stubbed. {index: 266}
00:03:19.748 |I| {Fs} Loader OpenDataStorageByDataId: Opened AddOnContent Data TitleID=0100B0401174310A
00:03:19.749 |S| {Common} ServiceNs PrepareAddOnContentImpl: Stubbed. {index: 266}
00:03:19.750 |I| {Fs} Loader OpenDataStorageByDataId: Opened AddOnContent Data TitleID=0100B0401174310A
00:03:19.754 |S| {Common} ServiceNs PrepareAddOnContentImpl: Stubbed. {index: 267}
00:03:19.756 |I| {Fs} Loader OpenDataStorageByDataId: Opened AddOnContent Data TitleID=0100B0401174310B
00:03:19.757 |S| {Common} ServiceNs PrepareAddOnContentImpl: Stubbed. {index: 267}
00:03:19.758 |I| {Fs} Loader OpenDataStorageByDataId: Opened AddOnContent Data TitleID=0100B0401174310B
00:03:19.760 |S| {Common} ServiceNs PrepareAddOnContentImpl: Stubbed. {index: 268}
00:03:19.761 |I| {Fs} Loader OpenDataStorageByDataId: Opened AddOnContent Data TitleID=0100B0401174310C
00:03:19.762 |S| {Common} ServiceNs PrepareAddOnContentImpl: Stubbed. {index: 268}
00:03:19.764 |I| {Fs} Loader OpenDataStorageByDataId: Opened AddOnContent Data TitleID=0100B0401174310C
00:03:19.766 |S| {Common} ServiceNs PrepareAddOnContentImpl: Stubbed. {index: 269}
00:03:19.769 |I| {Fs} Loader OpenDataStorageByDataId: Opened AddOnContent Data TitleID=0100B0401174310D
00:03:19.770 |S| {Common} ServiceNs PrepareAddOnContentImpl: Stubbed. {index: 269}
00:03:19.771 |I| {Fs} Loader OpenDataStorageByDataId: Opened AddOnContent Data TitleID=0100B0401174310D
00:03:19.773 |S| {Common} ServiceNs PrepareAddOnContentImpl: Stubbed. {index: 270}
00:03:19.775 |I| {Fs} Loader OpenDataStorageByDataId: Opened AddOnContent Data TitleID=0100B0401174310E
00:03:19.778 |S| {Common} ServiceNs PrepareAddOnContentImpl: Stubbed. {index: 270}
00:03:19.778 |I| {Fs} Loader OpenDataStorageByDataId: Opened AddOnContent Data TitleID=0100B0401174310E
00:03:19.784 |S| {Common} ServiceNs PrepareAddOnContentImpl: Stubbed. {index: 271}
00:03:19.793 |I| {Fs} Loader OpenDataStorageByDataId: Opened AddOnContent Data TitleID=0100B0401174310F
00:03:19.795 |S| {Common} ServiceNs PrepareAddOnContentImpl: Stubbed. {index: 271}
00:03:19.796 |I| {Fs} Loader OpenDataStorageByDataId: Opened AddOnContent Data TitleID=0100B0401174310F
00:03:19.798 |S| {Common} ServiceNs PrepareAddOnContentImpl: Stubbed. {index: 272}
00:03:19.800 |I| {Fs} Loader OpenDataStorageByDataId: Opened AddOnContent Data TitleID=0100B04011743110
00:03:19.803 |S| {Common} ServiceNs PrepareAddOnContentImpl: Stubbed. {index: 272}
00:03:19.804 |I| {Fs} Loader OpenDataStorageByDataId: Opened AddOnContent Data TitleID=0100B04011743110
00:03:19.806 |S| {Common} ServiceNs PrepareAddOnContentImpl: Stubbed. {index: 273}
00:03:19.810 |I| {Fs} Loader OpenDataStorageByDataId: Opened AddOnContent Data TitleID=0100B04011743111
00:03:19.813 |S| {Common} ServiceNs PrepareAddOnContentImpl: Stubbed. {index: 273}
00:03:19.815 |I| {Fs} Loader OpenDataStorageByDataId: Opened AddOnContent Data TitleID=0100B04011743111
00:03:19.820 |S| {Common} ServiceNs PrepareAddOnContentImpl: Stubbed. {index: 274}
00:03:19.824 |I| {Fs} Loader OpenDataStorageByDataId: Opened AddOnContent Data TitleID=0100B04011743112
00:03:19.826 |S| {Common} ServiceNs PrepareAddOnContentImpl: Stubbed. {index: 274}
00:03:19.827 |I| {Fs} Loader OpenDataStorageByDataId: Opened AddOnContent Data TitleID=0100B04011743112
00:03:19.829 |S| {Common} ServiceNs PrepareAddOnContentImpl: Stubbed. {index: 275}
00:03:19.831 |I| {Fs} Loader OpenDataStorageByDataId: Opened AddOnContent Data TitleID=0100B04011743113
00:03:19.833 |S| {Common} ServiceNs PrepareAddOnContentImpl: Stubbed. {index: 275}
00:03:19.836 |I| {Fs} Loader OpenDataStorageByDataId: Opened AddOnContent Data TitleID=0100B04011743113
00:03:19.838 |S| {Common} ServiceNs PrepareAddOnContentImpl: Stubbed. {index: 276}
00:03:19.839 |I| {Fs} Loader OpenDataStorageByDataId: Opened AddOnContent Data TitleID=0100B04011743114
00:03:19.841 |S| {Common} ServiceNs PrepareAddOnContentImpl: Stubbed. {index: 276}
00:03:19.841 |I| {Fs} Loader OpenDataStorageByDataId: Opened AddOnContent Data TitleID=0100B04011743114
00:03:19.843 |S| {Common} ServiceNs PrepareAddOnContentImpl: Stubbed. {index: 277}
00:03:19.844 |I| {Fs} Loader OpenDataStorageByDataId: Opened AddOnContent Data TitleID=0100B04011743115
00:03:19.847 |S| {Common} ServiceNs PrepareAddOnContentImpl: Stubbed. {index: 277}
00:03:19.849 |I| {Fs} Loader OpenDataStorageByDataId: Opened AddOnContent Data TitleID=0100B04011743115
00:03:19.854 |S| {Common} ServiceNs PrepareAddOnContentImpl: Stubbed. {index: 278}
00:03:19.856 |I| {Fs} Loader OpenDataStorageByDataId: Opened AddOnContent Data TitleID=0100B04011743116
00:03:19.858 |S| {Common} ServiceNs PrepareAddOnContentImpl: Stubbed. {index: 278}
00:03:19.860 |I| {Fs} Loader OpenDataStorageByDataId: Opened AddOnContent Data TitleID=0100B04011743116
00:03:19.861 |S| {Common} ServiceNs PrepareAddOnContentImpl: Stubbed. {index: 279}
00:03:19.863 |I| {Fs} Loader OpenDataStorageByDataId: Opened AddOnContent Data TitleID=0100B04011743117
00:03:19.864 |S| {Common} ServiceNs PrepareAddOnContentImpl: Stubbed. {index: 279}
00:03:19.865 |I| {Fs} Loader OpenDataStorageByDataId: Opened AddOnContent Data TitleID=0100B04011743117
00:03:19.870 |S| {Common} ServiceNs PrepareAddOnContentImpl: Stubbed. {index: 280}
00:03:19.872 |I| {Fs} Loader OpenDataStorageByDataId: Opened AddOnContent Data TitleID=0100B04011743118
00:03:19.873 |S| {Common} ServiceNs PrepareAddOnContentImpl: Stubbed. {index: 280}
00:03:19.874 |I| {Fs} Loader OpenDataStorageByDataId: Opened AddOnContent Data TitleID=0100B04011743118
00:03:19.875 |S| {Common} ServiceNs PrepareAddOnContentImpl: Stubbed. {index: 281}
00:03:19.876 |I| {Fs} Loader OpenDataStorageByDataId: Opened AddOnContent Data TitleID=0100B04011743119
00:03:19.878 |S| {Common} ServiceNs PrepareAddOnContentImpl: Stubbed. {index: 281}
00:03:19.879 |I| {Fs} Loader OpenDataStorageByDataId: Opened AddOnContent Data TitleID=0100B04011743119
00:03:19.883 |S| {Common} ServiceNs PrepareAddOnContentImpl: Stubbed. {index: 282}
00:03:19.888 |I| {Fs} Loader OpenDataStorageByDataId: Opened AddOnContent Data TitleID=0100B0401174311A
00:03:19.890 |S| {Common} ServiceNs PrepareAddOnContentImpl: Stubbed. {index: 282}
00:03:19.891 |I| {Fs} Loader OpenDataStorageByDataId: Opened AddOnContent Data TitleID=0100B0401174311A
00:03:19.893 |S| {Common} ServiceNs PrepareAddOnContentImpl: Stubbed. {index: 283}
00:03:19.895 |I| {Fs} Loader OpenDataStorageByDataId: Opened AddOnContent Data TitleID=0100B0401174311B
00:03:19.896 |S| {Common} ServiceNs PrepareAddOnContentImpl: Stubbed. {index: 283}
00:03:19.897 |I| {Fs} Loader OpenDataStorageByDataId: Opened AddOnContent Data TitleID=0100B0401174311B
00:03:19.899 |S| {Common} ServiceNs PrepareAddOnContentImpl: Stubbed. {index: 284}
00:03:19.901 |I| {Fs} Loader OpenDataStorageByDataId: Opened AddOnContent Data TitleID=0100B0401174311C
00:03:19.903 |S| {Common} ServiceNs PrepareAddOnContentImpl: Stubbed. {index: 284}
00:03:19.904 |I| {Fs} Loader OpenDataStorageByDataId: Opened AddOnContent Data TitleID=0100B0401174311C
00:03:19.905 |S| {Common} ServiceNs PrepareAddOnContentImpl: Stubbed. {index: 285}
00:03:19.906 |I| {Fs} Loader OpenDataStorageByDataId: Opened AddOnContent Data TitleID=0100B0401174311D
00:03:19.908 |S| {Common} ServiceNs PrepareAddOnContentImpl: Stubbed. {index: 285}
00:03:19.909 |I| {Fs} Loader OpenDataStorageByDataId: Opened AddOnContent Data TitleID=0100B0401174311D
00:03:19.911 |S| {Common} ServiceNs PrepareAddOnContentImpl: Stubbed. {index: 286}
00:03:19.914 |I| {Fs} Loader OpenDataStorageByDataId: Opened AddOnContent Data TitleID=0100B0401174311E
00:03:19.918 |S| {Common} ServiceNs PrepareAddOnContentImpl: Stubbed. {index: 286}
00:03:19.920 |I| {Fs} Loader OpenDataStorageByDataId: Opened AddOnContent Data TitleID=0100B0401174311E
00:03:19.924 |S| {Common} ServiceNs PrepareAddOnContentImpl: Stubbed. {index: 287}
00:03:19.925 |I| {Fs} Loader OpenDataStorageByDataId: Opened AddOnContent Data TitleID=0100B0401174311F
00:03:19.926 |S| {Common} ServiceNs PrepareAddOnContentImpl: Stubbed. {index: 287}
00:03:19.933 |I| {Fs} Loader OpenDataStorageByDataId: Opened AddOnContent Data TitleID=0100B0401174311F
00:03:19.938 |S| {Common} ServiceNs PrepareAddOnContentImpl: Stubbed. {index: 288}
00:03:19.939 |I| {Fs} Loader OpenDataStorageByDataId: Opened AddOnContent Data TitleID=0100B04011743120
00:03:19.940 |S| {Common} ServiceNs PrepareAddOnContentImpl: Stubbed. {index: 288}
00:03:19.941 |I| {Fs} Loader OpenDataStorageByDataId: Opened AddOnContent Data TitleID=0100B04011743120
00:03:19.943 |S| {Common} ServiceNs PrepareAddOnContentImpl: Stubbed. {index: 289}
00:03:19.944 |I| {Fs} Loader OpenDataStorageByDataId: Opened AddOnContent Data TitleID=0100B04011743121
00:03:19.948 |S| {Common} ServiceNs PrepareAddOnContentImpl: Stubbed. {index: 289}
00:03:19.952 |I| {Fs} Loader OpenDataStorageByDataId: Opened AddOnContent Data TitleID=0100B04011743121
00:03:19.956 |S| {Common} ServiceNs PrepareAddOnContentImpl: Stubbed. {index: 290}
00:03:19.957 |I| {Fs} Loader OpenDataStorageByDataId: Opened AddOnContent Data TitleID=0100B04011743122
00:03:19.959 |S| {Common} ServiceNs PrepareAddOnContentImpl: Stubbed. {index: 290}
00:03:19.960 |I| {Fs} Loader OpenDataStorageByDataId: Opened AddOnContent Data TitleID=0100B04011743122
00:03:19.963 |S| {Common} ServiceNs PrepareAddOnContentImpl: Stubbed. {index: 291}
00:03:19.964 |I| {Fs} Loader OpenDataStorageByDataId: Opened AddOnContent Data TitleID=0100B04011743123
00:03:19.965 |S| {Common} ServiceNs PrepareAddOnContentImpl: Stubbed. {index: 291}
00:03:19.965 |I| {Fs} Loader OpenDataStorageByDataId: Opened AddOnContent Data TitleID=0100B04011743123
00:03:21.755 |I| Ptc.DiskWriter Ptc Save: Saved Profiling Info (size: 366218 bytes, profiled functions: 83339).
00:03:21.986 |S| {Common} ServiceNs PrepareAddOnContentImpl: Stubbed. {index: 293}
00:03:21.987 |I| {Fs} Loader OpenDataStorageByDataId: Opened AddOnContent Data TitleID=0100B04011743125
00:03:21.989 |S| {Common} ServiceNs PrepareAddOnContentImpl: Stubbed. {index: 293}
00:03:21.990 |I| {Fs} Loader OpenDataStorageByDataId: Opened AddOnContent Data TitleID=0100B04011743125
00:03:21.992 |S| {Common} ServiceNs PrepareAddOnContentImpl: Stubbed. {index: 294}
00:03:21.994 |I| {Fs} Loader OpenDataStorageByDataId: Opened AddOnContent Data TitleID=0100B04011743126
00:03:21.995 |S| {Common} ServiceNs PrepareAddOnContentImpl: Stubbed. {index: 294}
00:03:21.996 |I| {Fs} Loader OpenDataStorageByDataId: Opened AddOnContent Data TitleID=0100B04011743126
00:03:21.997 |S| {Common} ServiceNs PrepareAddOnContentImpl: Stubbed. {index: 295}
00:03:21.998 |I| {Fs} Loader OpenDataStorageByDataId: Opened AddOnContent Data TitleID=0100B04011743127
00:03:21.999 |S| {Common} ServiceNs PrepareAddOnContentImpl: Stubbed. {index: 295}
00:03:22.004 |I| {Fs} Loader OpenDataStorageByDataId: Opened AddOnContent Data TitleID=0100B04011743127
00:03:22.007 |S| {Common} ServiceNs PrepareAddOnContentImpl: Stubbed. {index: 296}
00:03:22.008 |I| {Fs} Loader OpenDataStorageByDataId: Opened AddOnContent Data TitleID=0100B04011743128
00:03:22.009 |S| {Common} ServiceNs PrepareAddOnContentImpl: Stubbed. {index: 296}
00:03:22.009 |I| {Fs} Loader OpenDataStorageByDataId: Opened AddOnContent Data TitleID=0100B04011743128
00:03:22.010 |S| {Common} ServiceNs PrepareAddOnContentImpl: Stubbed. {index: 297}
00:03:22.012 |I| {Fs} Loader OpenDataStorageByDataId: Opened AddOnContent Data TitleID=0100B04011743129
00:03:22.013 |S| {Common} ServiceNs PrepareAddOnContentImpl: Stubbed. {index: 297}
00:03:22.014 |I| {Fs} Loader OpenDataStorageByDataId: Opened AddOnContent Data TitleID=0100B04011743129
00:03:22.015 |S| {Common} ServiceNs PrepareAddOnContentImpl: Stubbed. {index: 298}
00:03:22.016 |I| {Fs} Loader OpenDataStorageByDataId: Opened AddOnContent Data TitleID=0100B0401174312A
00:03:22.020 |S| {Common} ServiceNs PrepareAddOnContentImpl: Stubbed. {index: 298}
00:03:22.020 |I| {Fs} Loader OpenDataStorageByDataId: Opened AddOnContent Data TitleID=0100B0401174312A
00:03:22.026 |S| {Common} ServiceNs PrepareAddOnContentImpl: Stubbed. {index: 299}
00:03:22.029 |I| {Fs} Loader OpenDataStorageByDataId: Opened AddOnContent Data TitleID=0100B0401174312B
00:03:22.036 |S| {Common} ServiceNs PrepareAddOnContentImpl: Stubbed. {index: 299}
00:03:22.038 |I| {Fs} Loader OpenDataStorageByDataId: Opened AddOnContent Data TitleID=0100B0401174312B
00:03:22.040 |S| {Common} ServiceNs PrepareAddOnContentImpl: Stubbed. {index: 300}
00:03:22.041 |I| {Fs} Loader OpenDataStorageByDataId: Opened AddOnContent Data TitleID=0100B0401174312C
00:03:22.042 |S| {Common} ServiceNs PrepareAddOnContentImpl: Stubbed. {index: 300}
00:03:22.043 |I| {Fs} Loader OpenDataStorageByDataId: Opened AddOnContent Data TitleID=0100B0401174312C
00:03:22.805 |S| {Common} ServicePctl IsFreeCommunicationAvailable: Stubbed. 
00:03:26.906 |W| {Nv} ServiceNv Wait: GPU processing thread is too slow, waiting on CPU...
00:03:27.906 |E| {Nv} Gpu WaitOnSyncpoint: Wait on syncpoint 1 for threshold 5205 took more than 1000ms, resuming execution...
00:03:29.549 |I| Application : VSync Mode toggled to: Unbounded
00:03:30.636 |S| {Common} ServicePctl IsFreeCommunicationAvailable: Stubbed. 
00:03:35.655 |S| {Common} ServicePctl IsFreeCommunicationAvailable: Stubbed. 
00:03:39.001 |W| {Nv} ServiceNv Wait: GPU processing thread is too slow, waiting on CPU...
00:03:40.043 |E| {Nv} Gpu WaitOnSyncpoint: Wait on syncpoint 1 for threshold 6340 took more than 1000ms, resuming execution...
00:03:51.757 |I| Ptc.DiskWriter Ptc Save: Saved Profiling Info (size: 366224 bytes, profiled functions: 83340).
00:03:59.323 |S| {Common} ServicePctl IsFreeCommunicationAvailable: Stubbed. 
00:04:04.326 |S| {Common} ServicePctl IsFreeCommunicationAvailable: Stubbed. 
00:04:06.491 |W| {Nv} ServiceNv Wait: GPU processing thread is too slow, waiting on CPU...
00:04:10.867 |S| {Common} ServicePctl IsFreeCommunicationAvailable: Stubbed. 
00:04:11.936 |W| {Nv} ServiceNv Wait: GPU processing thread is too slow, waiting on CPU...
00:04:12.257 |W| GPU.MainThread Gpu Log: Shader translator: Failed to find handle source for bindless access of type "texture2D".
00:04:12.257 |W| GPU.MainThread Gpu Log: Shader translator: Failed to find handle source for bindless access of type "texture2D".
00:04:12.257 |W| GPU.MainThread Gpu Log: Shader translator: Failed to find handle source for bindless access of type "texture2D".
00:04:12.257 |W| GPU.MainThread Gpu Log: Shader translator: Failed to find handle source for bindless access of type "textureCube".
00:04:12.257 |W| GPU.MainThread Gpu Log: Shader translator: Failed to find handle source for bindless access of type "textureCube".
00:04:12.936 |E| {Nv} Gpu WaitOnSyncpoint: Wait on syncpoint 1 for threshold 7320 took more than 1000ms, resuming execution...
00:04:21.911 |I| Ptc.DiskWriter Ptc Save: Saved Profiling Info (size: 366257 bytes, profiled functions: 83349).
00:04:48.274 |I| .NET TP Worker Application PushAsync: [Nextendo] history push skipped (periodique): account not linked
00:06:04.774 |W| GUI.RenderThread Gpu TryGetGraphicsPipeline: Background pipeline compile missed on draw - incorrect pipeline state?
00:06:07.213 |W| GPU.MainThread Gpu Log: Shader translator: Failed to find handle source for bindless access of type "textureCube".
00:06:07.213 |W| GPU.MainThread Gpu Log: Shader translator: Failed to find handle source for bindless access of type "textureCube".
00:06:07.477 |W| {Nv} ServiceNv Wait: GPU processing thread is too slow, waiting on CPU...
00:06:08.769 |W| {Nv} ServiceNv Wait: GPU processing thread is too slow, waiting on CPU...
00:06:09.458 |W| {Nv} ServiceNv Wait: GPU processing thread is too slow, waiting on CPU...
00:06:10.478 |E| {Nv} Gpu WaitOnSyncpoint: Wait on syncpoint 1 for threshold 7451 took more than 1000ms, resuming execution...
00:06:11.509 |W| {Nv} ServiceNv Wait: GPU processing thread is too slow, waiting on CPU...
00:06:12.510 |E| {Nv} Gpu WaitOnSyncpoint: Wait on syncpoint 1 for threshold 7456 took more than 1000ms, resuming execution...
00:06:15.610 |W| {Nv} ServiceNv Wait: GPU processing thread is too slow, waiting on CPU...
00:06:17.895 |W| {Nv} ServiceNv Wait: GPU processing thread is too slow, waiting on CPU...
00:06:19.194 |W| {Nv} ServiceNv Wait: GPU processing thread is too slow, waiting on CPU...
00:06:20.194 |E| {Nv} Gpu WaitOnSyncpoint: Wait on syncpoint 1 for threshold 7583 took more than 1000ms, resuming execution...
00:06:20.905 |W| {Nv} ServiceNv Wait: GPU processing thread is too slow, waiting on CPU...
00:06:21.784 |I| Ptc.DiskWriter Ptc Save: Saved Profiling Info (size: 366486 bytes, profiled functions: 83411).
00:06:22.038 |W| {Nv} ServiceNv Wait: GPU processing thread is too slow, waiting on CPU...
00:06:23.037 |W| {Nv} ServiceNv Wait: GPU processing thread is too slow, waiting on CPU...
00:06:24.770 |S| {Common} ServicePctl IsFreeCommunicationAvailable: Stubbed. 
00:06:26.779 |W| {Nv} ServiceNv Wait: GPU processing thread is too slow, waiting on CPU...
00:06:27.866 |S| {Common} ServicePctl IsFreeCommunicationAvailable: Stubbed. 
00:06:28.294 |S| {Common} ServiceNifm CreateRequest: Stubbed. {version: 2}
00:06:28.317 |S| {Common} ServiceNifm Submit: Stubbed. 
00:06:28.323 |S| {Common} ServiceNifm GetRequestState: Stubbed. 
00:06:28.324 |S| {Common} ServiceNifm GetResult: Stubbed. 
00:06:28.381 |S| .NET TP Worker ServiceAcc EnsureIdTokenCacheAsyncImpl: Stubbed. 
00:06:28.543 |S| {Common} ServiceAcc LoadIdTokenCache: Stubbed. 
00:06:29.201 |S| {Common} ServiceNifm Submit: Stubbed. 
00:06:29.202 |S| {Common} ServiceNifm GetRequestState: Stubbed. 
00:06:29.205 |S| {Common} ServiceNifm GetResult: Stubbed. 
00:06:29.307 |S| {Common} ServiceAcc GetAccountId: Stubbed. {NetworkServiceAccountId: 51966}
00:06:29.346 |I| {Bsd} ServiceBsd .ctor: [DIAG] eventfd CREATED value=0 flags=NonBlocking
00:06:29.601 |I| {Common} ServiceNifm GetCurrentNetworkProfile: Console's local IP is "192.168.1.4".
00:06:29.614 |I| {Bsd} ServiceBsd .ctor: [DIAG] eventfd CREATED value=0 flags=6
00:06:29.623 |S| .NET TP Worker ServiceAcc EnsureIdTokenCacheAsyncImpl: Stubbed. 
00:06:29.629 |S| {Common} ServiceAcc GetAccountId: Stubbed. {NetworkServiceAccountId: 51966}
00:06:29.631 |I| {Bsd} ServiceBsd Poll: [DIAG] Poll with eventfd: 1 fds, timeout=-1
00:06:29.633 |I| {Bsd} ServiceBsd Poll: [DIAG] Poll DEFERRED (timeout=-1) - freeing Bsd thread for eventfd Write IPC
00:06:29.642 |S| {Common} ServiceAcc LoadIdTokenCache: Stubbed. 
00:06:29.724 |I| {Common} ServiceSfdnsres GetAddrInfoRequestImpl: Trying to resolve: t-e1c218b5-lp1.lp1.t.npln.srv.nintendo.net
00:06:29.729 |I| {Common} ServiceBsd MaybeDelayNplnInit: [Nextendo] Retenue de la premiere resolution npln jusqu'a ce que la rafale JIT retombe (au plus 120000 ms).
00:06:33.232 |I| {Common} ServiceBsd MaybeDelayNplnInit: [Nextendo] Retenue npln terminee apres 3500 ms (JIT calme).
00:06:33.312 |I| {Bsd} ServiceBsd : Creating socket with domain=InterNetworkV6, type=Stream, protocol=IP
00:06:33.319 |I| {Bsd} ServiceBsd : Opening socket using host networking stack
00:06:33.330 |I| {Bsd} ServiceBsd : Socket binding to: Tcp/0
00:06:33.334 |I| {Bsd} ServiceBsd Dispose: Socket closed
00:06:33.344 |I| {Bsd} ServiceBsd : Creating socket with domain=InterNetworkV6, type=Stream, protocol=IP
00:06:33.344 |I| {Bsd} ServiceBsd : Opening socket using host networking stack
00:06:33.345 |S| {Common} ServiceNifm Submit: Stubbed. 
00:06:33.353 |S| {Common} ServiceNifm GetRequestState: Stubbed. 
00:06:33.355 |S| {Common} ServiceNifm GetResult: Stubbed. 
00:06:33.359 |W| {Bsd} ServiceBsd SetSocketOption: SetSockOpt Option toléré (option non validée): IpOrigDstAddr Level: IPv6
00:06:33.448 |I| {Bsd} ServiceBsd : [Nextendo] Connect target was 0.0.0.0:443 (lost address) -> substituting ::ffff:127.0.0.1
00:06:33.450 |I| {Bsd} ServiceBsd : Connecting to: Tcp/::ffff:127.0.0.1:443
00:06:33.456 |I| {Bsd} ServiceBsd : [Nextendo] grpc connect completed synchronously (blocked for host completion) -> SUCCESS
00:06:33.477 |I| {Bsd} ServiceBsd Write: [DIAG] Write IPC fd=0 size=8 type=EventFileDescriptor
00:06:33.478 |I| {Bsd} ServiceBsd Write: [DIAG] eventfd WRITE +1 -> value=1 (ReadEvent set, should wake poller)
00:06:33.495 |I| {Bsd} ServiceBsd SendMMsg: [DIAG] Bsd.SendMMsg TLS hs=0x01 len=213 remote=[::ffff:127.0.0.1]:443
00:06:33.495 |I| {Common} ServiceNifm GetCurrentNetworkProfile: Console's local IP is "192.168.1.4".
00:06:33.510 |I| {Bsd} ServiceBsd Poll: [DIAG] Poll with eventfd: 2 fds, timeout=-1
00:06:33.536 |I| {Bsd} ServiceBsd Poll: [DIAG] Poll with eventfd: 2 fds, timeout=-1
00:06:33.537 |I| {Bsd} ServiceBsd Poll: [DIAG] Poll DEFERRED (timeout=-1) - freeing Bsd thread for eventfd Write IPC
00:06:33.539 |I| {Common} ServiceSfdnsres GetHostByNameRequestImpl: Trying to resolve: us-central1-snow-analysis.cloudfunctions.net
00:06:33.670 |I| {Bsd} ServiceBsd : Creating socket with domain=InterNetwork, type=Stream, protocol=IP
00:06:33.670 |I| {Bsd} ServiceBsd : Opening socket using host networking stack
00:06:33.696 |G| HLE.OsThread.18 ServiceLm Log: Guest Log:
  Log level: Info
    Time: 391s
    ProgramName: runtime_il2cpp
    Thread: nn.npln.GrpcDispatcher
    Message: E0101 00:06:31.796983281  435886186480 ssl_transport_security.cc:1442] Handshake

00:06:33.697 |I| {Bsd} ServiceBsd : Connecting to: Tcp/***:443
00:06:33.700 |G| HLE.OsThread.18 ServiceLm Log: Guest Log:
  Log level: Info
    Time: 391s
    ProgramName: runtime_il2cpp
    Thread: nn.npln.GrpcDispatcher
    Message:  failed with fatal error SSL_ERROR_SSL: error:1416F086:SSL routines:tls_process_server_certificate:certificate verify failed.

00:06:33.703 |W| {Bsd} ServiceBsd WriteBsdResult: Operation failed with error EINPROGRESS.
00:06:33.705 |G| HLE.OsThread.18 ServiceLm Log: Guest Log:
  Log level: Info
    Time: 391s
    ProgramName: runtime_il2cpp
    Thread: nn.npln.GrpcDispatcher

00:06:33.723 |I| {Bsd} ServiceBsd Dispose: Socket closed
00:06:33.733 |I| {Bsd} ServiceBsd Poll: [DIAG] Poll with eventfd: 1 fds, timeout=-1
00:06:33.733 |I| {Bsd} ServiceBsd Poll: [DIAG] Poll DEFERRED (timeout=-1) - freeing Bsd thread for eventfd Write IPC
00:06:33.751 |S| {Common} ServiceSsl CreateContext: Stubbed. {sslVersion: 16777217}
00:06:33.807 |S| {Common} ServiceSsl SetOption: Stubbed. {option: DoNotCloseSocket ; value: True}
00:06:33.815 |I| {Common} ServiceSsl SetHostName: us-central1-snow-analysis.cloudfunctions.net
00:06:33.827 |S| {Common} ServiceSsl SetOption: Stubbed. {option: SkipDefaultVerify ; value: False}
00:06:33.841 |S| {Common} ServiceSsl SetVerifyOption: Stubbed. {_verifyOption: PeerCa, HostName}
00:06:33.843 |S| {Common} ServiceSsl SetSessionCacheMode: Stubbed. {sessionCacheMode: SessionId}
00:06:33.844 |S| {Common} ServiceSsl SetOption: Stubbed. {option: EnableAlpn ; value: True}
00:06:33.847 |S| {Common} ServiceSsl SetNextAlpnProto: Stubbed. {inputDataSize: 12}
00:06:33.855 |S| {Common} ServiceSsl SetIoMode: Stubbed. {_ioMode: NonBlocking}
00:06:33.870 |I| {Common} ServiceSsl : [NEXTENDO-SSL-TRACE] AuthenticateAsClient host=us-central1-snow-analysis.cloudfunctions.net
00:06:33.992 |S| {Common} ServiceSsl GetNextAlpnProto: Stubbed. {outputDataSize: 50}
00:06:34.194 |S| {Common} ServiceSsl GetConnectionCount: Stubbed. {_connectionCount: 1}
00:06:34.201 |I| {Bsd} ServiceBsd Dispose: Socket closed
00:06:36.250 |S| {Common} ServicePctl IsFreeCommunicationAvailable: Stubbed. 
00:06:44.388 |S| {Common} ServicePctl IsFreeCommunicationAvailable: Stubbed. 
00:06:49.407 |S| {Common} ServicePctl IsFreeCommunicationAvailable: Stubbed. 
00:06:51.753 |I| Ptc.DiskWriter Ptc Save: Saved Profiling Info (size: 367246 bytes, profiled functions: 83586).
00:06:53.598 |W| {Nv} ServiceNv Wait: GPU processing thread is too slow, waiting on CPU...
00:06:54.603 |E| {Nv} Gpu WaitOnSyncpoint: Wait on syncpoint 1 for threshold 9755 took more than 1000ms, resuming execution...
00:06:56.120 |S| {Common} ServicePctl IsFreeCommunicationAvailable: Stubbed. 
00:07:00.699 |W| {Nv} ServiceNv Wait: GPU processing thread is too slow, waiting on CPU...
00:07:01.001 |W| GUI.RenderThread Gpu TryGetGraphicsPipeline: Background pipeline compile missed on draw - incorrect pipeline state?
00:07:01.700 |E| {Nv} Gpu WaitOnSyncpoint: Wait on syncpoint 1 for threshold 10338 took more than 1000ms, resuming execution...
00:07:22.862 |I| Ptc.DiskWriter Ptc Save: Saved Profiling Info (size: 367279 bytes, profiled functions: 83591).
00:07:32.530 |W| GPU.MainThread Gpu Log: Shader translator: Failed to find handle source for bindless access of type "textureCube".
00:07:32.530 |W| GPU.MainThread Gpu Log: Shader translator: Failed to find handle source for bindless access of type "textureCube".
00:07:32.625 |W| GUI.RenderThread Gpu TryGetGraphicsPipeline: Background pipeline compile missed on draw - incorrect pipeline state?
00:07:32.819 |W| GUI.RenderThread Gpu TryGetGraphicsPipeline: Background pipeline compile missed on draw - incorrect pipeline state?
00:07:35.936 |S| {Common} ServicePctl IsFreeCommunicationAvailable: Stubbed. 
00:07:37.825 |W| {Nv} ServiceNv Wait: GPU processing thread is too slow, waiting on CPU...
00:07:41.335 |S| {Common} ServicePctl IsFreeCommunicationAvailable: Stubbed. 
00:07:48.528 |S| {Common} ServicePctl IsFreeCommunicationAvailable: Stubbed. 
00:07:48.820 |W| {Nv} ServiceNv Wait: GPU processing thread is too slow, waiting on CPU...
00:07:50.116 |W| {Nv} ServiceNv Wait: GPU processing thread is too slow, waiting on CPU...
00:07:51.754 |I| Ptc.DiskWriter Ptc Save: Saved Profiling Info (size: 367310 bytes, profiled functions: 83597).
00:07:53.429 |W| {Nv} ServiceNv Wait: GPU processing thread is too slow, waiting on CPU...
00:07:54.429 |E| {Nv} Gpu WaitOnSyncpoint: Wait on syncpoint 1 for threshold 10928 took more than 1000ms, resuming execution...
00:07:56.494 |W| {Nv} ServiceNv Wait: GPU processing thread is too slow, waiting on CPU...
00:07:58.212 |S| {Common} ServicePctl IsFreeCommunicationAvailable: Stubbed. 
00:08:03.237 |S| {Common} ServicePctl IsFreeCommunicationAvailable: Stubbed. 
00:08:08.300 |S| {Common} ServicePctl IsFreeCommunicationAvailable: Stubbed. 
00:08:13.305 |S| {Common} ServicePctl IsFreeCommunicationAvailable: Stubbed. 
00:08:18.343 |S| {Common} ServicePctl IsFreeCommunicationAvailable: Stubbed. 
00:08:21.751 |I| Ptc.DiskWriter Ptc Save: Saved Profiling Info (size: 367390 bytes, profiled functions: 83609).
00:08:23.748 |S| {Common} ServicePctl IsFreeCommunicationAvailable: Stubbed. 
00:08:28.471 |S| {Common} ServicePctl IsFreeCommunicationAvailable: Stubbed. 
00:08:33.536 |S| {Common} ServicePctl IsFreeCommunicationAvailable: Stubbed. 
00:08:38.693 |S| {Common} ServicePctl IsFreeCommunicationAvailable: Stubbed. 
00:08:41.026 |W| {Nv} ServiceNv Wait: GPU processing thread is too slow, waiting on CPU...
00:08:43.843 |S| {Common} ServicePctl IsFreeCommunicationAvailable: Stubbed. 
00:08:44.074 |S| {Common} ServiceNifm Submit: Stubbed. 
00:08:44.074 |S| {Common} ServiceNifm GetRequestState: Stubbed. 
00:08:44.075 |S| {Common} ServiceNifm GetResult: Stubbed. 
00:08:44.237 |I| {Common} ServiceNifm GetCurrentNetworkProfile: Console's local IP is "192.168.1.4".
00:08:44.274 |I| {Common} ServiceSfdnsres GetHostByNameRequestImpl: Trying to resolve: us-central1-snow-analysis.cloudfunctions.net
00:08:44.306 |I| {Bsd} ServiceBsd : Creating socket with domain=InterNetwork, type=Stream, protocol=IP
00:08:44.306 |I| {Bsd} ServiceBsd : Opening socket using host networking stack
00:08:44.332 |I| {Bsd} ServiceBsd : Connecting to: Tcp/***:443
00:08:44.343 |W| {Bsd} ServiceBsd WriteBsdResult: Operation failed with error EINPROGRESS.
00:08:44.366 |S| {Common} ServiceSsl CreateContext: Stubbed. {sslVersion: 16777217}
00:08:44.374 |S| {Common} ServiceSsl SetOption: Stubbed. {option: DoNotCloseSocket ; value: True}
00:08:44.377 |I| {Common} ServiceSsl SetHostName: us-central1-snow-analysis.cloudfunctions.net
00:08:44.381 |S| {Common} ServiceSsl SetOption: Stubbed. {option: SkipDefaultVerify ; value: False}
00:08:44.384 |S| {Common} ServiceSsl SetVerifyOption: Stubbed. {_verifyOption: PeerCa, HostName}
00:08:44.384 |S| {Common} ServiceSsl SetSessionCacheMode: Stubbed. {sessionCacheMode: SessionId}
00:08:44.388 |S| {Common} ServiceSsl SetOption: Stubbed. {option: EnableAlpn ; value: True}
00:08:44.393 |S| {Common} ServiceSsl SetNextAlpnProto: Stubbed. {inputDataSize: 12}
00:08:44.404 |S| {Common} ServiceSsl SetIoMode: Stubbed. {_ioMode: NonBlocking}
00:08:44.406 |I| {Common} ServiceSsl : [NEXTENDO-SSL-TRACE] AuthenticateAsClient host=us-central1-snow-analysis.cloudfunctions.net
00:08:44.485 |S| {Common} ServiceSsl GetNextAlpnProto: Stubbed. {outputDataSize: 50}
00:08:44.663 |S| {Common} ServiceSsl GetConnectionCount: Stubbed. {_connectionCount: 1}
00:08:44.664 |I| {Bsd} ServiceBsd Dispose: Socket closed
00:08:45.042 |S| {Common} ServiceNifm Submit: Stubbed. 
00:08:45.043 |S| {Common} ServiceNifm GetRequestState: Stubbed. 
00:08:45.043 |S| {Common} ServiceNifm GetResult: Stubbed. 
00:08:45.184 |I| {Common} ServiceNifm GetCurrentNetworkProfile: Console's local IP is "192.168.1.4".
00:08:45.191 |I| {Common} ServiceSfdnsres GetHostByNameRequestImpl: Trying to resolve: us-central1-snow-analysis.cloudfunctions.net
00:08:45.194 |I| {Bsd} ServiceBsd : Creating socket with domain=InterNetwork, type=Stream, protocol=IP
00:08:45.194 |I| {Bsd} ServiceBsd : Opening socket using host networking stack
00:08:45.196 |I| {Bsd} ServiceBsd : Connecting to: Tcp/***:443
00:08:45.197 |W| {Bsd} ServiceBsd WriteBsdResult: Operation failed with error EINPROGRESS.
00:08:45.217 |S| {Common} ServiceSsl CreateContext: Stubbed. {sslVersion: 16777217}
00:08:45.224 |S| {Common} ServiceSsl SetOption: Stubbed. {option: DoNotCloseSocket ; value: True}
00:08:45.258 |I| {Common} ServiceSsl SetHostName: us-central1-snow-analysis.cloudfunctions.net
00:08:45.258 |S| {Common} ServiceSsl SetOption: Stubbed. {option: SkipDefaultVerify ; value: False}
00:08:45.259 |S| {Common} ServiceSsl SetVerifyOption: Stubbed. {_verifyOption: PeerCa, HostName}
00:08:45.261 |S| {Common} ServiceSsl SetSessionCacheMode: Stubbed. {sessionCacheMode: SessionId}
00:08:45.265 |S| {Common} ServiceSsl SetOption: Stubbed. {option: EnableAlpn ; value: True}
00:08:45.272 |S| {Common} ServiceSsl SetNextAlpnProto: Stubbed. {inputDataSize: 12}
00:08:45.274 |S| {Common} ServiceSsl SetIoMode: Stubbed. {_ioMode: NonBlocking}
00:08:45.277 |I| {Common} ServiceSsl : [NEXTENDO-SSL-TRACE] AuthenticateAsClient host=us-central1-snow-analysis.cloudfunctions.net
00:08:45.342 |S| {Common} ServiceSsl GetNextAlpnProto: Stubbed. {outputDataSize: 50}
00:08:45.513 |S| {Common} ServiceSsl GetConnectionCount: Stubbed. {_connectionCount: 1}
00:08:45.514 |I| {Bsd} ServiceBsd Dispose: Socket closed
00:08:48.767 |S| {Common} ServicePctl IsFreeCommunicationAvailable: Stubbed. 
00:08:51.256 |S| {Common} ServiceNifm Submit: Stubbed. 
00:08:51.256 |S| {Common} ServiceNifm GetRequestState: Stubbed. 
00:08:51.256 |S| {Common} ServiceNifm GetResult: Stubbed. 
00:08:51.353 |S| {Common} ServiceAcc CheckAvailability: Stubbed. 
00:08:51.401 |S| {Common} ServiceAcc GetAccountId: Stubbed. {NetworkServiceAccountId: 51966}
00:08:51.468 |I| {Common} ServiceNifm GetCurrentNetworkProfile: Console's local IP is "192.168.1.4".
00:08:51.476 |S| .NET TP Worker ServiceAcc EnsureIdTokenCacheAsyncImpl: Stubbed. 
00:08:51.487 |S| {Common} ServiceAcc GetAccountId: Stubbed. {NetworkServiceAccountId: 51966}
00:08:51.488 |S| {Common} ServiceAcc LoadIdTokenCache: Stubbed. 
00:08:51.496 |I| {Common} ServiceSfdnsres GetAddrInfoRequestImpl: Trying to resolve: t-e1c218b5-lp1.lp1.t.npln.srv.nintendo.net
00:08:51.512 |I| {Bsd} ServiceBsd : Creating socket with domain=InterNetworkV6, type=Stream, protocol=IP
00:08:51.512 |I| {Bsd} ServiceBsd : Opening socket using host networking stack
00:08:51.518 |W| {Bsd} ServiceBsd SetSocketOption: SetSockOpt Option toléré (option non validée): IpOrigDstAddr Level: IPv6
00:08:51.540 |I| {Bsd} ServiceBsd : [Nextendo] Connect target was 0.0.0.0:443 (lost address) -> substituting ::ffff:127.0.0.1
00:08:51.540 |I| {Bsd} ServiceBsd : Connecting to: Tcp/::ffff:127.0.0.1:443
00:08:51.542 |I| {Bsd} ServiceBsd : [Nextendo] grpc connect completed synchronously (blocked for host completion) -> SUCCESS
00:08:51.550 |I| {Bsd} ServiceBsd Write: [DIAG] Write IPC fd=0 size=8 type=EventFileDescriptor
00:08:51.556 |I| {Bsd} ServiceBsd Write: [DIAG] eventfd WRITE +1 -> value=1 (ReadEvent set, should wake poller)
00:08:51.561 |I| {Bsd} ServiceBsd SendMMsg: [DIAG] Bsd.SendMMsg TLS hs=0x01 len=213 remote=[::ffff:127.0.0.1]:443
00:08:51.564 |I| {Bsd} ServiceBsd Poll: [DIAG] Poll with eventfd: 2 fds, timeout=-1
00:08:51.568 |I| {Bsd} ServiceBsd Poll: [DIAG] Poll with eventfd: 2 fds, timeout=-1
00:08:51.568 |I| {Bsd} ServiceBsd Poll: [DIAG] Poll DEFERRED (timeout=-1) - freeing Bsd thread for eventfd Write IPC
00:08:51.711 |G| HLE.OsThread.18 ServiceLm Log: Guest Log:
  Log level: Info
    Time: 529s
    ProgramName: runtime_il2cpp
    Thread: nn.npln.GrpcDispatcher
    Message: E0101 00:08:49.813184895  435886186480 ssl_transport_security.cc:1442] Handshake

00:08:51.712 |G| HLE.OsThread.18 ServiceLm Log: Guest Log:
  Log level: Info
    Time: 529s
    ProgramName: runtime_il2cpp
    Thread: nn.npln.GrpcDispatcher
    Message:  failed with fatal error SSL_ERROR_SSL: error:1416F086:SSL routines:tls_process_server_certificate:certificate verify failed.

00:08:51.713 |G| HLE.OsThread.18 ServiceLm Log: Guest Log:
  Log level: Info
    Time: 529s
    ProgramName: runtime_il2cpp
    Thread: nn.npln.GrpcDispatcher

00:08:51.717 |I| {Bsd} ServiceBsd Dispose: Socket closed
00:08:51.719 |I| {Bsd} ServiceBsd Poll: [DIAG] Poll with eventfd: 1 fds, timeout=-1
00:08:51.719 |I| {Bsd} ServiceBsd Poll: [DIAG] Poll DEFERRED (timeout=-1) - freeing Bsd thread for eventfd Write IPC
00:08:51.754 |I| Ptc.DiskWriter Ptc Save: Saved Profiling Info (size: 367407 bytes, profiled functions: 83613).
00:08:51.907 |I| {Common} ServiceAm .ctor: Applet 'Error' created.
00:08:51.920 |S| {Common} ServiceAm RequestExit: Stubbed. 
00:08:51.948 |I| {Common} ServiceAm : ErrorApplet version: 0x00000000
00:09:48.238 |I| .NET TP Worker Application PushAsync: [Nextendo] history push skipped (periodique): account not linked
00:14:48.237 |I| .NET TP Worker Application PushAsync: [Nextendo] history push skipped (periodique): account not linked
00:14:51.762 |I| Ptc.DiskWriter Ptc Save: Saved Profiling Info (size: 367401 bytes, profiled functions: 83613).
00:17:50.288 |S| {Common} ServicePctl IsFreeCommunicationAvailable: Stubbed. 
00:17:52.180 |I| GPU.MainThread Gpu : Flushing threaded commands...
00:17:52.185 |I| GPU.MainThread Gpu : Flushed!
00:17:52.236 |W| <SaveThread_SerializeManager> KernelSvc : WaitForAddress() = TerminationRequested
00:17:52.236 |W| <MainThread> KernelSvc : WaitForAddress() = TerminationRequested
00:17:52.237 |W| <FileReader> KernelSvc : WaitProcessWideKeyAtomic() = TerminationRequested
00:17:52.237 |W| <NxSystemThread> KernelSvc : WaitSynchronization(handleIndex: 0xFFFFFFFF) = TerminationRequested
00:17:52.237 |W| <LibcurlResolver> KernelSvc : WaitProcessWideKeyAtomic() = TerminationRequested
00:17:52.237 |W| <MessageSuperviseThread> KernelSvc : WaitSynchronization(handleIndex: 0xFFFFFFFF) = TerminationRequested
00:17:52.238 |W| <os.detail.NetworkThread> KernelSvc : WaitProcessWideKeyAtomic() = TerminationRequested
00:17:52.238 |W| <AppletThread> KernelSvc : WaitForAddress() = TerminationRequested
00:17:52.238 |W| <Renderer::DelayEndTask> KernelSvc : WaitSynchronization(handleIndex: 0xFFFFFFFF) = TerminationRequested
00:17:52.238 |W| <Renderer::ParallelExecutor> KernelSvc : WaitForAddress() = TerminationRequested
00:17:52.238 |W| <NetUtilThread> KernelSvc : WaitProcessWideKeyAtomic() = TerminationRequested
00:17:52.238 |W| <RenderStreamingResourceSystem> KernelSvc : WaitForAddress() = TerminationRequested
00:17:52.239 |W| <MovieDispatcher> KernelSvc : WaitForAddress() = TerminationRequested
00:17:52.239 |W| <GameThread> KernelSvc : WaitProcessWideKeyAtomic() = TerminationRequested
00:17:52.239 |W| <StreamingSystem::streaming> KernelSvc : WaitForAddress() = TerminationRequested
00:17:52.239 |W| <HDVibrationThread> KernelSvc : WaitProcessWideKeyAtomic() = TerminationRequested
00:17:52.239 |W| <MovieBuffering> KernelSvc : WaitForAddress() = TerminationRequested
00:17:52.239 |W| <ResourceManager::loadProc> KernelSvc : WaitForAddress() = TerminationRequested
00:17:52.239 |W| <CastAsyncThread> KernelSvc : WaitProcessWideKeyAtomic() = TerminationRequested
00:17:52.240 |W| <SaveThread> KernelSvc : WaitForAddress() = TerminationRequested
00:17:52.240 |W| <AK::IOThread> KernelSvc : WaitProcessWideKeyAtomic() = TerminationRequested
00:17:52.240 |W| <NNFCThread0> KernelSvc : WaitForAddress() = TerminationRequested
00:17:52.240 |W| <JobThread(High)> KernelSvc : WaitForAddress() = TerminationRequested
00:17:52.240 |W| <JobThread(High)> KernelSvc : WaitForAddress() = TerminationRequested
00:17:52.241 |W| <JobThread(Low)> KernelSvc : WaitForAddress() = TerminationRequested
00:17:52.241 |W| <AddOnContent> KernelSvc : WaitForAddress() = TerminationRequested
00:17:52.241 |W| <CompressedFileReader> KernelSvc : WaitForAddress() = TerminationRequested
00:17:52.241 |W| <AK::BankManager> KernelSvc : WaitProcessWideKeyAtomic() = TerminationRequested
00:17:52.242 |W| <ResourceManager::parallelProc> KernelSvc : WaitForAddress() = TerminationRequested
00:17:52.242 |W| <nn.npln.Worker> KernelSvc : WaitSynchronization(handleIndex: 0xFFFFFFFF) = TerminationRequested
00:17:52.244 |W| <nn.npln.Worker> KernelSvc : ArbitrateLock() = TerminationRequested
00:17:52.244 |W| <GetInlineKeyboardImageThread> KernelSvc : WaitForAddress() = TerminationRequested
00:17:52.244 |W| <AK Suspended> KernelSvc : WaitProcessWideKeyAtomic() = TerminationRequested
00:17:52.244 |W| <AK::OpusDecodingThread> KernelSvc : WaitProcessWideKeyAtomic() = TerminationRequested
00:17:52.244 |W| <AK::EventManager> KernelSvc : WaitProcessWideKeyAtomic() = TerminationRequested
00:17:52.244 |W| <nn.npln.Callback> KernelSvc : WaitSynchronization(handleIndex: 0xFFFFFFFF) = TerminationRequested
00:17:52.245 |W| <npln-grpc grpc_global_timer> KernelSvc : WaitProcessWideKeyAtomic() = TerminationRequested
00:17:52.245 |W| <nn.npln.GrpcDispatcher> KernelSvc : SendSyncRequest() = TerminationRequested
00:17:52.245 |W| <CompressionService> KernelSvc : WaitForAddress() = TerminationRequested
00:17:52.246 |W| <npln-grpc default-executor> KernelSvc : WaitProcessWideKeyAtomic() = TerminationRequested
00:17:52.246 |W| <npln-grpc grpc_global_timer> KernelSvc : WaitProcessWideKeyAtomic() = TerminationRequested
00:17:52.246 |W| <npln-grpc resolver-executor> KernelSvc : WaitProcessWideKeyAtomic() = TerminationRequested
00:17:52.463 |I| HLE.OsThread.11 AudioRenderer ReleaseSessionId: Unregistered output (0)
00:17:52.541 |W| GUI.WindowThread ServiceNv Close: Closing channel
00:17:52.541 |W| GUI.WindowThread ServiceNv Close: Closing channel
00:17:54.446 |N| GUI.RenderThread Application ReloadConfig: Loading configuration from: C:\Users\[redacted]\Downloads\MHRise-NPLN-Lab-v0.3-ready\MHRise-NPLN-Lab-v0.3-ready\lab-runtime\Config.json
00:17:55.076 |I| Application FlushNextendoSaveAsync: [Nextendo] close-flush skipped (app=MONSTER HUNTER RISE versionOk=False linked=False)
00:17:55.076 |I| Application PushAsync: [Nextendo] history push skipped (window-close): account not linked
